id,model,name,duration,total_requests,total_requests_mean,total_requests_stdev,total_requests_min,total_requests_p1,total_requests_p25,total_requests_p50,total_requests_p75,total_requests_p99,total_requests_max,e2e_mean,e2e_stdev,e2e_min,e2e_p1,e2e_p25,e2e_p50,e2e_p75,e2e_p99,e2e_max,ttft_mean,ttft_stdev,ttft_min,ttft_p1,ttft_p25,ttft_p50,ttft_p75,ttft_p99,ttft_max,itt_mean,itt_stdev,itt_min,itt_p1,itt_p25,itt_p50,itt_p75,itt_p99,itt_max,tps_mean,tps_stdev,tps_min,tps_p1,tps_p25,tps_p50,tps_p75,tps_p99,tps_max,duration,input_tokens_expected,output_tokens_expected,input_tokens_actual_mean,output_tokens_actual_mean,input_tps_mean,input_tps_stdev,input_tps_min,input_tps_p1,input_tps_p25,input_tps_p50,input_tps_p75,input_tps_p99,input_tps_max,output_tps_mean,output_tps_stdev,output_tps_min,output_tps_p1,output_tps_p25,output_tps_p50,output_tps_p75,output_tps_p99,output_tps_max
garbage_test_data,meta-llama/Llama-3.1-70B-Instruct,128,77.11435795,1330,17.24711241,361.4322036,0,0,0.3521902986,0.3665835664,1.3187485,26.6223881,169.5901666,7.161457794,1.054990207,4.197267294,4.689576387,6.250590563,6.979482174,8.294799328,8.348405123,8.387337208,246.6890215,132.506589,48.15816879,66.66517258,124.2229939,232.5191498,312.7598763,511.6226673,597.3994732,13.85530179,2.0186123,8.250542299,8.805414001,12.09758374,13.65308867,15.88985533,16.30210876,16.47264685,26493.49634,479429.8038,170.9009418,873.0533483,3168.205433,5934.842158,11595.92201,25329.2014,40622.95701,77.11435795,1000,500,1034,500,18866.72014,401503.533,361.4128991,361.4128991,391.3353244,402.1007147,8220.353113,35987.67196,99618.93502,8635.429054,8015.346214,170.9009418,870.3228851,3164.052875,5921.20991,11542.03444,24973.26531,38107.60165
garbage_test_data,meta-llama/Llama-3.1-70B-Instruct,4,71.66975784,90,1.255759789,19.62295755,0,0,0.6465174595,0.649099235,0.6539351366,1.29670986,1.93477117,3.115841852,0.03540497053,3.071272135,3.071272135,3.094944477,3.100618839,3.111946583,3.176272631,3.207823992,44.82847585,19.58498602,25.33054352,25.33054352,32.97758102,38.53416443,48.28047752,92.86952019,125.1029968,6.153493765,0.04258123415,6.045698403,6.045698403,6.130799024,6.13929609,6.152245707,6.2506433,6.320357084,1927.467196,29807.7244,97.57371258,224.2420397,382.5632615,514.8453848,734.3626183,1313.721287,2474.881392,71.66975784,1000,500,1034,500,1356.344755,5346.432414,656.6866507,656.6866507,668.1453885,674.2073642,1338.493291,2010.05574,20345.22549,628.2487602,424.5532706,58.5314336,176.5588754,381.5016442,513.4046446,730.4456807,1281.017843,2161.583654
garbage_test_data,meta-llama/Llama-3.1-70B-Instruct,8,54.39643908,130,2.389862318,72.0103789,0,0,0.6325956502,0.641791328,0.6793999296,2.516657019,28.81633494,3.211140499,0.06528142958,3.088251829,3.088607311,3.16768837,3.17277956,3.305572271,3.312434912,3.312881708,69.68940955,45.67931947,27.21357346,27.52518654,40.26770592,45.55797577,69.95606422,156.5785408,156.7811966,6.29466433,0.06903520438,6.045739971,6.045922965,6.263964162,6.270981982,6.322558275,6.48269768,6.486175055,3670.049985,107278.0806,49.16715536,308.5232708,497.8715018,793.5234198,1349.647457,3386.57526,7921.788687,54.39643908,1000,500,1034,500,2619.236656,61912.78501,654.4724825,654.4724825,665.1537701,1249.077202,1325.778452,3342.925528,30717.49053,1196.235327,1466.347706,49.16715536,308.5232708,496.8327627,790.6416419,1342.704531,3290.193196,6928.852642
garbage_test_data,meta-llama/Llama-3.1-70B-Instruct,16,47.73485994,210,4.399304663,152.8585418,0,0,0.6035755735,0.6093895562,1.147489447,2.428279474,3.017645978,3.421912562,0.1214363867,3.160747766,3.161967278,3.326997519,3.357175112,3.562806845,3.598119259,3.598816156,115.4774064,91.45525335,39.45803642,39.68763351,47.85013199,67.88182259,208.4331512,314.9588108,326.2667656,6.625318832,0.1411996476,6.123652678,6.200496563,6.559878409,6.572457736,6.678365753,7.009923816,7.026569638,6758.372326,182573.1883,32.05512674,295.55488,773.6401451,1359.81752,2567.752195,7213.115853,19475.4128,47.73485994,1000,500,1034,500,4867.560129,145054.4181,618.4801667,618.4801667,628.8208815,1190.819963,1891.248562,3023.434743,81460.38817,2202.859298,2772.513198,29.9202043,283.8090378,765.6107254,1342.135106,2516.203205,6752.943207,14645.36863
garbage_test_data,meta-llama/Llama-3.1-70B-Instruct,2,106.6757867,70,0.6561941737,0.1102480452,0,0,0.6571155252,0.6573058307,0.6574658941,0.6576620226,1.29967117,3.047547521,0.01199966762,3.040370941,3.040370941,3.04158926,3.042490482,3.043678999,3.076591969,3.077413321,31.5185036,12.26057036,24.34444427,24.34444427,25.69556236,26.59010887,27.31180191,61.35416031,62.73555756,6.043625683,0.003061510984,6.036694876,6.036694876,6.042061922,6.043586081,6.04472705,6.045810684,6.057329312,1006.955565,9520.782817,58.17765318,310.6732745,329.0193196,330.9182552,332.8381259,334.8596227,352.2776644,106.6757867,1000,500,1034,500,698.5026217,113.7741612,672.2517786,672.2517786,679.4515984,679.6161533,679.7885129,680.0826742,1355.877253,328.2123744,25.52543745,57.62673115,124.5273871,329.0193196,330.9053584,332.8120333,334.8596227,352.2502134
garbage_test_data,meta-llama/Llama-3.1-70B-Instruct,1,183.1092818,60,0.3276731765,0.04271636574,0,0.3221536059,0.3277432186,0.32781156,0.3279387642,0.328254548,0.3282848135,3.051496967,0.01341433163,3.045303106,3.045303106,3.048998356,3.050000429,3.050853252,3.052661419,3.153387547,49.98899698,13.20583156,44.20638084,44.20638084,47.73855209,48.54106903,49.41082001,51.84984207,150.383234,6.014513428,0.001403637623,6.011706316,6.011706316,6.013601242,6.014261074,6.015682507,6.016779041,6.017340926,503.0644821,3780.837353,33.56298538,166.1811899,166.2300911,166.2728652,166.2886916,166.3252966,166.3473334,183.1092818,1000,500,1034,500,344.7483295,43.73229133,338.4775653,338.4775653,338.8906985,338.9837263,339.0769907,339.4445311,676.7937099,163.971474,17.13950813,33.36146926,36.56349031,166.2270149,166.2706989,166.2886916,166.3252966,166.3408156
garbage_test_data,meta-llama/Llama-3.1-70B-Instruct,64,57.90179777,690,11.91672844,247.4648962,0,0,0.4622403764,0.4862739024,0.9725460007,18.57497653,143.827721,5.004003412,0.4934705138,3.088767052,4.418282747,4.535626411,4.761287689,5.566635132,5.624444485,5.629369259,184.2675593,107.4993281,40.51566124,48.7639904,86.57026291,170.5746651,258.7082386,361.4373207,451.6954422,9.656786741,0.8567433006,6.068814494,8.394632167,8.877651008,9.263122727,10.55394958,10.853195,11.02503364,18301.77868,414607.27,164.7730397,164.7730397,2018.711506,3783.734667,7447.894449,19151.31365,32153.96433,57.90179777,1000,500,1034,500,13018.06391,351558.8323,477.4996181,477.4996181,503.0039171,520.166473,1904.722944,33574.95364,90780.66995,5965.377667,6320.740819,164.7730397,164.7730397,2015.657241,3775.176219,7417.890115,18837.82488,30432.61861
garbage_test_data,meta-llama/Llama-3.1-70B-Instruct,32,47.69047737,370,7.758362264,244.9913725,0,0,0.5259913573,0.5562784618,1.058291646,7.407852744,117.800983,3.981377698,0.2551924231,3.658712149,3.668982267,3.753453493,3.793157101,4.290901661,4.316286325,4.329212904,150.4277049,113.207233,39.17145729,39.53123093,70.90759277,94.0155983,207.0887089,392.6312923,447.7388859,7.675964675,0.3769816238,6.998066912,6.998379866,7.378431504,7.43950345,7.918067351,8.418426246,8.448654282,11918.56064,324899.1199,222.2986395,402.1033709,1241.810705,2237.928464,4404.053429,13589.92842,27715.42052,47.69047737,1000,500,1034,500,8669.608367,295870.6849,561.2855525,561.2855525,577.9712744,582.4581958,1122.615418,27063.06527,73326.99301,3884.798123,4926.100182,219.1839465,397.8026889,1237.711457,2228.94311,4372.717901,13227.81434,25368.77419
,,,,,,,,,,,,,,,,,,,,,,,,,,,,,,,,,,,,,,,,,,,,,,,,,,,,,,,,,,,,,,,,,,,,,,,,
h200_80b_fp8_1000_500_2P6D_tp2,RedHatAI/Qwen3-Next-80B-A3B-Instruct-FP8-dynamic,32,763.735772,5000,6.54545745,9.53744036,0,0.52334134,2.87600214,4.89090025,8.05933578,17.4348589,28.18336,4.87121545,0.23745378,3.87437844,4.20141268,4.75866818,4.94338465,5.0316503,5.13700867,5.25067234,205.237071,59.0669502,147.50433,158.202887,170.731783,183.395147,235.250711,270.008326,294.174671,9.34930013,0.45913204,7.24474414,8.05782077,9.12939045,9.50819839,9.67859027,9.82354065,9.99566644,9872.45968,146920.366,111.507242,818.933313,1765.42688,2613.22458,4034.10399,7795.75563,13110.743,763.735772,1000,500,1008,500,6636.16837,14423.4913,503.227277,535.857919,3028.72545,5192.97872,8764.65337,18273.8596,20292.0971,3273.36196,2314.60114,111.507242,818.671924,1763.88695,2609.15891,4019.69305,7672.1635,12215.7008
h200_80b_fp8_1000_500_2P6D_tp2,RedHatAI/Qwen3-Next-80B-A3B-Instruct-FP8-dynamic,8,2431.05844,4999,2.05589463,2.17338036,0,0.67153991,1.10568374,1.5556538,2.36311065,4.97600444,8.72214274,3.88807301,0.16328067,3.52238536,3.58742976,3.78359532,3.87118411,3.95638156,4.2134254,4.30660057,166.82298,44.1230309,128.204346,131.206274,155.46751,159.463406,164.950371,231.490612,259.818316,7.45636,0.30877144,6.7975416,6.89211685,7.2554467,7.42384762,7.57911115,8.09682586,8.27049397,3100.77251,52925.5061,110.242667,360.415069,601.108525,823.51147,1204.949,2342.04338,4159.56455,2431.05844,1000,500,1008,500,2075.73844,1734.50165,544.502661,684.988248,1116.05792,1576.59316,2388.41548,5089.45784,8764.83507,1028.1076,716.396681,110.242667,360.317033,600.712574,822.421598,1201.28758,2307.49725,3873.4948
h200_80b_fp8_1000_500_2P6D_tp2,RedHatAI/Qwen3-Next-80B-A3B-Instruct-FP8-dynamic,64,436.600612,5000,11.4498236,22.1778632,0,0.37855911,5.10335429,8.41486237,13.9494411,26.2258738,63.376256,5.54574757,0.20788148,4.31197524,4.97588396,5.44493365,5.54818773,5.66516852,5.85483241,5.96117234,232.797228,79.2504934,146.110773,165.699005,186.349869,223.603487,260.788918,290.611506,491.612196,10.6456035,0.38193819,8.29859965,9.51580581,10.4717004,10.6571662,10.8668723,11.2350747,11.3581498,17272.1321,229487.542,103.981555,1250.57597,3060.41659,4632.76401,7212.73505,13737.7784,21151.0508,436.600612,1000,500,1008,500,11660.1532,34211.4229,464.104511,515.327664,5599.47133,9066.41226,16244.9989,20389.6661,39670.2644,5726.83424,3892.63427,103.981555,1248.94315,3057.26491,4625.27999,7184.26445,13515.7676,19601.4295
h200_80b_fp8_1000_500_2P6D_tp2,RedHatAI/Qwen3-Next-80B-A3B-Instruct-FP8-dynamic,16,1327.5845,4999,3.76473212,4.42129909,0,0.61807565,1.98535657,2.8177112,4.34683892,9.17810893,17.1211456,4.23837349,0.21477164,3.52689719,3.73123503,4.10620379,4.26651096,4.36061072,4.59487176,4.76121521,176.814532,35.4389974,129.207373,147.069693,156.908512,162.562132,179.299116,251.234293,266.308784,8.13817904,0.42070166,6.80500329,7.147122,7.88581061,8.20015141,8.37488786,8.84877608,9.13773319,5677.8244,91812.5686,123.317886,530.847127,1040.14695,1494.44673,2269.64502,4460.54204,7608.40396,1327.5845,1000,500,1008,500,3805.72023,5884.00735,525.006238,641.881406,2030.58683,2880.79359,4578.0916,9309.57221,17459.5231,1882.56777,1350.15432,123.317886,530.697717,1039.37988,1492.24154,2262.27788,4394.5502,7100.52578
h200_80b_fp8_5000_2500_2P6D_tp2,RedHatAI/Qwen3-Next-80B-A3B-Instruct-FP8-dynamic,32,3933.06547,5000,1.27076451,2.60675507,0,0.08822326,0.11279818,0.16058875,0.54845527,6.55028392,9.09032668,25.0997947,0.40100072,21.1202135,24.1921468,24.8722937,25.1278062,25.3555398,25.6550753,25.8175788,222.522012,109.810799,185.556173,195.486784,202.268124,205.544233,209.753513,306.746483,426.650047,9.95456598,0.15151509,8.37311376,9.60046857,9.86739691,9.96882976,10.0574344,10.175284,10.2308998,9541.38583,316971.434,100.302404,814.784394,1718.22636,2531.28023,3894.76303,7463.9986,12014.5901,3933.06547,5000,2500,5008,2500,6398.35456,13714.5605,432.823415,443.995431,564.957874,803.867184,2803.05021,33387.9722,45840.0882,3177.07307,2242.63809,100.302404,814.745253,1718.04612,2530.45769,3892.2851,7441.16378,11862.4985
h200_80b_fp8_5000_2500_2P6D_tp2,RedHatAI/Qwen3-Next-80B-A3B-Instruct-FP8-dynamic,8,11854.9348,4999,0.42134353,0.4839796,0,0.1179472,0.17827546,0.27216766,0.48116724,1.12318948,2.13545132,18.9646077,0.3322737,17.9580202,18.0903196,18.7680423,19.0240695,19.210711,19.4379699,19.4660761,194.797258,22.2699551,164.306641,179.370403,188.024759,191.945791,194.716454,208.425283,287.381649,7.51067435,0.13229524,7.11438388,7.15727718,7.43311002,7.53499842,7.61030091,7.69935984,7.70961661,3163.49569,118017.698,131.604801,369.560574,615.181533,843.579987,1233.23999,2368.11067,4002.41449,11854.9348,5000,2500,5008,2500,2113.3932,2524.31092,561.546582,590.76595,892.785205,1356.83246,2410.86676,5629.09939,10724.9129,1053.37497,731.248604,131.604801,369.542203,615.104528,843.263723,1232.46709,2360.99748,3950.45099
h200_80b_fp8_5000_2500_2P6D_tp2,RedHatAI/Qwen3-Next-80B-A3B-Instruct-FP8-dynamic,64,2439.14352,5000,2.04744,3.34616441,0,0.06678264,0.15531902,0.52363032,2.71486354,8.38243853,12.841462,31.0765288,0.53722993,22.5178592,30.1011348,30.8258698,31.0582016,31.3140533,31.6781034,31.9227428,264.127902,275.801327,196.742296,200.210094,214.464664,221.470356,232.166767,341.345787,1334.69701,12.3294838,0.18560642,8.92578091,11.9564144,12.242359,12.3280622,12.4285399,12.5634849,12.6176226,15373.5065,459619.497,85.2707896,1220.89346,2749.83149,4129.14969,6384.02435,12127.4617,17949.0734,2439.14352,5000,2500,5008,2500,10349.1136,20494.9628,391.204816,396.430721,782.894271,2624.2769,13599.8923,43311.2178,62143.9036,5119.04185,3485.55771,85.2707896,1220.4549,2749.16218,4127.49604,6379.42777,12086.8684,17739.4589
h200_80b_fp8_5000_2500_2P6D_tp2,RedHatAI/Qwen3-Next-80B-A3B-Instruct-FP8-dynamic,16,6530.40934,5000,0.75186711,2.52374272,0,0.10464391,0.24976074,0.43449432,0.80157383,2.38289981,5.83352434,21.1933482,0.38720708,13.2685905,20.6507564,21.0378408,21.1975164,21.3326361,21.6221671,21.8807309,204.021083,48.9078337,168.400526,181.041002,191.823483,195.734978,199.85342,264.516115,337.370396,8.39528015,0.19684038,6.96952718,8.18675687,8.33783945,8.40160388,8.4542131,8.56333716,8.66965057,5644.54743,202181.745,118.876088,524.583459,1037.48479,1490.32368,2260.27727,4395.61035,7157.82091,6530.40934,5000,2500,5007.99674,2499.11914,3776.41592,6218.3144,495.873264,525.718649,1249.04512,2174.42664,4029.89816,12027.6767,30627.6784,1879.07004,1888.27798,118.876088,524.52476,1037.36435,1489.85045,2258.67579,4382.46915,7069.05282
h200_80b_fp8_10000_5000_2P6D_tp2,RedHatAI/Qwen3-Next-80B-A3B-Instruct-FP8-dynamic,32,7710.58159,4999,0.64807044,1.04170043,0,0.04596718,0.11453591,0.3056587,0.75766215,2.3702391,5.36699168,49.2157483,0.67597781,40.0294676,47.706378,48.7888677,49.2719831,49.6386886,50.1213248,50.5134499,333.928056,215.432551,279.738903,285.69746,295.283556,298.754215,303.731441,457.288742,656.684875,9.77812828,0.12839765,7.94693288,9.47927971,9.69562175,9.78985451,9.86556626,9.95909216,10.0173678,9726.66106,449566.163,104.04431,829.081748,1751.88782,2584.7295,3977.29213,7596.46077,12128.777,7710.58159,10000,5000,10008,5000,6519.76176,9770.70753,453.862491,462.432124,1149.01385,3052.17087,7639.91746,25180.3616,56518.0729,3240.49209,2280.72388,104.04431,828.962074,1751.59541,2584.25037,3975.85544,7584.00923,12050.3311
h200_80b_fp8_10000_5000_2P6D_tp2,RedHatAI/Qwen3-Next-80B-A3B-Instruct-FP8-dynamic,8,24051.5248,4999,0.20759599,0.18652393,0,0.05824135,0.12127796,0.16283163,0.23638182,0.47203258,0.86211816,38.4886167,0.61353514,36.4234805,36.8319707,38.1009328,38.607321,38.9532158,39.271584,39.3350942,288.951212,50.088081,259.94277,273.68021,282.303572,284.465075,287.698507,296.214104,399.616957,7.6413188,0.12206329,7.22862602,7.30824041,7.56354207,7.66552646,7.7344767,7.79763644,7.80933245,3115.63667,164659.551,129.445627,364.689068,605.896635,830.394365,1214.00721,2330.93985,3925.93321,24051.5248,10000,5000,10008,5000,2080.87635,1918.92369,545.997937,582.834879,1214.55833,1628.55575,2363.30626,4720.50865,8743.92701,1037.99196,722.692008,129.445627,364.685611,605.839859,830.238082,1213.65604,2327.33001,3900.39275
h200_80b_fp8_10000_5000_2P6D_tp2,RedHatAI/Qwen3-Next-80B-A3B-Instruct-FP8-dynamic,64,4584.19663,5000,1.08961295,1.91693191,0,0.03520306,0.05397869,0.20390642,1.39212818,4.79194591,8.78443462,58.3205221,1.15478864,44.4440384,56.2941291,57.6170778,58.2901328,58.9340568,59.7332959,60.6512859,423.398787,521.634525,290.739536,300.743818,307.974577,313.591957,424.107552,621.53101,2383.5578,11.5815359,0.19757278,8.82780836,11.199241,11.4535414,11.5866501,11.7083621,11.8642727,11.9588129,16354.0268,670352.875,88.4786527,1236.1775,2923.23687,4404.6829,6818.14384,12858.5121,18789.0393,4584.19663,10000,5000,10008,5000,11016.906,17043.6609,420.920715,422.495162,540.315052,2040.58411,14219.6943,52979.5453,64374.8621,5448.43644,3693.11684,88.4786527,1235.93011,2922.87119,4403.80126,6814.89929,12835.6077,18671.4996
h200_80b_fp8_10000_5000_2P6D_tp2,RedHatAI/Qwen3-Next-80B-A3B-Instruct-FP8-dynamic,16,13365.7792,4999,0.37364077,0.57173535,0,0.05179755,0.10552519,0.17875054,0.43340852,1.19021247,2.68113034,42.7067942,0.43158471,36.9518335,41.7650392,42.4448071,42.733743,42.9933171,43.3323956,43.558203,300.633154,84.7705206,272.97163,280.189753,286.12709,288.952589,292.415619,361.132383,450.441599,8.4827704,0.0846286,7.33509792,8.29586422,8.43091783,8.48883771,8.54013767,8.60608261,8.64722329,5607.75188,281774.43,119.918665,532.417552,1031.96323,1482.23311,2245.49096,4363.26174,7077.2725,13365.7792,10000,5000,10008,5000,3749.78523,5480.22768,500.141767,518.369085,1055.86501,1793.1307,4339.92478,12035.3401,27677.9096,1868.25422,1336.82115,119.918665,532.40721,1031.86318,1482.0749,2244.76115,4356.96278,7033.42126
h200_80b_fp8_20000_5000_2P6D_tp2,RedHatAI/Qwen3-Next-80B-A3B-Instruct-FP8-dynamic,32,8347.79951,5000,0.59872066,0.93241321,0,0.04925351,0.05971359,0.08485589,0.88367142,2.373254,4.20607681,53.2433766,0.80406083,44.1060042,51.6176515,52.8322065,53.2093682,53.659714,54.2734373,54.7028129,688.812984,412.343851,535.933256,542.12141,555.045128,561.573029,750.851631,1058.84671,1347.85175,10.5127977,0.13628904,8.71056269,10.1927283,10.4406056,10.5114986,10.5959515,10.7129439,10.7738451,14973.8885,839304.4,98.5034108,756.714649,1617.04929,2382.45572,3667.55191,7033.63506,11284.7083,8347.79951,20000,5000,20008,5000,12042.8941,16676.6864,956.517239,990.411758,1193.91168,1697.36056,18360.9648,51386.9292,60068.6544,2993.81967,2124.84515,98.5034108,756.693812,1616.94903,2381.93093,3666.15187,7022.09175,11209.0266
h200_80b_fp8_20000_5000_2P6D_tp2,RedHatAI/Qwen3-Next-80B-A3B-Instruct-FP8-dynamic,8,24576.0855,4999,0.20328705,0.19122702,0,0.05681955,0.10118751,0.15010929,0.24343759,0.48208496,0.875795,39.3214447,0.60135193,37.148735,37.8066645,38.9508727,39.4280517,39.7761497,40.1364825,40.257046,554.574285,76.9452949,515.442848,528.718948,538.691998,542.048693,546.385288,591.044664,852.64039,7.75477192,0.11851089,7.3229514,7.44719886,7.68201402,7.77696037,7.84441757,7.91456452,7.93867513,5083.91707,325498.421,129.295452,356.992425,593.190473,812.859885,1187.8516,2284.18139,3853.06097,24576.0855,20000,5000,20008,5000,4073.868,3690.19765,1098.25068,1141.21342,2021.97833,2998.39877,4876.00328,9690.97911,17641.2863,1016.45815,709.365886,129.295452,356.983387,593.155602,812.72938,1187.50009,2280.75258,3828.45139
h200_80b_fp8_20000_5000_2P6D_tp2,RedHatAI/Qwen3-Next-80B-A3B-Instruct-FP8-dynamic,64,4909.39524,4999,1.018048,1.24573257,0,0.0343624,0.10519841,0.72455313,1.53565508,3.11772769,5.58032208,62.4474407,1.49440555,43.3316965,60.2916234,61.8100049,62.4207411,62.9879198,63.7183647,65.1680367,816.37597,1049.95789,547.615767,557.439327,569.19241,583.782434,857.075214,1160.44116,4613.78598,12.3284357,0.2056326,8.55798625,11.8540257,12.2218388,12.3466085,12.448341,12.5857047,12.7119244,25463.2091,1283728.8,87.0026893,1146.93879,2728.05318,4102.94622,6355.7157,12070.9407,17809.4003,4909.39524,20000,5000,20008,5000,20556.1819,20519.4007,1060.039,1106.82205,2144.9655,15363.239,34395.2522,57696.155,77461.5132,5091.0127,3484.92035,87.0026893,1146.75669,2727.55422,4102.05539,6353.19978,12051.0673,17704.5685
h200_80b_fp8_20000_5000_2P6D_tp2,RedHatAI/Qwen3-Next-80B-A3B-Instruct-FP8-dynamic,16,13804.7041,4999,0.36197806,0.50308759,0,0.05656437,0.11181789,0.23596798,0.45612006,1.05317892,2.25707963,44.0736334,0.48656841,37.1230242,43.1396523,43.7523899,44.060415,44.3756659,44.8020267,45.0962372,578.638902,165.348893,522.413254,534.071445,542.360783,546.178102,554.132462,791.365862,939.189196,8.70056318,0.09041696,7.31790583,8.51744875,8.63900087,8.69956754,8.7626113,8.84250899,8.89327159,9052.7552,548865.651,116.553126,511.251097,1000.11506,1434.50104,2173.3384,4229.91123,6886.83615,13804.7041,20000,5000,20008,5000,7262.02846,8231.94317,1036.6423,1133.2647,2237.02248,4725.94493,9180.05762,21409.8724,48530.0032,1809.97185,1299.47225,116.553126,511.235041,1000.02359,1434.32078,2172.66849,4223.84642,6843.62702
,,,,,,,,,,,,,,,,,,,,,,,,,,,,,,,,,,,,,,,,,,,,,,,,,,,,,,,,,,,,,,,,,,,,,,,,
h200_80b_fp8_1000_500_4P4D_tp4,RedHatAI/Qwen3-Next-80B-A3B-Instruct-FP8-dynamic,32,831.333657,5000,6.0144323,39.5334192,0,0.45224864,2.98632612,5.51649106,8.39404734,9.70602637,10.0978754,5.29850715,0.05183409,4.36578369,5.15444279,5.28077459,5.29840589,5.31905913,5.35544848,5.41880131,185.955955,44.7851973,144.180775,167.581797,172.624588,174.206018,175.979853,279.921293,340.953588,10.2438707,0.10578779,8.40232129,9.92672477,10.2212032,10.2576751,10.2969296,10.3618836,10.3997506,9071.34397,149099.145,103.678029,705.442057,1612.34877,2388.64577,3699.11222,7200.25331,12192.3048,831.333657,1000,500,1008,500,6094.34558,51719.0912,432.352596,473.390163,3004.56487,5564.68496,8497.23435,9798.93532,10138.0685,3007.74004,2166.29845,103.678029,704.925042,1611.33461,2385.56108,3687.55034,7101.17703,11408.2936
h200_80b_fp8_1000_500_4P4D_tp4,RedHatAI/Qwen3-Next-80B-A3B-Instruct-FP8-dynamic,8,2549.45873,5000,1.96002388,4.09735977,0,0.57406079,0.59091425,0.84880712,1.2880875,9.38365028,9.75301591,4.07851828,0.01669859,4.01857281,4.04895616,4.06841183,4.07769251,4.08685684,4.10061646,4.11087418,161.131964,11.2976933,146.09623,154.052496,156.646967,158.793211,164.597988,166.82744,173.220396,7.84935036,0.0249967,7.74297351,7.79306674,7.83093707,7.84901435,7.86673091,7.89106346,7.908888,2955.93035,55000.5636,128.600594,324.75521,549.117549,768.890812,1154.38116,2303.71033,4128.61028,2549.45873,1000,500,1008,500,1978.84717,3209.64919,512.26086,579.029241,594.880986,855.896364,1295.87624,9510.20882,9880.02064,980.083008,726.033229,128.600594,324.642525,548.759772,768.043496,1151.29252,2272.30629,3869.13963
h200_80b_fp8_1000_500_4P4D_tp4,RedHatAI/Qwen3-Next-80B-A3B-Instruct-FP8-dynamic,64,496.217039,5000,10.0722055,82.5643778,0,0.32847146,5.63235752,9.49349944,10.0660558,18.3907465,28.1554546,6.30438869,0.10176341,4.63278389,6.02090597,6.27417231,6.30844378,6.34885859,6.41139007,6.68588448,231.645134,83.3974767,141.317606,172.68014,184.923172,197.5348,257.475615,360.755682,700.923204,12.1672827,0.21525301,8.91172336,11.5599088,12.109444,12.2272022,12.2804307,12.3799817,12.470489,15193.2324,230647.688,89.6563636,1020.8733,2630.14346,4005.63,6301.54605,12413.7173,19356.6515,496.217039,1000,500,1008,500,10247.5503,94219.6891,378.157374,388.065257,5876.0899,9593.18025,10131.5575,18700.3876,26221.1471,5037.54389,3600.47338,89.6563636,1018.35197,2628.14863,4000.18672,6282.61124,12228.2915,18187.3007
h200_80b_fp8_1000_500_4P4D_tp4,RedHatAI/Qwen3-Next-80B-A3B-Instruct-FP8-dynamic,16,1437.9209,5000,3.47654729,10.4971744,0,0.50574206,0.72359401,1.04149746,7.09042254,9.70066123,10.0667806,4.58457736,0.03478426,3.63384199,4.52702165,4.56955409,4.58648205,4.59917378,4.61928105,4.67104769,169.999717,19.9593976,148.803234,158.030987,164.911747,167.184353,170.111895,178.761244,271.726847,8.84426286,0.10901707,2.57138212,8.7292567,8.81897615,8.85259412,8.87842217,8.9096507,8.93162248,5243.1775,91565.22,116.491908,466.613018,946.758653,1369.93575,2094.07384,4162.10813,7156.92297,1437.9209,1000,500,1008,500,3513.20578,19108.523,469.532812,521.793048,727.338957,1047.3982,7158.14551,9819.85133,10154.968,1738.45408,1281.25157,116.491908,466.475013,946.132507,1368.15545,2088.04661,4105.41639,6729.06323
h200_80b_fp8_5000_2500_4P4D_tp4,RedHatAI/Qwen3-Next-80B-A3B-Instruct-FP8-dynamic,32,4389.42477,5000,1.13819014,2.76929407,0,0.07846756,0.0831986,0.09519049,0.09957928,8.76838426,9.48819491,27.9822845,0.34866787,22.8217404,27.3618209,27.7958338,27.9823682,28.1846907,28.4423492,28.6398599,225.197314,96.2500121,191.473722,201.358318,208.549261,214.624166,221.46368,243.180752,339.21361,11.1068833,0.1345129,9.04973005,10.8636373,11.0339299,11.1093458,11.1864216,11.2934898,11.3428477,8545.93437,289413.718,91.6914282,724.279744,1538.71307,2263.77841,3479.43645,6701.29703,10820.1576,4389.42477,5000,2500,5008,2500,5729.84772,13982.0962,390.03432,394.626279,416.800032,476.200563,498.235851,44141.6614,47378.9409,2845.60947,2026.02317,91.6914282,724.157398,1538.34654,2262.89136,3476.94915,6681.1416,10674.5113
h200_80b_fp8_5000_2500_4P4D_tp4,RedHatAI/Qwen3-Next-80B-A3B-Instruct-FP8-dynamic,8,12744.8028,5000,0.39192446,1.31477665,0,0.10046125,0.12121654,0.12436967,0.12812221,0.55735815,9.01962066,20.3911259,0.1312484,19.8915832,20.0656681,20.3081846,20.4117651,20.488106,20.5698755,20.6220593,202.229552,17.2442042,181.353092,189.032078,196.085215,201.083422,204.257011,215.8885,226.711273,8.07850896,0.05167652,7.87922038,7.94834068,8.04671587,8.08678278,8.11729607,8.15041278,8.16888216,2942.6118,118845.939,122.97989,337.379948,565.418033,779.076369,1145.48424,2226.58814,3798.79047,12744.8028,5000,2500,5008,2500,1965.86678,6678.32758,496.52035,503.128932,607.124224,622.738728,641.953469,2786.94845,45350.2883,979.825454,697.865645,122.97989,337.352953,565.346273,778.879707,1144.85966,2220.23268,3750.44573
h200_80b_fp8_5000_2500_4P4D_tp4,RedHatAI/Qwen3-Next-80B-A3B-Instruct-FP8-dynamic,64,2781.8319,5000,1.79557938,4.59829415,0,0.0583797,0.0719971,0.07458081,0.12743489,9.24333961,13.5369561,35.3941452,0.59662115,22.2531037,34.5989165,35.1660635,35.4224591,35.6405346,35.902523,36.2059538,275.904985,239.298661,190.185547,222.082853,231.568336,235.487461,251.4925,343.41526,1173.42806,14.0523886,0.22182867,8.81490797,13.7493942,13.9625404,14.0682455,14.162085,14.2575525,14.3335409,13482.1447,411592.959,74.314172,1011.40212,2406.91713,3605.06425,5581.9993,10664.7504,16216.4535,2781.8319,5000,2500,5008,2500,9064.67027,21210.2275,328.637247,332.40775,360.98375,373.23263,440.73537,46419.2333,69022.757,4489.25969,3111.27106,74.314172,1010.97981,2406.50156,3603.43997,5577.63467,10626.8578,16025.5677
h200_80b_fp8_5000_2500_4P4D_tp4,RedHatAI/Qwen3-Next-80B-A3B-Instruct-FP8-dynamic,16,7312.54384,4999,0.68334633,2.02597928,0,0.0904118,0.09279513,0.10527761,0.14585229,7.14597936,9.02680297,23.3655908,0.23776344,20.4666097,22.7899356,23.2450461,23.3810165,23.5252752,23.66538,23.7701998,209.383697,40.0388723,190.167904,193.101645,200.327396,204.382181,210.638046,225.7967,311.393976,9.26588096,0.09299345,8.11256404,9.03808131,9.215995,9.27180469,9.33092086,9.38486108,9.41759007,5130.72795,195396.336,107.544862,483.824743,939.915691,1350.38764,2048.37759,4013.1541,6606.03125,7312.54384,5000,2500,5008,2500,3431.8223,10201.4263,443.284337,455.595108,464.457639,527.132256,729.840066,36031.5121,45440.35,1708.42034,1239.20891,107.544862,483.793345,939.794757,1350.09542,2047.21599,4002.28405,6529.57545
h200_80b_fp8_10000_5000_4P4D_tp4,RedHatAI/Qwen3-Next-80B-A3B-Instruct-FP8-dynamic,32,9307.17565,5000,0.53636035,1.33428602,0,0.03655015,0.06578488,0.08633942,0.22169901,4.16849269,6.63290467,59.3777255,1.09380895,43.9344196,56.2999551,58.7816167,59.3980751,60.1420052,61.0458071,61.34973,308.094763,177.716656,277.846336,281.476736,288.061619,292.899847,298.05398,322.76392,373.385429,11.8160577,0.21567211,8.72826123,11.2047581,11.6990386,11.821642,11.97005,12.1437821,12.1978407,8049.95664,382639.018,85.9865129,675.029397,1441.0129,2124.05342,3276.83149,6339.61143,10197.8194,9307.17565,10000,5000,10008,5000,5393.35327,13413.7329,365.972499,366.910662,662.235771,864.622703,2222.61422,42025.6804,66658.5061,2681.88854,1932.0562,85.9865129,674.976505,1440.92813,2123.69823,3275.55248,6330.04917,10125.1131
h200_80b_fp8_10000_5000_4P4D_tp4,RedHatAI/Qwen3-Next-80B-A3B-Instruct-FP8-dynamic,8,25955.9427,4999,0.19236443,0.64304013,0,0.04901967,0.05071013,0.06074006,0.09295319,0.48893842,3.57135291,41.5311803,0.33498304,39.3232167,40.727489,41.30757,41.5049355,41.7675264,42.0815282,42.2334034,274.593499,33.8769808,258.987665,261.079311,268.265486,271.898031,277.1945,286.755323,309.664488,8.25280185,0.06617261,7.81196145,8.09243098,8.20871042,8.24808783,8.29970496,8.36255141,8.3914271,2887.04659,156744.459,120.091091,336.239382,559.315213,768.048538,1124.04395,2166.47934,3664.61374,25955.9427,10000,5000,10008,5000,1928.11168,6448.88906,485.349359,490.755361,507.570174,608.050389,930.520263,4896.88805,36021.3317,961.835883,676.513766,120.091091,336.216888,559.267682,767.932417,1123.72328,2163.31062,3640.88889
h200_80b_fp8_10000_5000_4P4D_tp4,RedHatAI/Qwen3-Next-80B-A3B-Instruct-FP8-dynamic,64,6076.0357,4999,0.82191749,1.98450471,0,0.02686142,0.0311065,0.03157572,0.03807677,6.17567749,6.87125602,77.305315,1.53457273,44.0454862,75.522671,76.7210557,77.4328516,77.9148383,78.6452446,79.8107078,367.428135,419.615033,280.254364,301.457882,314.724922,318.887234,323.114395,367.30814,2154.46925,15.3903559,0.29478845,8.75198419,15.0430038,15.2800757,15.423296,15.5168484,15.6454168,15.8643483,12335.9141,543177.714,67.8535165,933.160484,2193.13626,3284.2525,5094.40305,9750.49024,15095.8149,6076.0357,10000,5000,10008,5000,8285.80025,18905.6533,301.006556,302.752701,311.30519,315.972356,381.006815,62003.0996,68540.3772,4109.77949,2888.48034,67.8535165,932.939593,2192.79795,3283.66546,5092.65571,9733.42,15003.2777
h200_80b_fp8_10000_5000_4P4D_tp4,RedHatAI/Qwen3-Next-80B-A3B-Instruct-FP8-dynamic,16,15071.4986,4999,0.33128756,1.08375431,0,0.04317892,0.04593567,0.06545334,0.1422907,0.88719388,6.56411284,48.137602,0.59912982,36.681325,46.5943453,47.8087356,48.1731703,48.5126634,48.9420052,49.2434692,282.870519,70.1866608,267.105579,268.288851,273.898363,277.004719,280.85041,302.361727,319.291592,9.57268594,0.11759003,7.28335011,9.26629856,9.50739584,9.58057951,9.64838048,9.73425214,9.79473711,4972.07419,259291.887,102.123095,467.696699,915.881666,1310.1634,1982.97861,3878.76395,6361.29633,15071.4986,10000,5000,10008,5000,3323.62892,10881.2392,422.014904,432.002537,460.53033,657.14823,1422.52928,8869.19651,66003.4253,1656.47461,1198.72603,102.123095,467.679799,915.7869,1309.97133,1982.32712,3873.15807,6323.05102
h200_80b_fp8_20000_5000_4P4D_tp4,RedHatAI/Qwen3-Next-80B-A3B-Instruct-FP8-dynamic,32,10242.7546,5000,0.48805231,1.06065095,0,0.03645248,0.03776752,0.03815684,0.03910731,3.29595516,3.44407439,65.3449541,1.15152036,44.1804016,63.3522632,64.7582538,65.3339372,65.9295404,66.6626461,67.4214954,588.534091,309.534357,506.509304,510.90312,531.52442,554.192066,599.622011,638.932705,724.508524,12.9536075,0.22264607,8.73282343,12.5603355,12.8420562,12.9573969,13.0740548,13.217089,13.3610155,12205.823,710485.11,80.969156,623.813542,1312.88571,1927.41513,2969.71169,5781.90469,9305.59375,10242.7546,20000,5000,20008,5000,9807.24058,21240.16,726.621066,732.446628,755.489403,763.009308,782.283302,66016.3865,67633.4355,2440.38367,1771.09636,80.969156,623.762117,1312.78016,1927.0766,2968.64143,5772.88235,9243.17767
h200_80b_fp8_20000_5000_4P4D_tp4,RedHatAI/Qwen3-Next-80B-A3B-Instruct-FP8-dynamic,8,27131.3701,4999,0.18417795,0.50897866,0,0.04790088,0.05875739,0.06100173,0.09656381,0.24085494,3.23581636,43.4082852,0.28215558,42.6213236,42.7820749,43.2177672,43.4026797,43.6063728,43.8838394,44.0165515,514.183369,47.6738079,488.732338,496.119261,505.219698,509.315014,514.529228,532.711506,585.353851,8.5803515,0.05537864,8.41057479,8.45612524,8.5419947,8.57975626,8.62081992,8.67485566,8.69896217,4606.00585,299109.227,116.510134,323.764099,537.731282,736.026411,1073.96538,2067.81419,3515.63105,27131.3701,20000,5000,20008,5000,3690.90516,10193.172,951.844883,958.099501,1176.6741,1221.6627,1931.88097,4813.43247,64997.5482,920.906479,647.536504,116.510134,323.747517,537.676676,735.902621,1073.66703,2064.73415,3492.43554
h200_80b_fp8_20000_5000_4P4D_tp4,RedHatAI/Qwen3-Next-80B-A3B-Instruct-FP8-dynamic,64,7116.04885,5000,0.70179395,1.10971303,0,0.02400628,0.04250935,0.06111471,1.23821259,3.17741156,3.3893037,90.5297383,2.11407571,48.6325061,88.8220541,89.9112465,90.3891275,91.1139615,91.8977745,98.3458252,652.307842,800.371853,490.053892,538.012743,553.791523,563.447237,571.235895,640.777826,3875.55861,17.9787388,0.39330537,9.62089882,17.6478434,17.8708787,17.9654857,18.107862,18.2518879,19.014048,17551.6824,960119.255,61.239771,811.764526,1869.32473,2791.06608,4328.12377,8314.88346,13236.5407,7116.04885,20000,5000,20008,5000,14138.0295,22209.9818,553.586988,610.511599,854.878997,1224.99313,25256.048,63634.8732,66986.8895,3509.21353,2505.80996,61.239771,811.602075,1869.11943,2790.55531,4326.3616,8300.76173,13152.236
h200_80b_fp8_20000_5000_4P4D_tp4,RedHatAI/Qwen3-Next-80B-A3B-Instruct-FP8-dynamic,16,16065.7428,4999,0.31103448,0.79421827,0,0.04227752,0.04325768,0.0439963,0.08290203,2.8538019,3.2942544,51.2356954,0.69217759,37.0004144,49.8131611,50.8941822,51.2981322,51.6472335,52.0522597,52.3891799,528.024904,122.492758,492.558718,503.697157,513.18574,517.757416,524.501085,558.25305,592.366695,10.14336,0.13399275,7.30135956,9.86011559,10.0761261,10.1570191,10.2272851,10.3079367,10.3744996,7778.63081,477819.693,97.5142788,432.135174,857.885505,1229.28019,1860.35246,3649.41095,6018.0267,16065.7428,20000,5000,20008,5000,6237.57387,15925.4821,828.709007,845.636466,865.374771,879.961355,1658.56219,57369.4139,65881.9477,1555.22849,1133.96861,97.5142788,432.128352,857.773022,1229.05177,1859.83722,3643.80452,5978.82063
,,,,,,,,,,,,,,,,,,,,,,,,,,,,,,,,,,,,,,,,,,,,,,,,,,,,,,,,,,,,,,,,,,,,,,,,
h200_9b_fp8_1_10000_5000,RedHatAI/Qwen3.5-9B-FP8-dynamic,32,7824.343717,5000,0.6390312314,3.103095533,0,0.0437898868,0.04425561448,0.04435711523,0.04440872663,4.350969354,6.505308251,49.94361664,0.9080723641,27.77372575,49.50666761,49.93407798,49.97858,50.08235574,50.25204706,50.40540338,1213.53927,338.2221812,253.6616325,258.7759495,1102.725267,1250.403404,1399.69182,1562.843323,1725.364208,9.746040252,0.1808935919,5.374479017,9.635172836,9.721997834,9.745359468,9.767681867,9.887100673,9.945272469,9592.331834,448826.6788,101.0432185,814.7588036,1719.440686,2542.976656,3920.500305,7517.078069,12029.57093,7824.343717,10000,5000,10009.9366,5000,6419.047334,17012.76937,451.2710317,451.288137,451.5757158,452.024734,453.0502742,62456.09111,65190.42886,3195.327232,2264.081078,101.0432185,814.658801,1719.288838,2542.466633,3919.371429,7504.871358,11948.3312
h200_9b_fp8_1_10000_5000,RedHatAI/Qwen3.5-9B-FP8-dynamic,8,17702.46129,4999,0.2823901105,5.868965417,0,0.07065085473,0.07069470293,0.07071055535,0.07072961722,0.07078886326,0.07265839729,28.32253912,0.03153721456,27.40685034,28.28969622,28.31753969,28.32227945,28.32728362,28.33711171,28.3542316,923.580691,416.1223546,226.3617516,238.036871,585.5932236,829.7777176,1308.98428,1500.770092,1507.82156,5.48075597,0.08320294325,5.36080374,5.364103111,5.406473178,5.49923074,5.554118283,5.616888854,5.618522968,4238.799181,163428.3323,5.868148689,178.0632846,825.180629,1150.515998,1698.073756,3286.060327,5932.579563,17702.46129,10000,5000,10009.93679,5000,2831.106136,10740.69806,731.9981521,732.5548854,732.9627645,737.8153868,738.4154388,738.8519547,64353.28341,1411.997679,980.8692001,5.647882602,178.0203005,820.7894753,1144.5985,1685.437322,3196.878049,5214.899903
h200_9b_fp8_1_10000_5000,RedHatAI/Qwen3.5-9B-FP8-dynamic,16,11036.71467,4999,0.452852153,4.302483194,0,0.05871157808,0.05903924077,0.05926796537,0.05950875691,0.2892648584,6.593438793,35.20130824,0.3483339509,23.34878469,34.91129875,35.19815898,35.21009612,35.22668076,35.36540699,35.50410271,1258.556148,461.1710399,238.3246422,249.9277592,828.4296989,1458.693981,1568.436384,1700.092316,1849.39456,6.788872365,0.1113169437,4.59623871,6.67080719,6.728480258,6.75051106,6.875973889,6.990410228,6.997341298,6797.593151,298294.5954,5.640246205,537.8437553,1234.259605,1802.453859,2755.202647,5327.227701,8552.979145,11036.71467,10000,5000,10009.93657,5000,4542.686316,14078.45615,612.0296854,612.2783023,612.6857633,616.4975402,617.0517615,42852.09519,66529.94053,2264.364382,1625.614706,5.630232992,537.502343,1233.945594,1801.830565,2753.518268,5314.566522,8473.266082
h200_9b_fp8_1_10000_5000,RedHatAI/Qwen3.5-9B-FP8-dynamic,64,5844.746598,5000,0.8554690809,2.649153584,0,0.02694391942,0.03169738204,0.03176774298,0.03178405722,6.182687078,6.320320906,74.46491664,2.152162753,29.26920652,71.82957697,74.43452501,74.55702281,74.57991886,74.98082614,76.05881381,1193.485557,624.9046417,284.9860191,396.889925,1115.931749,1123.460293,1276.811838,1442.013264,3086.5767,14.65507501,0.41084211,5.766027378,14.11379893,14.65967384,14.68854777,14.69244569,14.7481423,14.83379204,12841.67488,576423.9711,67.82605362,1038.717122,2286.970556,3421.511848,5301.305444,10137.18696,15552.30446,5844.746598,10000,5000,10009.9366,5000,8606.398016,19227.54081,320.4882642,320.493524,320.8686214,320.9758931,321.2938829,62166.54309,63381.02152,4277.724559,2982.76371,67.82605362,1038.572803,2286.895475,3421.063007,5299.723005,10120.26934,15464.52207
h200_9b_fp8_1_1000_500,RedHatAI/Qwen3.5-9B-FP8-dynamic,32,571.3929269,5000,8.75054584,217.3628006,0,0.5497384148,0.5519782657,0.5528807826,0.5567479357,1.107683808,1.663088418,3.642429408,0.04721796204,2.635391951,3.57569313,3.639659643,3.644958258,3.650243282,3.663495779,3.687749386,366.113685,147.4656286,82.1826458,90.27147293,201.5428543,363.1496429,488.1145954,572.6103783,580.9664726,6.564976534,0.3042850193,4.888653994,6.1562821,6.32737347,6.59192349,6.910678141,7.011194267,7.121560569,13215.39846,297346.5481,25.04929468,140.3199625,863.2031282,1913.459854,4485.886631,22469.48571,41527.76238,571.3929269,1000,500,1009.9382,500,8877.16624,246552.3296,619.1985949,619.8496352,624.2512538,641.481706,1284.418822,34396.01043,77114.02169,4376.138857,7218.636896,23.04562637,31.49846424,835.1859817,1852.607774,4277.719531,19065.01818,36314.32035
h200_9b_fp8_1_1000_500,RedHatAI/Qwen3.5-9B-FP8-dynamic,8,1571.357887,5000,3.180688681,50.75405767,0,0.7945632625,0.7969822518,0.7979336652,5.566200721,5.583317819,5.587986035,2.513678917,0.08976010498,2.501511097,2.503493547,2.507641077,2.509016275,2.510682821,2.514077663,2.517202854,154.7852918,86.68446156,72.92175293,74.21183586,158.2319736,160.2413654,162.3318195,167.7162647,173.9807129,4.726841385,0.058739828,4.676724245,4.690663848,4.703554218,4.706153889,4.708932254,4.876168792,4.880273987,4810.844195,118825.623,22.98885797,184.5504306,425.2995336,532.9484117,2870.844627,4234.532055,26436.99637,1571.357887,1000,500,1009.9382,500,3222.602019,25583.66475,656.4637203,801.7594983,804.9361675,807.0503895,1669.953957,5637.178511,109865.6365,1593.059966,1915.361544,3.282942694,26.34033975,425.2133009,461.8260295,2870.563942,3486.536991,7710.117647
h200_9b_fp8_1_1000_500,RedHatAI/Qwen3.5-9B-FP8-dynamic,16,895.4010639,5000,5.58297304,120.1799662,0,0.6996440815,0.7032087399,0.7044272073,0.7063032236,2.111709421,2.821758866,2.853336844,0.02509622224,2.308777809,2.841724634,2.849182844,2.853486776,2.856768131,2.862418175,2.875243187,217.1519243,73.03333397,58.73608589,77.5384903,140.4380798,237.8222942,277.838707,299.1554737,307.5988293,5.282362374,0.1449023477,4.481420249,5.12130657,5.160348927,5.244203464,5.428465191,5.547628135,5.557305349,8435.547473,190973.7639,24.78434339,83.39847691,750.3227191,1656.954438,3254.425822,11625.01109,28855.96211,895.4010639,1000,500,1009.9382,500,5656.338577,128965.61,732.1470984,737.7874286,757.8807198,764.369441,1514.540236,38138.73574,81170.95184,2793.341963,4140.844936,23.24512575,28.15347026,717.4656175,1596.816244,3108.042979,9133.937282,21959.70681
h200_9b_fp8_1_1000_500,RedHatAI/Qwen3.5-9B-FP8-dynamic,64,371.2559888,5000,13.46779621,275.6727145,0,0.4218277738,0.4280473353,0.4303219342,0.4382917599,0.8684980349,199.8524801,4.712605636,0.1146906067,2.80546546,4.482821465,4.717039824,4.723748922,4.729809761,4.75259304,4.847629309,648.4668835,303.8318214,94.55394745,115.0529385,395.4849243,659.507513,930.1581383,1088.032484,1124.258995,8.143624439,0.6400211472,5.085915984,7.155479076,7.574542491,8.122764274,8.659279657,9.124122306,9.23687136,20342.17734,369096.1855,26.76201779,108.2959979,1303.575154,3050.402909,8542.370672,27294.81996,48302.92514,371.2559888,1000,500,1009.9382,500,13699.76842,306880.7862,538.2000038,538.5734611,550.2920223,556.3587785,1116.316812,42075.37608,72265.74776,6736.096001,8991.384446,23.87617622,108.1535804,1274.089915,2970.470255,8184.007805,25784.65574,41859.32136
h200_9b_fp8_1_20000_5000,RedHatAI/Qwen3.5-9B-FP8-dynamic,32,10665.41046,4999,0.4687114496,1.3874006,0,0.0348844421,0.03497686353,0.03526404533,0.03536833885,2.396856083,3.019502963,68.1128208,1.440638183,30.65760994,67.68377948,68.13952279,68.15500903,68.16678119,68.28880191,68.63039207,1756.513986,506.1216583,480.3245068,596.0626602,1679.215431,1844.418049,1852.979898,1862.69331,2338.554621,13.27185808,0.274313277,6.036632417,13.16884709,13.26191318,13.26555337,13.29375091,13.45024602,13.51516722,11723.41854,681097.8152,74.3776971,604.2691889,1257.039793,1846.429688,2847.456891,5572.770394,8990.877599,10665.41046,20000,5000,20009.94499,5000,9406.283887,18594.09551,715.0728549,715.1987443,715.5411181,716.43498,716.6784861,48091.27245,58982.28946,2343.751366,1712.758682,74.3776971,604.1924517,1256.910032,1846.100111,2846.417441,5563.502941,8929.283164
h200_9b_fp8_1_20000_5000,RedHatAI/Qwen3.5-9B-FP8-dynamic,8,20545.25739,4999,0.2433164942,3.019201496,0,0.06096088377,0.06149333496,0.06157961735,0.06211565577,0.06247860367,3.203059563,32.87092046,0.07301326179,32.27315664,32.65131664,32.86217737,32.86997056,32.87768173,32.9945066,33.13675165,1775.505431,762.4740977,480.7460308,542.5825119,1159.454346,1962.58235,2432.210207,2762.107372,2874.005795,6.219758081,0.1529655966,5.944691794,6.000034808,6.088611865,6.232898553,6.38786567,6.46508062,6.467612797,6085.59097,295205.1688,4.821064541,165.5839687,699.2938598,983.3355514,1456.508064,2807.432396,4746.320328,20545.25739,20000,5000,20009.94499,5000,4876.071755,12701.64546,1307.840533,1308.752354,1312.307629,1313.699993,1314.517797,49335.61591,52870.11086,1216.634217,871.1684983,4.727510448,164.9370248,698.3538495,982.0737531,1453.722277,2787.758982,4608.335116
h200_9b_fp8_1_20000_5000,RedHatAI/Qwen3.5-9B-FP8-dynamic,16,13901.22976,4999,0.3596084724,1.756220439,0,0.04949071795,0.04972424074,0.05011840421,0.0503069666,2.452103839,3.01816235,44.35748712,0.6316193369,26.05118299,44.20521975,44.35862947,44.37838054,44.39177036,44.53027606,44.56934214,1772.425497,461.7738802,471.9905853,555.9027195,1660.58445,1960.896015,1973.572254,2133.760929,2143.278837,8.516849959,0.1472270855,5.040833558,8.417083397,8.479650747,8.484699221,8.512851738,8.761214313,8.768693713,8994.350937,523496.3509,114.2532064,483.7654687,982.7957264,1420.299563,2163.399901,4237.584325,6926.143074,13901.22976,20000,5000,20009.94499,5000,7209.265299,16347.30295,1030.294047,1030.411395,1031.021012,1031.681113,1032.08736,49140.94881,57405.91586,1798.154882,1309.867103,114.2532064,483.7291628,982.7050763,1419.99253,2162.468141,4230.197626,6875.908197
h200_9b_fp8_1_20000_5000,RedHatAI/Qwen3.5-9B-FP8-dynamic,64,8709.502047,5000,0.5740856335,1.187717139,0,0.01814349474,0.02339943796,0.02347694178,0.02353300341,2.308565843,2.82321899,111.1111356,3.579674852,30.877074,106.7551296,111.2069695,111.2293055,111.2568898,111.4215586,114.7226431,1635.647626,1267.64095,534.0692997,641.1304474,1421.719074,1574.88966,1583.296299,1592.895031,5868.526697,21.8972125,0.6691728344,6.069782663,21.03866752,21.93136329,21.93678611,21.95161298,21.97897322,22.12060187,14359.36706,817434.1832,45.76314483,706.5876011,1524.93146,2263.317246,3514.659401,6842.03224,11075.59824,8709.502047,20000,5000,20009.945,5000,11528.80482,19735.20533,472.564044,472.596572,472.9309114,473.208175,473.4813136,46236.16369,56445.76528,2870.731436,2092.301404,45.76314483,706.4845594,1524.736289,2262.811141,3513.159529,6830.784639,10998.84905
h200_9b_fp8_1_5000_2500,RedHatAI/Qwen3.5-9B-FP8-dynamic,32,3315.476679,5000,1.508078772,8.640419971,0,0.1014922219,0.10391931,0.1047152658,0.1054631669,13.04097629,14.08354152,21.15715669,0.3600297749,12.70194387,20.78119779,21.08244896,21.16455841,21.19488931,21.50715065,21.60464811,863.453557,280.8382266,125.5013943,132.2271824,751.904726,895.6227303,1043.322563,1195.594311,1346.672535,8.120432892,0.1602805373,5.004403304,7.934896218,8.056154724,8.109282188,8.149245874,8.361692188,8.417268236,11326.52899,409765.3771,119.3258606,741.3050548,1766.766639,2809.312793,4634.590055,9892.226415,16545.57791,3315.476679,5000,2500,5009.9386,2500,7584.627487,19126.55081,541.6105374,542.0154623,542.5626198,544.9669815,546.5041292,66310.49098,69191.55822,3770.513182,3172.760103,119.3258606,741.3050548,1766.587974,2807.432396,4629.474614,9857.353702,16341.44416
h200_9b_fp8_1_5000_2500,RedHatAI/Qwen3.5-9B-FP8-dynamic,8,8261.588668,5000,0.6052104748,11.13517914,0,0.1514194199,0.1515525951,0.1516312445,0.1518920635,0.3031966129,0.3033682026,13.21773846,0.1074467939,13.1671741,13.17758131,13.20809174,13.2132473,13.21804142,13.23121572,13.24908924,468.2837475,223.0547621,109.152317,113.9218807,328.9754391,477.493763,672.9905605,718.4042931,722.7680683,5.101729252,0.08175418169,4.995708134,4.997442798,5.01898042,5.09550353,5.18211807,5.241763549,5.24362682,4546.389431,146384.2208,17.00653208,190.8497065,807.8397535,1201.806304,1849.340388,3679.214035,6955.728027,8261.588668,5000,2500,5009.9386,2500,3037.523995,11664.69729,740.6659933,786.3670482,787.167141,792.5152665,793.2349995,1580.054193,69565.07566,1513.45759,1169.569084,17.00653208,190.7715819,802.8912711,1194.958405,1835.180048,3575.706735,6043.665706
h200_9b_fp8_1_5000_2500,RedHatAI/Qwen3.5-9B-FP8-dynamic,16,4922.54053,5000,1.015735686,11.81883393,0,0.1284010102,0.1288432216,0.1307592076,0.1320684149,0.1334142964,14.32617873,15.69357065,0.2082766548,12.04164839,15.27222848,15.6825881,15.70021844,15.71699977,15.97962236,16.11795068,749.7682894,325.0432328,116.3630486,126.8181801,415.3342247,819.7152615,1027.705431,1214.279413,1321.556568,5.979736841,0.1389933053,4.664501795,5.757711562,5.870511027,5.955286721,6.113587975,6.227574476,6.232407724,7628.297164,245410.4705,28.45119759,381.404383,1231.084238,1929.302668,3111.501484,6457.742879,11335.95676,4922.54053,5000,2500,5009.9386,2500,5100.975939,15571.80512,690.7706566,690.8896874,691.6632613,696.2163758,696.8955531,56948.59763,69778.3236,2539.400643,2132.872028,15.73186503,380.4702467,1230.001173,1927.529412,3106.891852,6418.447739,11042.95505
h200_9b_fp8_1_5000_2500,RedHatAI/Qwen3.5-9B-FP8-dynamic,64,2319.120496,5000,2.155989742,7.142480247,0,0.06798329781,0.08203069979,0.0820539595,0.1627412802,13.09889039,13.52142026,29.52879645,0.7925616417,13.50159049,28.76259303,29.54724431,29.55687499,29.5649116,29.70379281,30.01610446,892.9163786,332.3030344,146.9931602,151.1411667,907.2277546,912.7840996,916.9402122,1063.699961,1519.147396,11.45850306,0.2950254164,5.28208596,11.14212288,11.45830122,11.46249573,11.46891557,11.64979904,11.76502686,16192.9202,537428.185,85.62752805,1099.136268,2624.720901,4152.776238,6759.555197,13724.79511,20832.63576,2319.120496,5000,2500,5009.9386,2500,10864.26639,22221.82188,419.9647444,420.9892453,421.2343255,423.8333603,843.2408894,65958.83679,67632.64577,5390.496868,4103.62195,85.62752805,1099.136268,2624.720901,4152.776238,6754.112721,13684.5155,20585.5411
h200_9b_fp8_2_10000_5000,RedHatAI/Qwen3.5-9B-FP8-dynamic,32,5181.096585,5000,0.9648536595,5.472186795,0,0.06573603578,0.06617268775,0.06635847493,0.0663930492,6.654805027,10.01978968,33.0628458,0.5094443866,20.34542656,32.90097857,33.06619191,33.07788801,33.09028363,33.18296266,33.21585274,1000.98915,274.4151304,186.1965656,195.5013275,1019.36245,1119.721889,1126.917601,1137.049437,1329.604149,6.412511873,0.108158693,3.918401955,6.350664168,6.390819218,6.393776915,6.412961383,6.539337014,6.578661962,14483.39987,598815.0967,152.2986202,1208.0432,2611.009542,3896.052926,5998.567899,11331.50213,16886.02101,5181.096585,10000,5000,10009.93659,5000,9695.453919,25877.09223,680.4437808,680.7344665,681.1691044,683.1096223,683.4435849,95011.64997,100243.7344,4824.603949,3265.196327,152.2986202,1207.935675,2610.71315,3895.156621,5996.016357,11310.56402,16778.85382
h200_9b_fp8_2_10000_5000,RedHatAI/Qwen3.5-9B-FP8-dynamic,8,12877.42688,4999,0.3881210157,7.500103793,0,0.09706870068,0.09720523681,0.09728806332,0.103387,0.1057038172,1.50258509,20.60249996,0.04591476019,20.01906681,20.56653738,20.59184837,20.60315824,20.61103749,20.62180519,20.64404559,551.1709395,266.7644062,167.0355797,172.7519035,365.8828735,554.703474,849.1139412,954.5249939,1016.513348,4.010954213,0.05328757903,3.912077973,3.914702866,3.952669797,4.01146399,4.04925107,4.086971378,4.089064206,5826.099905,233725.1648,9.124677483,480.0484042,1134.465095,1588.184227,2338.883817,4377.564219,7132.922926,12877.42688,10000,5000,10009.93677,5000,3891.28116,14520.66288,998.1917005,1003.545001,1007.359112,1010.881774,1072.917755,11423.48427,98742.42537,1940.74765,1290.658716,9.119677856,388.8467152,1132.282455,1585.20571,2332.506202,4335.944268,6857.118297
h200_9b_fp8_2_10000_5000,RedHatAI/Qwen3.5-9B-FP8-dynamic,16,7651.056856,5000,0.6533737879,7.822973563,0,0.08220402454,0.08437609926,0.08459689355,0.08475478433,0.1097154059,10.14268372,24.39323553,0.228439287,18.23389935,24.25862741,24.37977099,24.38910627,24.42615032,24.49760437,24.58488154,929.8060835,395.5088454,174.3938923,181.7684174,563.5139942,1045.410395,1295.009613,1344.923735,1523.886919,4.69301752,0.08920556764,3.564539469,4.570580263,4.625214079,4.668858033,4.765177803,4.842555292,4.850979542,9807.596837,384366.8381,8.960243066,692.7814953,1787.006465,2638.308387,4033.148468,7588.433403,12061.19821,7651.056856,10000,5000,10009.93659,5000,6555.831256,20809.15802,879.3721852,880.3494442,881.1104973,886.5886199,973.4796868,65740.30968,101030.2309,3267.034734,2263.449779,8.808972151,691.2124092,1786.15093,2636.793494,4029.595078,7565.241256,11917.42973
h200_9b_fp8_2_10000_5000,RedHatAI/Qwen3.5-9B-FP8-dynamic,64,3725.478255,5000,1.342109565,4.544057577,0,0.0422193377,0.04971049999,0.04981459956,0.04992814392,9.4185447,9.774699486,47.41903003,1.313464631,21.67875075,45.61929584,47.46427798,47.48583364,47.50684881,47.67556167,47.99060822,1023.526713,359.8184174,201.8072605,215.9337997,948.9603043,1044.138908,1053.195715,1249.783039,2110.921383,9.279634401,0.2545099461,4.261079944,8.914318531,9.285779542,9.290417091,9.307651955,9.38144663,9.454708048,20147.26882,794818.672,106.4907969,1598.688626,3607.771238,5465.295492,8488.623994,15488.97397,22513.28141,3725.478255,10000,5000,10009.9366,5000,13513.23167,29688.15983,505.7883978,505.841251,506.1757205,507.9335052,508.1403246,94971.24518,98407.30125,6711.310431,4416.433176,106.4907969,1598.462056,3607.477342,5464.612757,8484.858752,15464.10132,22364.48728
h200_9b_fp8_2_1000_500,RedHatAI/Qwen3.5-9B-FP8-dynamic,32,416.9652517,5000,11.99140691,272.5493419,0,0.7525815408,0.7576941753,0.7597407867,0.7706329646,2.284105254,106.5382407,2.657569622,0.03152878236,1.954647303,2.620146036,2.656188488,2.658948898,2.661926746,2.676035166,2.695101023,264.6182088,97.6092858,55.6910038,60.99843979,161.7457867,263.8812065,342.2412872,400.2628326,403.9523602,4.794781032,0.2024265062,3.644158702,4.525900365,4.61672781,4.790946334,5.020086655,5.051397369,5.202903537,18109.66509,378686.5668,44.0795771,192.1260593,1256.532055,3114.582178,6961.500415,25420.02424,52056.96454,416.9652517,1000,500,1009.9382,500,12165.91007,275507.1583,838.433448,841.7586165,847.7836813,878.4374513,1758.021768,66571.37158,109410.0323,5996.823279,8572.891488,39.64707773,111.4143335,1219.274419,3032.757773,6728.829947,23130.35294,43151.27572
h200_9b_fp8_2_1000_500,RedHatAI/Qwen3.5-9B-FP8-dynamic,8,1198.388002,5000,4.167264684,41.06204573,0,1.040593865,1.046019267,1.048778414,7.315080261,7.337786637,7.347927348,1.916995129,0.09912367064,1.90124464,1.90284586,1.90898633,1.9115448,1.913990498,1.917684555,1.928315163,122.1757067,96.65258504,44.54445839,45.35269737,123.947382,126.4045238,128.6790371,133.1684589,138.4940147,3.596469504,0.06522244766,3.5532873,3.563244978,3.57193125,3.576886917,3.581066648,3.735334458,3.740664236,6309.628915,176777.5105,38.84693896,267.4938776,559.688284,832.0380877,3748.73953,4403.931121,42902.94567,1198.388002,1000,500,1009.9382,500,4226.54527,18742.04471,730.7889766,1050.590325,1056.538482,1100.707296,2212.336997,7407.206563,118644.6328,2089.36661,2185.509608,34.74004009,46.60803858,559.5389541,680.8935065,3747.782487,3897.017255,8369.080146
h200_9b_fp8_2_1000_500,RedHatAI/Qwen3.5-9B-FP8-dynamic,16,668.8351727,5000,7.475683404,155.973838,0,0.9344910022,0.9412879944,0.9436649886,0.9477667858,2.830717925,2.840778907,2.130788207,0.01896773814,1.761484385,2.117827177,2.126743078,2.129775524,2.133069277,2.14443469,2.151346684,175.2675605,50.40395448,44.43383217,55.5164814,149.159193,177.8638363,221.8236923,228.8291454,240.3094769,3.918211425,0.09991753717,3.373255949,3.809192138,3.822168511,3.930696744,3.967950722,4.143729239,4.154777718,11288.95703,228845.6493,34.72450906,137.2751195,837.5207668,2134.505852,4536.835046,15887.51515,39881.13409,668.8351727,1000,500,1009.9382,500,7569.791575,161897.4883,976.76492,981.0932948,985.4379651,1030.338499,1041.258325,42894.65002,105060.4395,3738.218236,5314.239427,32.04057874,42.03172694,807.9953766,2039.700438,4350.937759,13508.22544,27200.41505
h200_9b_fp8_2_1000_500,RedHatAI/Qwen3.5-9B-FP8-dynamic,64,267.378437,5000,18.70008812,389.4620426,0,0.5856612752,0.5960843479,0.5981731513,0.60560011,1.201010677,313.4756353,3.391450958,0.07245436436,2.019044161,3.297813416,3.38927412,3.395486116,3.404323101,3.438630581,3.45027709,451.7322368,191.4021677,69.37432289,85.7334137,279.9539566,453.7138939,627.9094219,715.3069973,742.6054478,5.890296335,0.4118929831,3.70671515,5.264990793,5.5546708,5.908324389,6.255077217,6.508310238,6.631687313,28245.02948,453518.9617,41.3883564,150.7928815,2012.993541,5045.289672,13490.10342,34807.50207,56888.82599,267.378437,1000,500,1009.9382,500,19023.63208,365134.9951,726.6436822,727.1243873,739.966155,757.3749154,1515.560391,65244.63319,106645.2274,9353.04156,11057.31531,36.32155321,150.6791206,1963.625468,4915.469353,13086.75195,32768,50264.80757
h200_9b_fp8_2_20000_5000,RedHatAI/Qwen3.5-9B-FP8-dynamic,32,6773.546704,4999,0.7380180898,2.44039827,0,0.05469723091,0.05491180114,0.05531465838,0.05549461381,3.706679228,4.632941649,43.24457408,0.8249667441,21.84151697,42.95875812,43.23823214,43.26847529,43.29358459,43.40563345,43.54572058,1408.61344,352.5683707,360.861063,410.0573063,1412.626743,1506.255865,1527.445078,1544.365406,1734.343767,8.367743628,0.1613658947,4.261681356,8.306891233,8.349745196,8.357189111,8.372561076,8.530749777,8.574418722,18459.77336,977808.9998,117.0867148,941.7155825,1992.543468,2952.608836,4548.712851,8639.375489,13622.83404,6773.546704,20000,5000,20009.94499,5000,14815.89067,28898.61607,1131.58361,1131.735665,1132.443287,1133.865707,1134.466664,74271.24115,91486.84952,3690.486598,2571.00522,117.0867148,941.6022436,1992.246228,2952.062293,4546.674358,8624.118936,13534.07515
h200_9b_fp8_2_20000_5000,RedHatAI/Qwen3.5-9B-FP8-dynamic,8,14440.21059,4999,0.346186087,5.206434909,0,0.08669317376,0.08675414784,0.08678221962,0.08680741515,0.08685634104,0.08723281583,23.10275111,0.03120799396,22.44208598,23.07645154,23.09549236,23.1019609,23.10952282,23.11964536,23.12976837,1246.62365,571.4555236,339.9019241,349.0412235,801.5592098,1319.642544,1681.480408,2096.012354,2105.567932,4.371951738,0.114333367,4.198227341,4.199974631,4.284845016,4.385908023,4.486901685,4.551047729,4.553329232,8658.44636,393241.125,5.896916695,219.6975509,1012.29566,1429.624083,2122.397663,4119.57237,8112.106148,14440.21059,20000,5000,20009.94499,5000,6937.651385,19037.06807,1848.204205,1851.513728,1853.150065,1857.787295,1858.944682,75524.55667,78494.77192,1731.000681,1197.430013,5.889098095,6.97122863,1002.546645,1416.799458,2095.56911,3933.716149,6281.734955
h200_9b_fp8_2_20000_5000,RedHatAI/Qwen3.5-9B-FP8-dynamic,16,9202.623217,4999,0.5431060125,3.553314003,0,0.07296115912,0.07380667056,0.07407476873,0.1163464579,3.745429282,4.765940427,29.35691825,0.3279918577,18.28710318,29.09231138,29.34753966,29.36381173,29.38651538,29.49046946,29.62701893,1453.276333,533.9704437,338.0222321,350.5792618,1150.18177,1715.112925,1820.132256,1935.111523,2109.749556,5.580925676,0.1205307276,3.579176576,5.450802198,5.508421945,5.532764726,5.645035648,5.803322501,5.808534277,13584.14367,702486.3067,172.9988901,681.4135202,1482.576143,2171.508464,3321.252559,6339.656675,10109.63464,9202.623217,20000,5000,20009.94498,5000,10889.56912,24192.24976,1547.400504,1553.276617,1555.991667,1561.237462,2570.738494,75308.98501,85513.44226,2715.748411,1911.794045,172.9988901,681.321276,1482.225566,2170.821851,3319.385902,6326.206476,10019.61774
h200_9b_fp8_2_20000_5000,RedHatAI/Qwen3.5-9B-FP8-dynamic,64,5330.479282,5000,0.9380019573,2.027406577,0,0.0295611455,0.03873581021,0.0388803443,0.03890371417,3.577512265,4.463801555,67.95847757,2.068576806,21.98678946,65.45769668,68.01466203,68.03768253,68.05760098,68.18470716,70.14679122,1307.385682,696.0416118,413.367033,439.0325546,1241.008282,1246.430397,1253.520727,1464.019775,3802.226782,13.33155901,0.3887972791,4.275877062,12.82304362,13.35273473,13.35985614,13.36393721,13.38282526,13.52016643,23462.62571,1191011.436,74.72327709,1126.852218,2508.191323,3763.97659,5833.007175,11139.70993,16730.4564,5330.479282,20000,5000,20009.945,5000,18847.55527,31134.43093,785.2592912,785.4740411,786.6292986,787.1880826,69689.94844,71758.99,88015.83026,4690.659197,3239.16893,74.72327709,1126.663785,2508.066513,3763.097594,5830.71271,11119.42287,16628.65301
h200_9b_fp8_2_5000_2500,RedHatAI/Qwen3.5-9B-FP8-dynamic,32,2290.73635,5000,2.18270428,17.40440114,0,0.1380736546,0.1474247287,0.1482358386,0.1493179806,12.59978311,22.38777035,14.61405115,0.2249025494,9.762248278,14.26777434,14.60608816,14.61930227,14.63573837,14.79805493,15.00229836,700.6137855,290.1437005,96.10366821,104.4914722,491.2791252,777.0423889,883.1253052,1064.715624,1465.067148,5.567382136,0.1335681616,3.731009101,5.278275842,5.495475645,5.538094755,5.651644584,5.80131688,5.808780746,16393.46127,514223.9267,172.647732,995.1962082,2580.55539,4152.776238,6831.114007,14201.93228,22209.86676,2290.73635,5000,2500,5009.9386,2500,10980.9047,28511.46439,777.7249731,778.3769637,782.1302543,787.5487453,790.501158,100627.1425,106746.9789,5457.255425,4326.62159,172.647732,994.8538899,2579.522755,4150.721425,6822.634394,14146.05059,21856.99584
h200_9b_fp8_2_5000_2500,RedHatAI/Qwen3.5-9B-FP8-dynamic,8,6133.409691,5000,0.8152072444,12.50686816,0,0.2038558429,0.2042375688,0.2046633712,0.422934966,0.4307970225,5.395755235,9.812446891,0.04653738245,9.729732752,9.79031992,9.801506519,9.810650349,9.818702936,9.826128483,9.83337307,273.6039723,136.4263933,87.35489845,87.75234222,178.1847477,277.5168419,427.6013374,438.3182526,451.1096478,3.81697022,0.05195840755,3.718053498,3.744895576,3.758340895,3.814410476,3.859334872,3.89202951,3.894467028,6123.001288,206739.9046,18.80187736,513.8818917,1093.120667,1628.223602,2481.361954,4773.895835,7985.419527,6133.409691,5000,2500,5009.9386,2500,4090.912199,13082.49144,1034.977562,1057.551999,1060.243814,1092.36643,2184.545143,2231.349051,100739.0614,2038.299384,1496.799005,16.77459916,513.8189391,1092.266667,1626.66527,2477.489811,4747.372949,7804.06026
h200_9b_fp8_2_5000_2500,RedHatAI/Qwen3.5-9B-FP8-dynamic,16,3524.007788,5000,1.418839089,21.64521708,0,0.1781285768,0.1795980139,0.1809062427,0.1823997281,0.188462255,14.38267346,11.2330603,0.09438618115,8.683888674,11.04285669,11.22614336,11.23463368,11.24171305,11.31269336,11.40262651,491.4338742,249.339779,89.86234665,95.40653229,280.674696,482.7232361,733.2890034,845.7500935,948.7011433,4.298201575,0.1023655024,3.414007319,4.117002674,4.203136085,4.30213637,4.383366983,4.454818903,4.459345422,10656.09511,326942.0299,20.92989288,477.6023685,1748.326277,2738.690173,4401.158447,8965.775783,15102.29831,3524.007788,5000,2500,5009.9386,2500,7126.017328,22534.45989,955.1634892,957.9215807,963.7855256,968.7551667,973.943452,52528.53607,105983.5429,3547.330971,2829.757901,20.61832804,469.1789519,1745.417248,2734.226858,4389.643119,8889.794628,14639.80454
h200_9b_fp8_2_5000_2500,RedHatAI/Qwen3.5-9B-FP8-dynamic,64,1555.177686,5000,3.215066706,13.53591933,0,0.1010129487,0.1196206481,0.1201854309,0.1206830904,20.06210479,21.58607557,19.79055363,0.4756937891,9.828511238,19.50733256,19.7842474,19.80322433,19.82806897,20.0094676,20.49247646,811.5477267,277.9037956,107.0342064,122.5793362,757.7607632,796.6222763,897.2606659,1183.952808,1579.938412,7.594270568,0.1928450234,3.86511149,7.322155986,7.562536676,7.604355429,7.628933245,7.801695507,7.875502133,24147.89621,687909.986,127.4786943,1552.296077,3986.980989,6350.195307,10529.63347,19350.88351,28086.85714,1555.177686,5000,2500,5009.9386,2500,16209.93899,33689.74064,623.2232623,623.4585381,624.7678108,626.6106971,1249.378716,100731.3349,105664.3186,8038.646352,5699.296204,127.4786943,1552.265272,3986.980989,6345.391831,10519.06499,19284.15632,27740.10582
h200_9b_fp8_4_10000_5000,RedHatAI/Qwen3.5-9B-FP8-dynamic,32,3715.972061,5000,1.345542947,12.42979362,0,0.08611467261,0.09400168393,0.09523516727,0.096638084,3.698866698,14.67838333,23.7067474,0.3321594396,15.85097766,23.16177249,23.68865943,23.71625853,23.7421577,23.94640851,24.18093109,610.1850356,377.125957,139.146328,144.6025372,292.7758694,524.4739056,890.7895088,1242.354155,1761.756182,4.619968113,0.09374690141,3.110205467,4.402572905,4.566989486,4.63937516,4.684027397,4.713849417,4.719024373,20198.52103,758230.5354,213.5079277,1634.247415,3656.419718,5513.158777,8505.008657,15388.23571,22261.02387,3715.972061,10000,5000,10009.9366,5000,13526.7404,34464.75885,945.4509176,950.4336386,986.8345333,993.8605513,1006.26362,96267.34989,148851.7758,6728.383195,4357.90249,213.5079277,1633.949661,3655.752878,5511.502399,8500.350803,15359.9093,22092.73475
h200_9b_fp8_4_10000_5000,RedHatAI/Qwen3.5-9B-FP8-dynamic,8,10046.31371,5000,0.4976949901,8.476466552,0,0.1240717516,0.1248698139,0.1262695051,0.1270891415,0.1281781656,6.002092137,16.07269885,0.07565233559,15.61541009,15.81367707,16.05760717,16.0709877,16.08376932,16.18148088,16.30223823,353.0082265,167.3955608,132.0893764,135.5628967,186.1162186,338.6082649,465.8596516,639.3527985,712.3880386,3.144420722,0.03194378285,3.065118124,3.078292432,3.120513028,3.146408748,3.176075479,3.186749134,3.188967395,7471.195001,302838.7002,9.071857556,634.1309935,1461.4045,2051.953826,3011.745394,5498.373144,8592.685331,10046.31371,10000,5000,10009.9366,5000,4990.060911,19890.12391,1269.786126,1277.75541,1287.823936,1294.936865,1300.662483,1310.027933,129671.3294,2488.749686,1589.963531,9.001869351,632.514006,1460.390692,2050.456692,3008.384333,5476.670862,8457.385965
h200_9b_fp8_4_10000_5000,RedHatAI/Qwen3.5-9B-FP8-dynamic,16,5813.526571,5000,0.8600631542,10.55830502,0,0.1083852191,0.114617006,0.1184596526,0.1216641733,2.34388452,8.340980998,18.53353051,0.1896641736,14.65943003,18.00424027,18.52388239,18.53949308,18.5551784,18.72021246,18.89291072,391.3819802,225.5540306,133.0850124,138.2570267,211.9834423,346.6966152,498.4416962,807.4395657,1097.512722,3.628968964,0.05190646982,2.872695396,3.493995852,3.606922509,3.637388149,3.665903803,3.680568048,3.68267504,12910.54303,526951.7881,15.63658198,1132.824711,2393.263957,3509.629898,5318.933015,9828.527041,14963.23668,5813.526571,10000,5000,10009.9366,5000,8631.200189,26116.41462,1143.636126,1155.874082,1176.435928,1220.00484,1254.146415,65968.5292,147931.8532,4300.66541,2829.392481,15.32944216,1131.657645,2392.637189,3508.386682,5315.689287,9806.001349,14846.56787
h200_9b_fp8_4_10000_5000,RedHatAI/Qwen3.5-9B-FP8-dynamic,64,2610.557791,5000,1.915299488,7.680245915,0,0.06004067067,0.06976623883,0.07029726919,0.07098079841,13.76906158,14.60229219,33.21123935,0.8863178516,16.66714954,31.69168377,33.05826139,33.24584103,33.37768054,33.77228284,35.34800243,966.3737215,472.3631046,147.7928162,172.7697849,776.358366,923.5966206,1127.624512,1547.556639,2958.734989,6.449361298,0.1739307454,3.271269689,5.965479805,6.425955887,6.461934152,6.494890191,6.586340957,6.61594583,28753.00344,1008897.881,151.9834514,2192.512936,5164.87479,8002.537577,12539.12302,21342.16669,29535.51823,2610.557791,10000,5000,10009.9366,5000,19295.90621,43167.86057,716.6854973,716.7999755,720.1644717,722.0493821,725.2738947,142084.5267,146826.3089,9577.989637,5966.548903,151.9834514,2191.879654,5164.070845,8000.353211,12532.93669,21298.78567,29324.28414
h200_9b_fp8_4_1000_500,RedHatAI/Qwen3.5-9B-FP8-dynamic,32,322.2491133,5000,15.51594649,316.381471,0,0.9703399182,0.9817814789,0.9846851936,0.9872997356,1.973136429,204.8100005,2.052419552,0.02359307681,1.619760275,2.012670994,2.047743082,2.051699638,2.057730198,2.075103283,2.112119436,202.156462,65.45790662,54.03327942,61.4695549,152.6567936,213.4153843,258.1727505,290.9333706,301.4461994,3.707067393,0.1364869928,3.005623579,3.519967467,3.599670464,3.711879134,3.826865691,3.903563371,3.988205312,23433.18778,430712.2842,37.0232064,248.1983549,1769.748523,4217.924377,9884.455617,32476.69086,54120.05161,322.2491133,1000,500,1009.9382,500,15746.84102,321724.0397,1071.420055,1074.269658,1086.691991,1116.568087,1125.36847,85693.85263,145190.0724,7759.651284,9975.550579,34.46089128,47.88892948,1691.933844,4050.510864,9300.008869,28339.89189,47843.77186
h200_9b_fp8_4_1000_500,RedHatAI/Qwen3.5-9B-FP8-dynamic,8,969.973238,5000,5.149626628,39.35274411,0,1.282102275,1.29340694,1.296975304,9.050753358,9.072764428,9.084782684,1.551480102,0.1012731118,1.536506414,1.539403677,1.544014692,1.545788765,1.547424793,1.550600529,1.564517021,103.3189579,96.7511462,41.40543938,46.10419273,103.3592224,104.7706604,106.4927578,110.9545231,118.4995174,2.901751695,0.05478992967,2.867235688,2.874970197,2.883839942,2.886686631,2.889768394,3.002179171,3.006128128,7798.597058,202731.7955,38.05220231,312.8310017,693.2733884,1374.055364,4663.298602,5472.734864,44240.85117,969.973238,1000,500,1009.9382,500,5223.949345,30802.37805,849.7844851,1298.818053,1306.523924,1354.169916,2725.263079,9157.690823,158878.7266,2582.422598,2575.078236,31.77960464,44.79514701,693.1588167,976.7824872,4663.034408,4727.75202,9892.647227
h200_9b_fp8_4_1000_500,RedHatAI/Qwen3.5-9B-FP8-dynamic,16,536.7168367,5000,9.315899555,169.1456442,0,1.156366087,1.174396758,1.177960866,1.183040035,3.528827183,4.715184542,1.709679189,0.02019056447,1.459571838,1.695854425,1.703734398,1.706544161,1.711862564,1.728669643,1.743121386,136.0300472,37.71547938,41.56017303,53.41625214,112.7912998,151.1487961,165.5097008,178.4322262,193.2048798,3.152975967,0.07404965654,2.769413835,3.069221615,3.08452675,3.134613763,3.187170965,3.30596123,3.330858533,14068.73081,283061.9661,40.98041017,130.6650329,1170.93914,2900.625173,5864.109053,18921.67218,45106.27959,536.7168367,1000,500,1009.9382,500,9434.315768,166129.1979,1193.194748,1220.240243,1235.019999,1268.473019,1283.573532,53781.32033,162326.974,4658.710805,6040.004726,38.43401448,44.46792901,1112.842664,2772.635267,5598.303346,15887.51515,31011.48983
h200_9b_fp8_4_1000_500,RedHatAI/Qwen3.5-9B-FP8-dynamic,64,211.1046381,5000,23.68020636,478.2033962,0,0.711292967,0.7572933402,0.7602464514,0.9072484634,2.296137579,323.9595273,2.674203287,0.06333600196,1.661536217,2.567815781,2.666466951,2.677030563,2.689216137,2.723553658,2.84639287,324.5182295,125.2317238,72.15642929,87.32366562,216.5570259,329.7564983,441.0202503,503.6513805,531.3975811,4.707799302,0.285859956,3.023852805,4.26339912,4.486457141,4.719560753,4.948956216,5.126160945,5.227356014,35780.49239,535237.9759,37.65935887,192.1964899,2935.13226,7403.890556,17512.75157,40126.43569,61651.59241,211.1046381,1000,500,1009.9382,500,24104.53963,406160.4396,892.2846188,895.6571826,910.6479927,928.4813093,965.5712858,95143.8238,149025.8842,11848.33008,12437.19829,34.25403644,49.04600191,2818.752688,7153.446276,16946.477,37375.93768,55141.24088
h200_9b_fp8_4_20000_5000,RedHatAI/Qwen3.5-9B-FP8-dynamic,32,4595.857253,5000,1.087718727,4.095890884,0,0.07799265401,0.08012041413,0.08053029097,0.199514844,5.469288014,7.121518876,29.32837145,0.4938152444,16.66590834,29.11384678,29.32622027,29.34369469,29.3650558,29.48684144,29.60654974,1206.481203,336.0695361,268.6789036,281.9263935,1240.166187,1314.280033,1331.263542,1476.348639,1700.260639,5.624730737,0.1120062905,3.210243165,5.530982762,5.600705293,5.607887372,5.624263996,5.809061192,5.815774208,27207.52952,1311744.014,172.5711926,1362.579326,2951.95038,4416.312256,6790.112987,12702.30199,18520.56204,4595.857253,20000,5000,20009.94499,5000,21844.47533,41969.44591,1664.519704,1667.270704,1670.527096,1673.248199,3966.285779,109615.4072,135318.017,5439.342135,3619.293051,172.5711926,1362.488481,2951.66489,4415.290202,6786.796426,12679.87531,18398.31227
h200_9b_fp8_4_20000_5000,RedHatAI/Qwen3.5-9B-FP8-dynamic,8,10968.52961,5000,0.4558496148,5.640840933,0,0.1137903471,0.1143309854,0.1162352464,0.1172647893,0.1194281985,5.856167099,17.54814034,0.1800174278,16.40759134,16.93685842,17.52655888,17.54703569,17.57495904,17.86618352,18.14681649,694.5731203,341.4882256,251.9955635,255.6052208,367.5985336,648.8711834,946.9087124,1299.231052,1314.904213,3.371216343,0.06681589962,3.213687619,3.251912141,3.318862978,3.380107317,3.443440906,3.457342918,3.460100494,11401.55984,563564.9967,6.374184676,565.5198131,1330.04341,1874.580546,2762.842955,5082.189682,7971.588212,10968.52961,20000,5000,20009.945,5000,9135.548451,25673.50681,2401.152209,2410.546334,2427.730661,2441.739461,2453.639305,101315.8491,112557.1624,2279.40522,1489.157558,6.362805317,563.3104315,1329.366937,1873.576527,2760.434998,5066.553989,7873.265508
h200_9b_fp8_4_20000_5000,RedHatAI/Qwen3.5-9B-FP8-dynamic,16,6708.605453,5000,0.7451623195,5.969475611,0,0.0945730887,0.09868498727,0.09912130862,0.09980693256,5.496552782,7.518196337,21.39307772,0.3429419637,15.12643957,20.34112787,21.38592887,21.40006995,21.41791582,21.54194808,22.5476017,1237.859242,510.1432965,254.6944618,259.4742775,822.2253323,1510.437012,1666.080952,1744.445324,2146.59524,4.031383037,0.109103785,2.906451919,3.855443664,3.947778901,3.979358513,4.115635167,4.224220641,4.230179389,18638.23741,869287.2245,7.973093531,803.0874395,2025.808997,3017.940931,4627.893898,8659.487479,13532.99091,6708.605453,20000,5000,20009.94519,5000,14944.44164,35302.56901,2095.259826,2106.385146,2112.535822,2119.962735,2122.738907,110678.4513,116012.5775,3726.165185,2561.274035,7.929535473,802.4318392,2024.983359,3016.416997,4624.417368,8636.908765,13403.48505
h200_9b_fp8_4_20000_5000,RedHatAI/Qwen3.5-9B-FP8-dynamic,64,3519.221712,5000,1.42048453,3.27478776,0,0.04455405368,0.05842175146,0.05878998845,0.7414152581,5.355150735,6.477649559,44.83191568,1.246519826,16.53241181,43.30678129,44.86138034,44.8798511,44.92645001,45.19415855,45.68381929,1139.936732,400.2931645,278.9299488,302.4482727,1053.853989,1123.777866,1269.963503,1356.841326,2608.576775,8.73917991,0.2403505787,3.251302049,8.446524396,8.723224347,8.760311194,8.764617513,8.84706303,8.921124883,35532.56504,1655865.646,112.9700605,1677.627634,3822.568922,5802.055627,9027.480162,16263.13536,23560.85824,3519.221712,20000,5000,20009.94499,5000,28560.80729,46552.16214,1194.012954,1195.059032,1196.243536,1271.215613,105036.4664,107119.7759,133737.263,7103.687164,4635.067187,112.9700605,1677.39035,3822.1787,5801.069232,9023.437262,16236.91698,23411.00512
h200_9b_fp8_4_5000_2500,RedHatAI/Qwen3.5-9B-FP8-dynamic,32,1690.123283,5000,2.958364224,23.53179801,0,0.1918759727,0.197989593,0.2011487765,0.2054771415,15.1957626,33.08175982,10.77596109,0.1719229721,8.036423206,10.51378608,10.72331333,10.77817583,10.80461121,11.03559613,11.09167671,514.4677949,214.9081374,80.47175407,83.08553696,376.1208057,527.4410248,660.351038,792.6766872,919.2214012,4.106033854,0.09357829739,3.116972592,3.970683885,4.049095262,4.098234772,4.163658204,4.27636732,4.280641681,22218.67518,625476.8282,236.1000037,1317.220945,3600.260944,5769.331499,9457.280722,18295.76445,27639.56507,1690.123283,5000,2500,5009.9386,2500,14890.88389,42288.62299,1041.764193,1047.49641,1049.242824,1084.343425,1093.052719,148490.8722,158513.2164,7396.423713,5503.667722,236.1000037,1316.639345,3600.260944,5765.366323,9446.630631,18211.13305,27235.74026
h200_9b_fp8_4_5000_2500,RedHatAI/Qwen3.5-9B-FP8-dynamic,8,4857.373572,5000,1.02936287,17.81097222,0,0.2568417902,0.2578920373,0.2584552619,0.261501605,0.5207727837,0.5239830419,7.770909878,0.06168233304,7.573302984,7.640070438,7.756358862,7.769922733,7.780094385,7.835726023,7.895774364,221.1740952,100.7278725,71.04659081,73.63820076,142.0845985,222.0191956,285.3021622,356.3601971,374.3212223,3.021009194,0.03595624506,2.957942821,2.963225142,2.991240327,3.022551393,3.051546585,3.07885262,3.08206817,7731.79222,234431.407,23.88791005,649.0721139,1405.597855,2087.771454,3158.361446,6043.665706,10407.70223,4857.373572,5000,2500,5009.9386,2500,5165.830379,21848.84196,1293.386507,1323.267934,1330.478923,1335.912716,1340.789582,2679.894189,153242.004,2573.85334,1831.58082,23.56840467,325.471848,1399.967957,2080.507937,3141.881741,5936.100806,9608.943872
h200_9b_fp8_4_5000_2500,RedHatAI/Qwen3.5-9B-FP8-dynamic,16,2744.818453,5000,1.821614102,25.855855,0,0.229029348,0.2335888702,0.2360236864,0.2386286391,0.4715062893,12.56389027,8.747838182,0.06520268275,7.169646502,8.637043953,8.741554499,8.748941898,8.75556922,8.788361549,8.88358593,297.6239857,152.6829776,71.73371315,76.89070702,179.5272827,273.5137939,412.7912521,561.7229939,633.0795288,3.381314826,0.06393546563,2.80570316,3.246738416,3.336633287,3.391413939,3.430381018,3.46865612,3.473171381,13681.29042,420442.1312,28.62589074,835.6851963,2299.508772,3572.660988,5685.613906,11325.75338,17697.48523,2744.818453,5000,2500,5009.9386,2500,9150.271112,30310.93598,1207.865214,1221.992321,1232.493415,1239.669581,1246.951261,76047.83978,155092.354,4554.394899,3408.097455,27.97060432,830.5552475,2297.485571,3568.01281,5675.648173,11259.87651,17338.773
h200_9b_fp8_4_5000_2500,RedHatAI/Qwen3.5-9B-FP8-dynamic,64,1142.075427,5000,4.377994553,21.7960007,0,0.1369706496,0.1579630406,0.1589460089,0.1618433712,29.50493824,33.2409038,14.52385371,0.3654021586,8.044412374,13.7727313,14.46663547,14.53842402,14.65691233,14.79636908,15.23689914,698.4516646,244.548084,90.75593948,107.5098515,574.1980076,735.4683876,855.8654785,1023.489714,1329.596043,5.532108284,0.1442257085,3.128351236,5.295858425,5.481910973,5.527076267,5.587471061,5.723839619,5.773558622,32883.40173,833455.4089,173.2181383,2041.023844,5504.335958,9013.928544,14513.80347,25420.02424,35746.90909,1142.075427,5000,2500,5009.9386,2500,22087.99341,48567.96637,832.1135384,832.2532079,835.0878033,838.4629569,841.1990311,149267.7287,157669.9534,10946.62802,7293.883001,173.2181383,2040.031128,5504.335958,9007.861533,14513.16263,25327.92271,35266.01259
h200_9b_fp8_8_10000_5000,RedHatAI/Qwen3.5-9B-FP8-dynamic,32,3513.482671,5000,1.42252018,10.46221431,0,0.09050380121,0.09522001995,0.09679012829,0.1206371261,11.63403972,18.74348226,22.40874215,0.3954936038,15.62191343,21.50596023,22.37099409,22.41949296,22.49526072,22.85019255,23.29719234,637.9080597,318.6377641,117.4242496,128.4894943,382.8527927,664.1626358,818.251133,1209.214449,1654.508352,4.354481726,0.08134735682,3.01573877,4.150053863,4.322942387,4.352527228,4.406370337,4.451891832,4.464950483,21354.03301,781124.5937,224.9849569,1667.390782,3858.145958,5844.415903,9046.687073,16170.7723,23350.78715,3513.482671,10000,5000,10009.93657,5000,14302.10774,42551.55375,978.6337498,980.9784133,986.9450345,991.7779142,1261.540176,119003.3674,188862.0726,7113.298882,4586.94852,224.9849569,1666.740252,3857.373711,5842.648416,9040.893104,16138.42729,23172.90061
h200_9b_fp8_8_10000_5000,RedHatAI/Qwen3.5-9B-FP8-dynamic,8,9343.528328,5000,0.5351297523,9.275769294,0,0.1329547767,0.1353207545,0.1360055459,0.136461833,0.1370642521,7.340116411,14.94832513,0.06629559089,14.54952526,14.71065331,14.93434858,14.94682002,14.95863175,15.04753065,15.0687871,282.5288826,132.4985041,111.6085052,114.739418,159.1248512,273.004055,373.8605976,519.5381641,602.1294594,2.933630378,0.02485539475,2.866767077,2.871633983,2.913661851,2.934902042,2.956195029,2.965787907,2.968465264,8033.100649,326554.3089,11.27900002,760.7929982,1574.75842,2212.396667,3243.549363,5882.85543,9195.213275,9343.528328,10000,5000,10009.9366,5000,5365.415477,23020.30713,1354.868574,1368.909063,1382.260344,1385.524241,1389.683682,1399.630347,148292.3784,2675.927575,1689.515864,11.1944827,743.7561281,1573.336882,2210.296732,3239.033915,5854.480895,9009.889347
h200_9b_fp8_8_10000_5000,RedHatAI/Qwen3.5-9B-FP8-dynamic,16,5480.270469,5000,0.9123637287,11.49033889,0,0.1151229209,0.1221839856,0.1271747651,0.1317300327,1.24637881,8.11765685,17.47199015,0.1742525075,13.61872053,17.11391664,17.45393991,17.47753692,17.50355673,17.63086653,17.7551403,331.6532192,168.2639509,112.5481129,117.0139313,203.3867836,312.2720718,434.0553284,603.6398411,853.3184528,3.428575978,0.04224140968,2.686849807,3.326177025,3.409075913,3.43337515,3.455865142,3.471192514,3.476548896,13695.57059,551640.1484,11.76874723,1212.053294,2544.62283,3733.498165,5650.184308,10422.82303,15638.57039,5480.270469,10000,5000,10009.9366,5000,9155.844281,30628.4928,1209.94972,1213.703902,1248.398187,1305.419667,1353.153085,63575.36912,183756.9997,4562.168035,2973.773035,11.70592734,1211.019599,2544.025097,3732.186288,5646.664565,10399.27407,15519.6391
h200_9b_fp8_8_10000_5000,RedHatAI/Qwen3.5-9B-FP8-dynamic,64,2472.966855,5000,2.020649808,7.842258512,0,0.06347138014,0.07247412836,0.08316321535,0.1998431769,16.4471545,18.47702874,31.46422209,0.7856785816,15.64348364,30.37106729,31.37007427,31.50817084,31.60112858,32.31064343,32.43949604,699.6551713,300.7017899,135.4296207,143.8910961,613.1119728,676.1059761,841.370821,1228.850365,1778.498411,6.153440682,0.1482292433,3.095701185,5.958766312,6.130422871,6.163851312,6.188052634,6.258143881,6.285315825,30333.60787,1045721.504,160.2559048,2318.097685,5460.255286,8503.041047,13242.15642,22400.74735,30911.4882,2472.966855,10000,5000,10009.93656,5000,20356.5023,49926.53392,735.2943228,735.3980521,739.0585283,850.3490066,2015.728645,176231.2605,186202.6922,10104.50902,6228.038089,160.2559048,2317.495835,5459.402252,8500.636873,13235.37051,22355.71963,30669.92935
h200_9b_fp8_8_1000_500,RedHatAI/Qwen3.5-9B-FP8-dynamic,32,304.1489625,5000,16.43602772,340.7310473,0,0.9519830408,1.038302002,1.046608376,1.051293067,2.105368728,230.4562637,1.936157877,0.03129354325,1.567969084,1.88540411,1.924178123,1.930627108,1.94713068,1.962278128,2.089973211,182.885874,53.7648805,58.79282951,66.87664986,137.2373104,194.621563,229.9599648,248.3568192,313.0085468,3.512632562,0.1093319293,2.874716489,3.360372746,3.429538023,3.515544062,3.609230619,3.683695096,3.76066464,24829.57931,438343.6378,33.32065429,93.05373386,1949.026022,4626.070588,11030.77768,34239.21633,53888.27409,304.1489625,1000,500,1009.9382,500,16686.24947,331644.6654,1016.059091,1119.87864,1133.954949,1162.114596,1174.397585,87656.16289,175248.5041,8222.051508,10266.89292,31.37992848,40.74236257,1844.919358,4414.628463,10285.51559,29399.3271,48977.13287
h200_9b_fp8_8_1000_500,RedHatAI/Qwen3.5-9B-FP8-dynamic,8,899.614392,5000,5.555713847,56.48828699,0,1.384196617,1.395655215,1.398101333,9.760077336,9.780084956,9.786337453,1.438893929,0.1210118184,1.424815416,1.429680109,1.431442499,1.432529449,1.433856964,1.436502218,1.442377567,97.49179044,108.5709452,46.88477516,49.82852936,95.61944008,96.94266319,98.80805016,103.7974358,110.4037762,2.687792419,0.05395639305,2.644336295,2.660413543,2.673361249,2.67585676,2.677943281,2.768086049,2.77127436,8409.63542,180241.0336,37.75658937,284.6246077,747.914408,1321.665039,5057.730922,6847.843265,41312.52345,899.614392,1000,500,1009.9382,500,5633.244473,30541.76022,817.8406752,1396.976375,1409.699016,1441.549051,2926.36911,9874.820104,189724.6126,2784.761462,2901.440488,31.73992402,41.11941806,747.7810661,956.5117446,5056.8598,5489.926702,11953.12143
h200_9b_fp8_8_1000_500,RedHatAI/Qwen3.5-9B-FP8-dynamic,16,501.3152969,5000,9.971768328,208.2621578,0,1.2295519,1.257233364,1.259131796,1.262815869,2.525481186,3.795726181,1.596614073,0.0207267747,1.373323679,1.588967562,1.591691256,1.592811108,1.594352007,1.624264717,1.631169558,123.78646,30.47765321,47.20067978,55.41062355,106.3027382,110.8911037,145.169735,149.1088867,178.0488491,2.950842328,0.05478771202,2.58278799,2.895229087,2.899614747,2.975665496,2.978341135,3.077861541,3.082652369,15062.67087,284227.3213,26.23079425,78.07496068,1097.98534,2890.62991,6329.432596,22231.29329,40272.77544,501.3152969,1000,500,1009.9382,500,10100.80012,181903.5621,1269.371937,1279.343823,1301.645533,1336.867085,1352.704914,5347.64161,194339.7903,4987.843499,6668.132683,25.2611089,38.94505005,1045.439681,2721.806619,5960.993427,17858.61033,33156.55336
h200_9b_fp8_8_1000_500,RedHatAI/Qwen3.5-9B-FP8-dynamic,64,196.6198227,5000,25.42978592,492.7221769,0,0.7817873525,0.8105262609,0.8147247424,0.8185574644,1.636316892,347.3256045,2.487396019,0.05531230749,1.583693743,2.392124414,2.482637405,2.494979858,2.505939722,2.522810221,2.566872597,280.5864089,93.59892043,77.44860649,90.2338028,204.2770386,293.2286263,365.8628464,405.4706097,432.1594238,4.421401088,0.2239015982,2.896052802,4.094162064,4.235037821,4.41969086,4.604478637,4.751954146,4.824484995,38416.85083,552097.6505,38.11258331,205.3615354,3368.918876,8322.495033,18888.65751,41885.86641,65032.71191,196.6198227,1000,500,1009.9382,500,25885.87283,429865.7322,933.3938168,933.6646866,941.659429,962.2515555,970.131725,108562.3344,185892.0318,12721.33218,13039.43071,34.77546824,43.8831124,3189.472996,7962.000573,18089.20931,39269.38792,57740.72433
h200_9b_fp8_8_20000_5000,RedHatAI/Qwen3.5-9B-FP8-dynamic,32,4299.518423,4999,1.162688354,4.912915206,0,0.07433077028,0.08353733502,0.08399681805,0.08446174422,6.865160282,8.885973721,27.4375469,0.5746358444,16.30110812,26.00539947,27.37873769,27.4451251,27.51715589,28.08667088,28.95703888,992.6653747,426.4931843,230.2005291,236.1521721,929.0909767,1030.252934,1107.692242,1673.831463,2540.524244,5.289374044,0.1156600332,3.055906315,4.978445535,5.268721324,5.283795111,5.304923032,5.440471696,5.444091376,29083.08736,1367057.04,184.4802146,1431.614496,3155.136764,4732.38331,7284.607834,13516.35041,19575.66623,4299.518423,20000,5000,20009.94499,5000,23351.76551,49766.61339,1708.602546,1719.439516,1728.789613,1739.446732,1750.013804,137921.5524,147836.8649,5814.304544,3841.356239,184.4802146,1431.404466,3154.556214,4731.252406,7280.914103,13491.8621,19432.98487
h200_9b_fp8_8_20000_5000,RedHatAI/Qwen3.5-9B-FP8-dynamic,8,10182.8685,5000,0.4910207766,5.058835201,0,0.1227729549,0.1264766908,0.1274220666,0.1287721337,0.1304408173,6.742484379,16.29080412,0.1659247856,15.42030406,15.7651763,16.27231693,16.28724003,16.31562662,16.57247996,16.79438233,466.6715754,222.3745255,215.7907486,221.6825485,252.7625561,417.4702168,605.9992313,929.2626381,1078.854561,3.165252876,0.04165308043,3.019686245,3.071193624,3.133128943,3.176898664,3.206828185,3.212822464,3.215179703,12281.28608,641773.8023,7.094509556,729.1587938,1439.742405,2019.894957,2965.663742,5415.770914,8439.88994,10182.8685,20000,5000,20009.945,5000,9840.599067,28761.81574,2556.753093,2585.746028,2611.804891,2620.778093,2634.265837,84935.27041,143680.3846,2455.280505,1565.640328,7.074623945,726.2512129,1439.164891,2018.973323,2963.51426,5400.86169,8346.013123
h200_9b_fp8_8_20000_5000,RedHatAI/Qwen3.5-9B-FP8-dynamic,16,6296.186816,5000,0.7938138029,6.020170272,0,0.1044862819,0.1121323367,0.1139436055,0.2035952885,2.95600634,6.742668643,20.08018766,0.2504277357,13.39932775,19.40948296,20.07141924,20.08810019,20.1016655,20.30673099,20.5879848,477.6544076,270.8561839,221.4119434,224.3731022,242.9692745,404.1600227,665.5640602,952.6946545,1443.901777,3.921146802,0.06325792096,2.635454316,3.738671643,3.886364154,3.936721173,3.967411543,3.972514483,3.974778434,19854.69094,1019587.001,9.260262374,1073.063045,2211.989616,3230.70876,4890.487825,9047.557636,13984.90082,6296.186816,20000,5000,20009.94498,5000,15918.64361,35328.92405,2208.198507,2250.715471,2312.22179,2341.043451,4270.963418,121654.9155,143276.6502,3969.35918,2628.118711,9.187296428,1072.604684,2211.633335,3229.876088,4888.272454,9030.511148,13888.49634
h200_9b_fp8_8_20000_5000,RedHatAI/Qwen3.5-9B-FP8-dynamic,64,3275.811869,5000,1.526339179,4.004789409,0,0.04783311399,0.0596673939,0.05989331252,0.06012314346,6.7294921,8.72924042,41.71170534,1.136876035,16.75345969,40.72837639,41.68991494,41.7683692,41.84131789,42.05800915,43.09101987,1140.120253,316.919483,269.0882683,309.8385334,1069.085836,1129.832029,1257.921934,1548.491955,2087.02445,8.115226408,0.2195078914,3.270351593,7.919186042,8.105028246,8.129258565,8.142049467,8.242952607,8.292629948,38180.67063,1721612.497,121.3341066,1814.755497,4116.098135,6261.407756,9770.239848,17288.1776,24901.76629,3275.811869,20000,5000,20009.945,5000,30700.81867,55998.51467,1219.797748,1220.63819,1224.048454,1225.266091,1227.333596,135002.8359,167955.4757,7633.097679,4920.1938,121.3341066,1814.476741,4115.462313,6260.117843,9765.222141,17257.75523,24741.66974
h200_9b_fp8_8_5000_2500,RedHatAI/Qwen3.5-9B-FP8-dynamic,32,1608.730566,5000,3.108040773,27.33059727,0,0.1960456339,0.2070871808,0.2107886835,0.2152078863,7.716898304,43.41839713,10.25724362,0.2050490909,7.721640587,9.668676138,10.23244309,10.26066041,10.31022096,10.52562737,10.79374194,357.4451441,202.393518,67.43431091,72.12424278,190.5136108,346.5721607,488.5723591,737.4296188,944.062233,3.961323579,0.08838693909,2.959960744,3.736533275,3.912220959,3.969276653,4.027856069,4.069988419,4.081571231,23342.7994,646685.2142,86.01939467,1453.327789,3869.284133,6150.005865,10063.65491,18767.49688,27685.17492,1608.730566,5000,2500,5009.9386,2500,15644.09958,48438.95755,1073.926836,1075.355133,1091.232235,1099.871735,1112.007599,128847.3894,200625.0052,7770.6359,5549.501454,40.81928508,1450.814251,3865.717972,6143.460817,10050.2492,18682.8686,27274.10046
h200_9b_fp8_8_5000_2500,RedHatAI/Qwen3.5-9B-FP8-dynamic,8,4519.867789,5000,1.106227048,17.06561296,0,0.2747681542,0.2787910121,0.2818301911,0.2833210822,0.5651389641,14.19738143,7.230829529,0.06735767361,7.057455301,7.099158764,7.217140436,7.228125095,7.240538836,7.285537243,7.328645945,161.7918411,86.03508507,61.63072586,63.94743919,92.39649773,159.049511,215.1834965,277.381897,315.0298595,2.828648579,0.02763510562,2.765607529,2.769089547,2.805724436,2.827401446,2.853072419,2.866186109,2.870778553,8309.273102,262674.5249,26.32149559,702.5617888,1531.380681,2237.264374,3382.503226,6351.798082,10411.86864,4519.867789,5000,2500,5009.9386,2500,5551.677874,23105.66396,1372.690844,1416.709716,1430.592049,1438.116371,1446.213677,2883.11882,119101.5133,2766.092223,1905.677532,19.89217081,701.6232854,1529.148347,2234.282782,3375.002675,6304.060589,10066.3296
h200_9b_fp8_8_5000_2500,RedHatAI/Qwen3.5-9B-FP8-dynamic,16,2590.911243,5000,1.929822958,23.64274753,0,0.243339838,0.2515149922,0.2572036326,0.26220234,4.024556266,15.57333492,8.258162585,0.06850606652,6.498336315,8.086662292,8.246790886,8.25681901,8.270615339,8.32711339,8.382098675,196.5829929,100.8745657,61.84196472,64.92757797,120.2809811,181.7777157,259.2241764,377.7813911,494.2007065,3.225794592,0.04425368518,2.557904876,3.106134135,3.20162464,3.230026599,3.258107232,3.280035731,3.289427744,14494.25031,459700.9126,36.02986746,1098.002478,2490.679335,3818.000969,6007.646968,11778.64476,18067.41809,2590.911243,5000,2500,5009.9386,2500,9693.144296,33034.78785,1272.394435,1285.479554,1305.197129,1316.416177,1336.40274,75307.89452,193276.3865,4825.022909,3489.586735,32.01245602,1096.263461,2489.717363,3816.057704,6000.434907,11724.3797,17809.92089
h200_9b_fp8_8_5000_2500,RedHatAI/Qwen3.5-9B-FP8-dynamic,64,1084.553614,5000,4.610191634,25.80001349,0,0.1439930548,0.1609497882,0.1643944137,0.1682807651,36.10115164,44.82985875,13.79483221,0.3472757479,7.462088585,12.91390991,13.72028184,13.80648589,13.91966248,14.13260484,14.41214418,573.4491997,279.0315143,80.58357239,91.32170677,403.0029774,541.2404537,735.8565331,1048.091173,1458.522081,5.290455752,0.1439471712,2.937485285,4.973845942,5.224540645,5.303981162,5.361255239,5.458372695,5.487751035,34627.6663,856846.2629,182.2026064,2080.507937,5843.987556,9647.872683,15255.06739,26379.27044,36856.80141,1084.553614,5000,2500,5009.9386,2500,23257.83089,57722.56769,847.2170426,847.6922334,851.9270828,858.2135586,872.5381606,186546.7558,201718.9172,11527.2801,7556.5653,182.2026064,2080.036025,5841.649025,9642.078161,15239.64794,26279.6434,36345.78856
,,,,,,,,,,,,,,,,,,,,,,,,,,,,,,,,,,,,,,,,,,,,,,,,,,,,,,,,,,,,,,,,,,,,,,,,
h200_80b_fp8_1000_500_6P2D_tp2,RedHatAI/Qwen3-Next-80B-A3B-Instruct-FP8-dynamic,32,918.28225,5000,5.44385999,17.3796535,0,0.38167659,0.53423996,0.80150061,9.37272542,20.7442666,34.7409033,5.85592287,0.06642145,4.46773195,5.74244785,5.82804036,5.85348082,5.88708067,5.933887,5.97764373,178.91866,21.4315336,142.101526,161.371231,170.177221,175.578356,182.163954,191.007376,271.848917,11.3750595,0.13162268,8.58987262,11.1309503,11.3203984,11.3712036,11.4379526,11.5295063,11.5861295,8210.6231,135157.42,116.414763,652.027384,1435.21561,2137.67792,3335.40138,6624.317,11305.1879,918.28225,1000,500,1008,500,5514.01021,15664.8219,372.191179,392.559179,534.126013,788.240584,9417.10958,21106.0501,35882.8289,2722.35514,2017.55421,116.414763,651.417148,1433.8381,2135.45321,3325.59035,6533.59548,10575.664
h200_80b_fp8_1000_500_6P2D_tp2,RedHatAI/Qwen3-Next-80B-A3B-Instruct-FP8-dynamic,8,2702.54483,5000,1.848998,4.5211661,0,0.49207354,0.5131821,0.52250092,0.65761397,11.311469,17.0536211,4.32331177,0.02265677,4.25871253,4.28033161,4.30923557,4.3230505,4.33650446,4.3541317,4.36765027,162.149495,13.8854802,146.399975,148.982763,157.896996,161.176205,166.193962,169.763565,173.077345,8.33778892,0.0372034,8.20964228,8.25290689,8.31003323,8.33830136,8.36614951,8.39757919,8.42196573,2788.67365,52156.3413,121.167631,298.834976,524.309014,728.578285,1083.63891,2166.03091,3929.55146,2702.54483,1000,500,1008,500,1866.89231,4063.1838,485.494832,496.778987,516.5346,526.658092,662.090826,11470.1379,17465.0767,924.626541,686.057313,121.167631,298.601509,523.832402,727.494385,1080.24404,2133.08312,3653.39634
h200_80b_fp8_1000_500_6P2D_tp2,RedHatAI/Qwen3-Next-80B-A3B-Instruct-FP8-dynamic,64,554.2194,5000,9.0216979,82.5489933,0,0.31225509,0.64978183,2.9223895,14.5099996,24.5928115,46.4320949,7.04611976,0.09945005,5.28376794,6.80906963,7.0180614,7.05036569,7.08204484,7.1539464,7.2763927,210.244121,68.303029,143.978119,172.16897,186.021328,194.38529,200.039864,288.374186,654.379606,13.6966372,0.21138027,10.201125,13.0632244,13.6597649,13.7333478,13.7892787,13.9017411,13.9600796,13608.2785,216681.624,98.0269303,884.812911,2358.66616,3585.06557,5631.9593,11097.8121,17635.3205,554.2194,1000,500,1008,500,9180.59325,103378.54,348.35947,348.406148,649.985969,2975.40593,14800.3166,24790.1354,48061.869,4512.02868,3250.80504,98.0269303,883.083274,2356.56547,3580.00646,5614.72923,10921.8493,16624.7652
h200_80b_fp8_1000_500_6P2D_tp2,RedHatAI/Qwen3-Next-80B-A3B-Instruct-FP8-dynamic,16,1546.61223,5000,3.2328724,10.5561804,0,0.45807148,0.48167057,0.51944032,0.99079647,17.0001905,27.1769745,4.94111709,0.03605334,4.30395293,4.87705421,4.92272449,4.94045854,4.95975447,4.9833982,5.00603628,168.24039,17.8518597,147.635698,154.827356,162.568331,166.717052,171.642065,177.424669,215.361834,9.56344577,0.06580891,8.27791074,9.44686175,9.52826378,9.56522965,9.60161404,9.64766705,9.66932683,4875.63993,91272.2242,120.803631,417.872131,868.464114,1261.58852,1939.86366,3921.02652,6815.01423,1546.61223,1000,500,1008,500,3267.77683,11503.5703,425.919675,458.51707,484.309855,520.875824,981.841463,17244.6697,27575.7473,1616.59149,1227.10378,120.803631,417.57866,867.832132,1260.07854,1934.9819,3871.28798,6426.54217
h200_80b_fp8_5000_2500_6P2D_tp2,RedHatAI/Qwen3-Next-80B-A3B-Instruct-FP8-dynamic,32,4866.79447,5000,1.02675386,5.87867168,0,0.06711046,0.12372847,0.13789394,0.26878317,6.81455486,18.7996862,31.0419688,0.46802086,22.5558317,30.1328557,30.8318372,31.0861042,31.2745397,31.5919881,31.8284469,223.74812,43.2639034,192.831993,198.283911,212.220669,218.533993,226.016045,240.649462,348.368883,12.3318149,0.18706921,8.9438244,11.9666861,12.2507073,12.3496518,12.4244969,12.5526971,12.6472834,7709.19408,269782.35,111.806506,646.886601,1376.43908,2028.11807,3131.50278,6101.25505,9865.80066,4866.79447,5000,2500,5008,2500,5165.92622,37526.0875,333.864141,336.322202,619.61685,690.572288,1342.57791,34226.273,94794.2308,2566.99323,1862.87877,111.806506,646.789441,1376.2242,2027.52333,3129.16982,6083.1083,9734.32656
h200_80b_fp8_5000_2500_6P2D_tp2,RedHatAI/Qwen3-Next-80B-A3B-Instruct-FP8-dynamic,8,13560.6551,5000,0.36827129,1.46897274,0,0.09310635,0.12794068,0.17108573,0.33772834,0.66680678,1.77558773,21.6980325,0.1714744,21.0491951,21.2400217,21.5916407,21.7307949,21.822875,21.9329615,21.9895236,196.603306,17.4464693,177.666903,181.911707,191.072226,196.43116,199.84436,205.494642,216.424227,8.60372716,0.06813071,8.34592031,8.42231834,8.56063241,8.61722023,8.65332801,8.69733431,8.72027669,2765.01757,108637.419,119.24451,318.151624,531.490855,730.575023,1074.46936,2092.37947,3600.05444,13560.6551,5000,2500,5008,2500,1847.18176,7541.38014,461.229154,465.857056,639.322366,851.830049,1696.38358,3342.97274,8882.50208,920.690454,662.049386,119.24451,318.096029,531.403981,730.354649,1073.76413,2086.00411,3551.32274
h200_80b_fp8_5000_2500_6P2D_tp2,RedHatAI/Qwen3-Next-80B-A3B-Instruct-FP8-dynamic,64,3069.73953,5000,1.62847693,8.97299091,0,0.05138297,0.05641675,0.0879794,0.14981693,15.2710061,24.8543984,39.0359709,0.76528593,22.8557072,38.1239483,38.8070018,39.0471776,39.37357,39.7031059,40.1060085,252.184867,94.0749903,207.205534,212.961674,228.910923,237.836123,246.131659,321.768761,688.768625,15.5191689,0.3021491,9.05326206,15.1551816,15.4313818,15.5288103,15.6556479,15.7667742,15.9331569,12227.4481,392288.562,110.456763,931.469106,2170.31086,3252.41744,5048.01919,9673.35697,15075.0993,3069.73953,5000,2500,5008,2500,8216.53536,45732.5448,267.361605,267.376226,282.374926,440.387046,744.814733,77016.1417,125217.286,4071.47314,2866.49915,110.456763,931.158712,2169.86865,3251.39845,5044.82795,9639.75637,14899.7936
h200_80b_fp8_5000_2500_6P2D_tp2,RedHatAI/Qwen3-Next-80B-A3B-Instruct-FP8-dynamic,16,7923.39897,4999,0.63015885,3.98E+00,0,0.08032133,0.08338752,0.15633265,0.2540966,0.61375301,16.4413521,25.3168694,0.3219578,19.571228,24.3718498,25.1612296,25.3476155,25.5287933,25.7137837,25.8299851,203.09001,19.4499332,182.558537,187.34169,195.846081,200.158596,204.914331,219.823122,288.388014,10.0491957,0.12866982,7.75376956,9.67304341,9.98732117,10.0616306,10.1344577,10.2062374,10.2541195,4731.36626,189416.289,128.966018,426.152179,849.427143,1230.89022,1886.59438,3765.79325,6286.64272,7923.39897,5000,2500,5008,2500,3163.6616,24872.5763,397.62185,402.22098,417.73492,781.421978,1271.71193,3073.72546,82863.1961,1575.44162,1184.17783,128.966018,426.088844,849.371113,1230.56349,1885.56029,3755.00319,6213.1029
h200_80b_fp8_10000_5000_6P2D_tp2,RedHatAI/Qwen3-Next-80B-A3B-Instruct-FP8-dynamic,32,10162.9251,4999,0.49129556,2.7216446,0,0.03165276,0.03304618,0.05252598,0.09186613,2.82229003,10.4380061,64.8557689,1.168498,43.6833391,62.1589231,64.2484694,65.0540199,65.5443704,66.2291634,66.860116,318.368257,66.3232952,291.016579,295.48502,304.339886,311.020136,318.570614,337.918043,465.235472,12.9075359,0.28156436,1.71971402,12.3710413,12.7892758,12.9495,13.0487263,13.1789176,13.3080703,7373.59744,365642.431,115.247234,609.876385,1314.79405,1936.78797,2990.387,5845.74239,9431.06239,10162.9251,10000,5000,10008,5000,4938.11849,29002.4794,313.24294,316.746272,330.531093,521.829852,914.554993,28284.5329,104249.271,2456.55565,1798.06209,115.247234,609.813683,1314.72743,1936.42844,2989.18988,5837.02726,9368.77766
h200_80b_fp8_10000_5000_6P2D_tp2,RedHatAI/Qwen3-Next-80B-A3B-Instruct-FP8-dynamic,8,27464.9201,4999,0.18190477,0.86115065,0,0.04543667,0.04693974,0.04750521,0.04802483,0.05046582,4.64767029,43.9428446,0.44516706,42.761703,42.9455876,43.6396985,43.9337606,44.2693737,44.7008274,44.8824661,288.629905,12.377842,273.317337,276.149273,283.996105,287.570953,292.259693,297.133207,325.403929,8.73242355,0.08888123,8.49708297,8.5338237,8.67174034,8.73049013,8.79768606,8.88411497,8.92015561,2730.05468,147948.512,115.104429,315.669244,525.707813,722.603583,1060.6042,2061.15025,3522.53436,27464.9201,10000,5000,10008,5000,1823.40485,8745.31383,449.270408,455.031791,469.745966,475.350515,480.580317,503.028674,46672.4496,909.533142,651.103608,115.104429,315.641934,525.654976,722.487726,1060.21975,2057.86304,3497.134
h200_80b_fp8_10000_5000_6P2D_tp2,RedHatAI/Qwen3-Next-80B-A3B-Instruct-FP8-dynamic,64,6657.02837,5000,0.75018457,3.92529127,0,0.02395955,0.04530518,0.058422,0.10502724,6.57266072,13.3884837,84.6994913,1.78779227,46.7832992,81.4107661,83.9731309,84.7052479,85.4837275,86.8798835,87.2339652,356.47696,107.838414,305.141449,314.095497,331.90465,342.673302,351.302862,385.935545,911.619186,16.8716699,0.35693869,9.29213472,16.2166747,16.7272896,16.8745713,17.0216976,17.3114291,17.3801519,11259.2868,507198.458,107.617026,855.060144,1999.75467,2989.12596,4638.06389,8889.36792,13998.3992,6657.02837,10000,5000,10008,5000,7560.95297,54999.1778,247.952282,249.012927,454.636018,585.413003,1051.77349,67077.6576,134089.105,3751.09501,2661.36585,107.617026,854.904618,1999.43906,2988.59169,4636.43783,8872.97311,13912.1877
h200_80b_fp8_10000_5000_6P2D_tp2,RedHatAI/Qwen3-Next-80B-A3B-Instruct-FP8-dynamic,16,16217.0121,4999,0.30800988,1.86321842,0,0.03909581,0.04132142,0.07783153,0.08488821,0.16708561,8.21547508,51.821533,0.78645269,43.5743062,49.8594043,51.3863518,51.9054632,52.3891284,52.9194274,53.2125139,298.814242,29.615284,280.038595,282.619953,290.902853,296.803951,301.138878,309.09276,341.558218,10.3064143,0.15697256,8.65791063,9.91530074,10.2193231,10.3231032,10.4191912,10.5254035,10.5861413,4622.71696,249799.954,115.499538,430.973773,839.19715,1208.1724,1841.1733,3646.36537,6053.59793,16217.0121,10000,5000,10008,5000,3090.882,19550.5212,387.516378,391.283772,414.669015,778.936704,849.244563,1653.64621,82690.6677,1540.08428,1143.0235,115.499538,430.936402,839.196479,1207.96337,1840.57206,3640.88889,6014.94979
h200_80b_fp8_20000_5000_6P2D_tp2,RedHatAI/Qwen3-Next-80B-A3B-Instruct-FP8-dynamic,32,10990.3553,4999,0.45485336,1.80332338,0,0.03046231,0.03229843,0.03317465,0.03462498,3.60587249,6.50125474,70.0985101,1.3522099,52.3667181,67.1773474,69.3035634,70.1656194,70.9133375,72.0490561,72.5319865,597.953173,103.413218,551.338434,561.429262,576.889515,582.257032,588.682175,655.879974,900.621414,13.9026395,0.2682151,10.3614605,13.3180272,13.744518,13.9176943,14.0675763,14.2934302,14.3819556,11375.8271,668800.007,96.5084439,574.005845,1217.17593,1790.09502,2762.33228,5421.16632,8767.7833,10990.3553,20000,5000,20008,5000,9144.49022,40014.9673,593.907247,606.42288,646.575382,663.985813,692.806349,72441.3716,127463.633,2274.4376,1672.2149,96.5084439,573.984035,1217.10884,1789.68981,2761.0675,5412.30652,8708.51845
h200_80b_fp8_20000_5000_6P2D_tp2,RedHatAI/Qwen3-Next-80B-A3B-Instruct-FP8-dynamic,8,28558.2984,4999,0.17497541,0.50235259,0,0.04451445,0.04687592,0.05791572,0.06347132,1.17597429,2.72767794,45.6919151,0.37479843,44.5162697,44.8105614,45.4433229,45.7010758,45.9495652,46.2843294,46.5318191,547.096183,21.9544035,529.696465,532.186747,540.626049,545.477867,549.381971,555.902719,618.238211,9.03057099,0.0747738,8.79602653,8.85195693,8.98145804,9.03250137,9.08196633,9.14843914,9.19714239,4375.86764,277640.731,111.262671,305.562389,508.191623,695.65002,1018.64626,1976.82434,3387.26602,28558.2984,20000,5000,20008,5000,3506.49071,10174.2209,882.531482,890.964273,937.835196,1158.67613,1269.87941,23524.6196,54765.2461,874.893561,625.303933,111.262671,305.55123,508.151422,695.558496,1018.30451,1973.65133,3363.51564
h200_80b_fp8_20000_5000_6P2D_tp2,RedHatAI/Qwen3-Next-80B-A3B-Instruct-FP8-dynamic,64,7521.03324,5000,0.66466931,2.56872721,0,0.02174681,0.02387384,0.02416583,0.02454998,5.36624322,9.03426915,95.6334517,2.21548575,53.2727613,93.1704452,94.9458859,95.6400547,96.5538394,97.6485686,97.8410115,658.520931,166.777807,565.808296,585.396767,610.714674,619.080305,632.944584,874.520063,1630.30028,18.9947658,0.51538599,0.2770122,18.5097423,18.8653943,19.0022151,19.1852232,19.4068901,19.4406566,16623.3122,909124.309,109.652667,787.514833,1767.47377,2635.66754,4090.47184,7888.55596,12637.9927,7521.03324,20000,5000,20008,5000,13393.5649,51863.9311,466.524666,467.106276,477.77816,483.140719,490.442114,108276.833,180859.332,3323.59889,2414.72307,108.212178,787.386513,1767.36516,2635.06767,4089.24265,7875.26098,12553.8633
h200_80b_fp8_20000_5000_6P2D_tp2,RedHatAI/Qwen3-Next-80B-A3B-Instruct-FP8-dynamic,16,5039.12085,5000,0.27425419,5.47468665,0,0,0.0381587,0.03882971,0.07642772,0.15176112,5.81805269,54.5512013,3.00702986,13.525485,52.6367264,54.132756,54.6705995,55.1116157,56.0094068,56.3977633,563.081519,82.6491955,0,539.755344,548.68865,554.809809,560.844183,596.055984,831.884623,10.7817581,0.66734902,0,10.4192906,10.7180469,10.8249079,10.912726,11.0630378,11.1602238,7330.6936,465748.575,0.29871689,397.766941,788.570331,1142.77617,1751.24488,3523.07534,5829.387,5039.12085,20000,5000,20007.9711,4993.69971,5866.50015,56843.8677,740.456826,742.572262,766.09556,778.32363,1531.64971,1590.10747,118160.055,1464.19345,10053.2019,0.29871689,397.715153,786.666316,1140.15739,1745.43098,3480.11651,5789.88065
,,,,,,,,,,,,,,,,,,,,,,,,,,,,,,,,,,,,,,,,,,,,,,,,,,,,,,,,,,,,,,,,,,,,,,,,
h200_9b_fp8_1000_500_2P6D_tp2,RedHatAI/Qwen3.5-9B-FP8-dynamic,32,315.039238,5000,15.8710389,18.8405501,0,1.26001276,7.63287686,12.3074828,19.2172714,41.0325282,61.0346915,2.00755508,0.06523137,1.80981112,1.89330029,1.97285223,2.00226092,2.03046513,2.09002542,2.28961611,88.1910079,32.4199271,65.3455257,67.4595833,73.6305714,78.6731243,96.5678692,115.870953,194.164276,3.84537957,0.1085197,3.48512395,3.62726395,3.78749079,3.84162614,3.89216228,3.98907346,4.31526257,23970.4374,287231.258,261.392497,1822.02606,4240.9545,6507.84174,10292.7706,18289.1163,27685.1749,315.039238,1000,500,1009.9382,500,16124.664,20712.8403,1291.37652,1622.3756,8005.39528,13225.8727,20827.1733,41266.0319,53804.5449,7937.5558,5163.76178,261.392497,1821.23491,4236.67071,6492.73065,10242.5006,17975.5886,25784.6557
h200_9b_fp8_1000_500_2P6D_tp2,RedHatAI/Qwen3.5-9B-FP8-dynamic,8,1147.27895,5000,4.35813801,4.52143016,0,1.29055786,1.86630251,2.79691122,5.2042579,12.3618937,21.7398047,1.83336559,0.05532155,1.75222683,1.77333236,1.81355095,1.83037782,1.84602547,1.87980437,1.90811372,76.3434456,41.3694076,59.4704151,63.4405613,70.6782341,72.6940632,75.3366947,94.7525501,110.23736,3.52030594,0.06580527,3.38789217,3.41403269,3.48781345,3.51906253,3.54496511,3.6083897,3.65187075,6582.16063,101374.912,186.778767,746.184665,1265.63186,1771.99155,2618.9847,4922.89202,8120.6273,1147.27895,1000,500,1009.9382,500,4409.21964,4415.47141,1027.55786,1317.26475,1893.01134,2828.56783,5272.89898,12633.3704,22275.1687,2179.61259,1424.25158,186.778767,746.051939,1264.48719,1769.74852,2611.64633,4848.90636,7591.50045
h200_9b_fp8_1000_500_2P6D_tp2,RedHatAI/Qwen3.5-9B-FP8-dynamic,64,182.683947,5000,27.3696737,37.8587834,0,0.86978514,12.908927,20.1602707,32.4641558,63.9726679,132.408498,2.32388069,0.10754311,1.97453165,2.05113363,2.26986337,2.33423162,2.38232112,2.45019865,2.60776472,105.928887,59.0169022,66.852808,71.8963146,82.0658207,97.4862576,112.313271,145.266294,344.105721,4.4435121,0.17561193,3.80014704,3.91066194,4.35564561,4.4766342,4.57151906,4.67215607,4.75306884,41343.8718,420170.36,224.558518,2786.91296,7332.6993,12157.4029,17893.7884,30088.264,44057.8151,182.683947,1000,500,1009.9382,500,27956.1784,50768.6771,1294.37847,1479.8589,14082.8935,22600.0674,29000.0961,54547.2308,128347.786,13690.5841,8232.15522,224.558518,2779.52551,7332.6993,12122.2659,17797.6124,29433.7123,39869.8099
h200_9b_fp8_1000_500_2P6D_tp2,RedHatAI/Qwen3.5-9B-FP8-dynamic,16,593.859351,5000,8.41950202,10.386777,0,1.2888728,4.35703942,6.59547094,10.0514374,20.4155038,37.5783183,1.89333128,0.03699912,1.78658605,1.81457186,1.86820364,1.89420676,1.91738272,1.95109081,1.98235178,78.8674822,15.9912081,62.0753765,68.2713985,71.8719959,74.2931366,78.0856609,105.363607,115.615606,3.63530432,0.06675354,3.41779961,3.4861837,3.58941655,3.63775771,3.68195211,3.7427842,3.78122645,12714.5588,176768.348,274.227133,1120.87226,2308.36764,3410.00325,5210.31553,9923.43218,15867.4805,593.859351,1000,500,1009.9382,500,8529.32758,10360.9417,1108.36691,1362.44748,4458.29698,6738.21286,10274.0734,21542.8316,28266.7101,4210.29114,2839.15761,274.227133,1120.2735,2307.09791,3404.46753,5190.9703,9754.19535,14873.4184
h200_9b_fp8_5000_2500_2P6D_tp2,RedHatAI/Qwen3.5-9B-FP8-dynamic,32,1635.00307,5000,3.05809823,4.76893845,0,0.23179593,0.30721639,0.39662869,4.63229694,12.2015406,18.9980931,10.4224093,0.10930163,9.2894907,10.2835879,10.3752856,10.4250934,10.4570386,10.5193548,10.5918183,152.7133,89.4458413,125.66328,126.91474,129.92382,131.94108,145.991325,223.050117,298.571825,4.10924723,0.02560544,3.66540468,4.06003256,4.09704421,4.10567068,4.12942849,4.13461855,4.13790528,22968.1892,614901.48,245.740801,1864.13511,4169.28827,6307.22406,9792.14942,17154.6176,24769.5118,1635.00307,5000,2500,5009.9386,2500,15408.59,25310.4056,1147.91605,1182.52864,1539.25794,1976.75221,23767.6056,64077.5483,79710.582,7645.93109,4851.52327,245.740801,1864.13511,4169.28827,6307.22406,9782.80797,17096.3478,24466.3853
h200_9b_fp8_5000_2500_2P6D_tp2,RedHatAI/Qwen3.5-9B-FP8-dynamic,8,5702.30627,5000,0.87666284,1.4643715,0,0.24015005,0.27224864,0.32312012,0.86306529,3.39754283,6.58524002,9.12005901,0.07475732,8.90500689,8.93315935,9.07251453,9.12886262,9.18023491,9.19961524,9.24615693,131.41709,17.9731521,117.819309,123.109579,126.091003,127.52533,129.292727,161.212206,193.339109,3.59668515,0.02875901,3.51305769,3.52327067,3.57802537,3.60034713,3.62189153,3.62789607,3.63006168,6583.8371,226293.672,279.340926,761.07857,1281.09469,1787.85337,2624.7209,4860.14368,7667.83181,5702.30627,5000,2500,5009.93859,2500,4399.03019,7425.96386,1127.58215,1203.82165,1364.3388,1617.89264,4330.66283,17242.028,33719.5163,2191.70804,1412.76498,279.340926,761.07857,1281.09469,1787.09161,2623.07942,4843.30716,7570.94585
h200_9b_fp8_5000_2500_2P6D_tp2,RedHatAI/Qwen3.5-9B-FP8-dynamic,64,1031.27689,5000,4.84835841,6.01821695,0,0.16523979,0.35451477,3.25969425,6.88193271,15.2867572,27.1776789,13.1169462,0.31099378,9.806355,12.7703288,12.9334989,13.0380635,13.2693963,13.5670948,13.6883507,181.713204,211.413313,131.213903,132.608652,136.693001,139.235735,183.640957,252.393723,1038.31911,5.17583685,0.10549523,3.87056945,4.93133044,5.10902975,5.14271899,5.23933576,5.36855148,5.38023685,36416.0852,848809.648,211.914018,2714.75987,6622.70361,10658.9682,15797.7552,26051.5776,35696.2043,1031.27689,5000,2500,5009.9386,2500,24523.4981,34062.3919,1159.93151,1193.92533,1776.27906,16814.9809,36281.4031,75682.7361,88161.1016,12122.6308,7173.51682,211.914018,2713.00388,6615.62145,10658.2563,15782.8937,25970.9226,35244.5372
h200_9b_fp8_5000_2500_2P6D_tp2,RedHatAI/Qwen3.5-9B-FP8-dynamic,16,2996.07633,5000,1.66884934,2.57000784,0,0.2377244,0.34315756,0.66653138,2.09624433,5.82523614,12.2973792,9.56056605,0.07435358,8.99673867,9.42894268,9.52095819,9.55507302,9.60526657,9.66732216,9.71474075,136.991668,37.9111246,123.333931,124.640942,127.698421,129.083633,131.154776,183.998823,242.658854,3.77069476,0.0259367,3.54796603,3.72042776,3.75729668,3.76928811,3.7870638,3.81354047,3.81946621,12533.7119,386290.288,269.020845,1151.64854,2318.57601,3396.19757,5152.70762,9554.22323,14631.293,2996.07633,5000,2500,5009.9386,2500,8386.15578,14155.1342,1140.78638,1201.44522,1716.41543,3349.35206,10528.4095,29677.3498,63510.1099,4172.37494,2752.6805,269.020845,1151.64854,2318.57601,3396.19757,5146.38528,9520.4272,14463.1172
h200_9b_fp8_10000_5000_2P6D_tp2,RedHatAI/Qwen3.5-9B-FP8-dynamic,32,3563.25774,5000,1.40321031,2.33880391,0,0.1079017,0.13146383,0.15339893,2.2528825,5.70520096,10.1228068,22.7168094,0.23739734,18.8954251,22.3775063,22.6055913,22.7256556,22.8250093,22.9301569,23.0410349,271.401122,159.598905,224.13063,226.32122,229.863644,232.278585,275.518656,382.561922,467.933416,4.48967393,0.0367198,3.73442112,4.42511426,4.46995694,4.49181261,4.51447759,4.52567668,4.53449235,21063.6503,807944.64,229.827713,1736.59577,3835.24694,5772.9421,8878.51848,15916.452,22950.8935,3563.25774,10000,5000,10009.9366,5000,14121.0692,21069.8757,1057.93417,1088.07621,1316.02869,1536.04537,23461.7858,62045.5504,80302.3951,7016.56872,4493.04764,229.827713,1736.37675,3834.85127,5771.6974,8874.50524,15890.3812,22796.4815
h200_9b_fp8_10000_5000_2P6D_tp2,RedHatAI/Qwen3.5-9B-FP8-dynamic,8,11688.8509,5000,0.42767249,0.5853318,0,0.12120083,0.15524074,0.2266618,0.4722834,1.32377616,2.70505319,18.6913593,0.18085498,18.1400621,18.210851,18.5853062,18.7441268,18.837456,18.8781698,18.9622188,231.753548,30.948967,214.785099,220.849276,224.445343,226.130486,227.87261,263.609409,343.889236,3.69243852,0.03525403,3.58261564,3.59667933,3.67209482,3.70349043,3.72201415,3.72990586,3.73187631,6419.46521,307514.714,271.540305,742.96707,1258.79472,1748.11507,2555.98995,4712.71061,7423.33401,11688.8509,10000,5000,10009.9366,5000,4287.78381,5616.85879,1118.5344,1213.05267,1555.86893,2268.38063,4732.34144,13369.9577,27243.2158,2138.40517,1372.31642,271.540305,742.966438,1258.64042,1747.88453,2555.28202,4706.0014,7377.45795
h200_9b_fp8_10000_5000_2P6D_tp2,RedHatAI/Qwen3.5-9B-FP8-dynamic,64,2462.21582,4999,2.03028506,2.54297429,0,0.07282477,0.14710775,1.31103178,2.64032991,6.77893607,11.5713237,31.3328009,1.24090053,22.0627172,29.7313423,30.1858227,31.2506454,32.5661712,32.8765082,32.9943585,312.493596,367.137082,232.569933,236.181259,242.172718,245.428324,290.067434,424.957991,1757.05099,6.20485697,0.25056667,4.36563519,5.77163944,5.97766047,6.15900048,6.46081131,6.52418997,6.53954033,30477.4737,1054858.12,189.375738,2303.30088,5483.08726,8530.13339,13287.2501,22542.6971,31220.024,2462.21582,10000,5000,10009.9366,5000,20515.866,22286.1897,992.854778,1028.86373,1513.15367,13313.2664,27688.4066,75168.4878,81917.6025,10152.4325,6289.50769,189.375738,2303.07369,5482.75033,8528.11226,13281.078,22499.3443,30990.2828
h200_9b_fp8_10000_5000_2P6D_tp2,RedHatAI/Qwen3.5-9B-FP8-dynamic,16,6280.81837,5000,0.7960746,1.23421861,0,0.11114054,0.18733927,0.35889685,0.9319669,2.65414907,6.03263485,20.0491462,0.18650947,18.5955222,19.7293136,19.9345415,20.0265481,20.1651387,20.3430135,20.4679909,244.038612,73.1772243,220.786095,222.578049,225.992441,227.845907,230.43251,341.366053,421.577692,3.96155644,0.034216,3.67397565,3.90040371,3.94006519,3.9561297,3.98610491,4.0204835,4.02937853,11949.5926,519596.772,255.088971,1114.27463,2225.51039,3241.56559,4898.26469,9045.3526,13987.2741,6280.81837,10000,5000,10009.9366,5000,7992.4042,11457.1838,1074.82632,1121.99067,1863.7619,3585.54507,9347.73616,27229.8405,65712.5286,3980.56064,2625.42158,255.088971,1114.23543,2225.25719,3241.08421,4896.30799,9030.15488,13899.6885
h200_9b_fp8_20000_5000_2P6D_tp2,RedHatAI/Qwen3.5-9B-FP8-dynamic,32,4096.20072,5000,1.22064331,1.24880078,0,0.11719174,0.20988221,0.98260236,1.79389189,3.46449726,5.31128941,26.1188436,0.37920226,19.8942327,25.583895,25.967638,26.1087449,26.2447665,26.5020223,26.7474995,527.100558,279.071321,443.941116,449.636459,455.989361,460.83951,510.634899,725.952148,901.694059,5.11907721,0.05535353,3.88789225,5.02243784,5.0953365,5.12310986,5.14472945,5.18507971,5.21773805,30532.9531,1458749.45,207.722362,1533.56636,3332.88545,4987.30789,7654.00609,14069.1665,20342.4951,4096.20072,20000,5000,20009.945,5000,24545.2707,22341.2937,2307.93694,2395.66968,4211.71685,20211.7462,37566.8662,71953.9503,78591.2084,6104.16238,3980.82755,207.722362,1533.4717,3332.53636,4986.82988,7651.55004,14045.6605,20197.3799
h200_9b_fp8_20000_5000_2P6D_tp2,RedHatAI/Qwen3.5-9B-FP8-dynamic,8,12336.0992,5000,0.40531451,0.36083059,0,0.12087471,0.21901377,0.30360704,0.48491267,0.91436704,1.77455029,19.7185864,0.24303372,18.880347,19.0967636,19.5673835,19.7704241,19.9112296,19.9939997,20.1239204,462.383821,60.343755,438.3986,442.08169,447.660685,450.146437,453.556776,530.711889,692.186117,3.85180358,0.04678189,3.6871789,3.7279419,3.82281127,3.86317379,3.88945992,3.90725366,3.91020678,10137.261,590740.186,267.89587,705.442478,1193.03489,1654.20825,2419.03793,4472.72987,7063.29211,12336.0992,20000,5000,20009.945,5000,8122.7522,6835.00988,2200.5281,2418.80655,4384.75831,6086.83875,9703.86647,18313.42,36543.4646,2026.646,1305.48351,267.89587,705.416466,1192.93531,1653.91084,2418.43441,4466.49292,7020.56068
h200_9b_fp8_20000_5000_2P6D_tp2,RedHatAI/Qwen3.5-9B-FP8-dynamic,64,3020.28124,5000,1.65547497,1.7373211,0,0.13911583,0.27810224,1.33335961,2.30978122,4.46339779,7.43296638,38.4470083,1.01836382,23.3646979,36.9836082,38.0967946,38.4142115,38.7515945,39.4886482,40.2781892,649.330839,686.117726,451.817513,463.625908,474.628925,491.66894,675.674915,927.451849,3296.49782,7.56067239,0.17846906,4.579563,6.93879582,7.50831018,7.56875709,7.62681242,7.763226,7.8724601,41409.5403,1832863.01,170.4554,1933.05643,4467.49122,6830.17647,10707.881,18573.8522,26478.4143,3020.28124,20000,5000,20009.945,5000,33384.076,26393.4563,2764.16561,2902.36502,6293.28926,28515.9089,52363.8032,77649.1569,102955.673,8278.61483,5275.5709,170.4554,1932.85899,4466.78599,6828.08191,10702.4425,18542.0393,26313.9871
h200_9b_fp8_20000_5000_2P6D_tp2,RedHatAI/Qwen3.5-9B-FP8-dynamic,16,6846.26141,5000,0.7303256,0.84124449,0,0.11664973,0.24137944,0.43642455,0.91661986,2.2323403,3.94995579,21.8373133,0.28597506,18.7074254,21.401118,21.641459,21.8054879,22.013202,22.2848172,22.507226,493.660237,141.207526,441.715002,444.805145,450.318098,453.572989,463.423252,697.466612,865.095377,4.26933787,0.04963088,3.65160417,4.18922576,4.23356194,4.2632487,4.30576533,4.35331007,4.37153747,18267.164,974289.258,239.661239,1019.89182,2040.59777,2965.04473,4483.48904,8306.477,12988.3091,6846.26141,20000,5000,20009.945,5000,14654.9739,15395.3818,2219.06705,2351.2673,4830.45431,8800.40909,18613.6843,47253.6035,75868.4425,3651.98005,2427.49724,239.661239,1019.86414,2040.36067,2964.43872,4481.48282,8293.40024,12907.1019
,,,,,,,,,,,,,,,,,,,,,,,,,,,,,,,,,,,,,,,,,,,,,,,,,,,,,,,,,,,,,,,,,,,,,,,,
h200_9b_fp8_1000_500_4P4D_tp4,RedHatAI/Qwen3.5-9B-FP8-dynamic,32,323.790519,5000,15.4420828,195.743871,0,1.11655048,6.43653551,6.67655289,6.90953839,13.8511816,31.9451625,2.06499256,0.08626656,1.66610193,1.88446951,1.9830935,2.10646534,2.1327641,2.16369367,2.22205329,208.272852,113.468964,67.0163631,69.1151619,73.8852024,275.743246,302.121162,333.120823,407.824039,3.71909434,0.08090882,3.135523,3.62058011,3.66097127,3.67413064,3.79452056,3.85331248,3.8826155,23322.0015,380571.318,255.283262,1154.18382,2976.79489,5137.80721,9752.64843,23431.8659,38621.5838,323.790519,1000,500,1009.9382,500,15674.9306,255673.283,1186.5384,1497.55743,6540.48379,6787.18239,7147.3473,12661.8795,53279.4245,7722.83313,7330.08843,255.283262,1153.8663,2974.68369,5127.511,9686.61432,22961.5182,36095.5594
h200_9b_fp8_1000_500_4P4D_tp4,RedHatAI/Qwen3.5-9B-FP8-dynamic,8,990.013184,5000,5.0504378,11.5276115,0,1.35323527,1.45968851,1.46486704,1.47130514,28.0715055,29.2853333,1.58328424,0.01611824,1.55185032,1.5703764,1.57810402,1.58172417,1.58563137,1.59327245,1.62362313,75.6874691,16.3288969,65.625906,66.7705536,71.8684196,74.0544796,76.7064095,81.3529491,119.356871,3.02035892,0.00914076,2.96778096,3.00444391,3.01449189,3.01950298,3.02561682,3.03378898,3.04271797,7628.2759,112826.034,19.3471346,746.583126,1481.03955,2080.50794,2962.0791,5787.908,11184.8107,990.013184,1000,500,1009.9382,500,5109.89948,13967.938,1200.8685,1412.46748,1476.05301,1481.11204,1487.51524,28140.9025,28906.1019,2526.02255,1831.86739,19.2775975,746.051939,1478.95063,2076.38812,2950.61836,5670.53267,9927.34675
h200_9b_fp8_1000_500_4P4D_tp4,RedHatAI/Qwen3.5-9B-FP8-dynamic,64,202.4878,5000,24.6928457,223.797726,0,0.80240989,5.44262431,6.86933166,11.2135173,29.9499015,344.473062,2.5757504,0.09688469,1.79887533,2.28341818,2.51382828,2.59051466,2.63702559,2.72724485,2.75916076,246.481305,136.081245,71.0926056,74.9862194,85.8573914,251.79863,356.522083,462.052584,546.421766,4.66516531,0.18456107,3.45201817,4.28661603,4.55125635,4.68189922,4.78989041,4.9369598,5.03302337,37300.0914,478091.077,210.272992,1443.82238,5302.5335,9532.50909,16677.1531,32430.1856,49201.3494,202.4878,1000,500,1009.9382,500,25162.7091,294650.017,1051.14637,1173.48857,6303.31997,8005.78863,13491.7482,29045.63,238527.423,12351.5292,9638.79353,210.272992,1440.35165,5293.10617,9489.37557,16578.2767,31734.9609,45449.1146
h200_9b_fp8_1000_500_4P4D_tp4,RedHatAI/Qwen3.5-9B-FP8-dynamic,16,535.177443,5000,9.34269572,20.0035876,0,1.41174633,2.31510016,2.48840667,13.800866,27.8670928,30.0470947,1.70573701,0.02732033,1.51233482,1.69044685,1.69820547,1.70258665,1.70770907,1.71634936,1.82112789,75.1200785,21.3815689,64.6820068,67.3587322,70.2381134,72.0875263,74.5227337,79.020977,214.165211,3.2667205,0.02600868,2.86784487,3.22807815,3.2586779,3.26521745,3.2734933,3.28617297,3.29735809,14108.8936,191976.643,266.711433,1321.87331,2637.92704,3847.98532,5777.27824,10740.8553,16754.8762,535.177443,1000,500,1009.9382,500,9462.18862,21587.5387,1171.23925,1599.64257,2346.81345,2524.30277,13988.2152,27916.1447,29007.8407,4672.01029,3002.64009,266.711433,1320.62469,2636.26901,3840.93773,5761.40659,10556.1342,15728.64
h200_9b_fp8_5000_2500_4P4D_tp4,RedHatAI/Qwen3.5-9B-FP8-dynamic,32,1616.12692,4999,3.09319765,6.75931859,0,0.22278916,0.23899601,0.23978257,0.24324887,19.8579836,21.0576458,10.3060153,0.10263457,8.01682115,10.2728708,10.2930124,10.3005106,10.3104405,10.368506,10.4264765,130.13516,58.2661173,110.501766,112.403631,117.399216,123.158932,130.213499,145.635128,224.531889,4.07163232,0.03451879,3.16091421,4.05922276,4.06845983,4.07178338,4.07543923,4.08358744,4.1208624,23231.7119,615328.234,250.346425,1893.59097,4190.11389,6355.00606,9939.109,17452.0277,25115.5928,1616.12692,5000,2500,5009.93879,2500,15574.1846,33867.0188,1098.61237,1130.40041,1196.78996,1200.8109,1216.75117,99057.9638,101617.404,7733.65555,4940.63926,250.346425,1893.59097,4185.93214,6355.00606,9927.34675,17395.6072,24818.3669
h200_9b_fp8_5000_2500_4P4D_tp4,RedHatAI/Qwen3.5-9B-FP8-dynamic,8,4944.69006,5000,1.01118572,3.76781441,0,0.26167436,0.26267309,0.26288104,0.26315636,0.2656015,20.2757574,7.91019371,0.01495681,7.8771174,7.88862133,7.90343285,7.90890002,7.914505,7.92597866,7.94880605,117.746203,10.0473141,106.035233,107.753754,114.234924,117.359638,119.450808,126.560926,136.149168,3.11799572,0.00455154,3.10644993,3.11015138,3.1157972,3.11779003,3.11975624,3.12307235,3.12963291,7594.1184,239151.121,320.102572,893.623812,1574.43844,2139.95102,3034.95224,5272.53803,8004.39695,4944.69006,5000,2500,5009.9386,2500,5074.06191,18760.0469,1296.15187,1312.15034,1316.58691,1317.62314,1319.0021,1330.41987,99482.7698,2528.0228,1461.95049,320.102572,893.545803,1573.84765,2139.36733,3032.26031,5256.02005,7908.80704
h200_9b_fp8_5000_2500_4P4D_tp4,RedHatAI/Qwen3.5-9B-FP8-dynamic,64,1064.14823,5000,4.69859354,12.3404503,0,0.15510631,0.22013835,0.22307017,9.87122678,19.4937024,23.197301,13.5353879,0.23787081,8.54801679,13.334363,13.5110557,13.5330842,13.5561392,13.6167185,13.9939084,157.771994,144.642148,118.248701,120.454073,125.432253,127.226114,137.444496,235.552311,745.423079,5.35270426,0.08198026,3.37171784,5.19668202,5.35222939,5.35980622,5.36703634,5.37781431,5.38550562,35290.6137,830552.409,199.557712,2416.07373,6241.52381,10131.1691,15420.2353,25923.354,35750.6447,1064.14823,5000,2500,5009.9386,2500,23730.5659,42489.899,949.235862,969.619998,1102.09297,1116.93374,50723.7089,97117.7424,113075.309,11747.9701,7240.52787,199.557712,2416.07373,6237.62306,10118.9481,15400.6452,25826.9951,35246.2521
h200_9b_fp8_5000_2500_4P4D_tp4,RedHatAI/Qwen3.5-9B-FP8-dynamic,16,2717.47845,5000,1.839941,5.43022523,0,0.24953322,0.25137666,0.25176626,0.25236091,19.5034921,20.4572254,8.66099714,0.04633968,7.24493074,8.6362977,8.65258384,8.65994692,8.66693282,8.67764783,8.72830296,121.618297,31.2944977,106.927156,108.886957,115.092278,118.868113,122.232199,128.784657,195.45126,3.41683339,0.01426083,2.85422978,3.40817136,3.41521716,3.41741883,3.41957862,3.42295894,3.42672527,13818.6394,412743.499,293.718768,1425.66417,2704.2579,3855.05882,5670.73109,10022.2318,14870.935,2717.47845,5000,2500,5009.9386,2500,9242.78358,27074.9951,1199.20138,1254.62731,1259.55634,1261.35879,1264.10571,98061.3239,100551.545,4600.11732,2759.60261,293.718768,1425.17975,2704.0214,3855.05882,5667.97838,9986.4381,14691.0823
h200_9b_fp8_10000_5000_4P4D_tp4,RedHatAI/Qwen3.5-9B-FP8-dynamic,32,3666.85069,4999,1.36329522,3.21920441,0,0.09896063,0.10185145,0.10376893,0.10669943,10.6741589,11.701845,23.3895249,0.25997732,16.8111398,23.2805762,23.3651383,23.390209,23.423718,23.4731956,23.5059621,219.731976,96.381781,190.89818,193.132401,198.889971,208.91428,225.628614,239.489317,280.272484,4.63450923,0.04939712,3.32101361,4.60658571,4.63113095,4.63587867,4.64264277,4.65276165,4.65837095,20464.2496,788027.153,222.605463,1700.94344,3720.70493,5597.68762,8605.21357,15531.0334,22442.7244,3666.85069,10000,5000,10009.9366,5000,13709.4224,32210.1371,981.943162,996.661699,1019.1171,1038.15514,1067.05653,108374.353,111057.575,6816.90075,4389.21916,222.605463,1700.83582,3720.26262,5596.27724,8601.30672,15505.091,22287.888
h200_9b_fp8_10000_5000_4P4D_tp4,RedHatAI/Qwen3.5-9B-FP8-dynamic,8,10306.5833,5000,0.48483575,1.57394394,0,0.12529819,0.12629238,0.22091535,0.28479656,0.30368282,10.8092818,16.4888543,0.02504972,16.0831552,16.4574769,16.4793017,16.4875753,16.4965,16.5159862,16.5332184,194.89416,18.1591982,182.82032,184.690475,189.18705,191.770554,194.922686,219.270229,232.906342,3.25922007,0.00336024,3.17955628,3.25350686,3.25780636,3.25938372,3.26080994,3.26317557,3.26477468,7277.54417,329436.972,306.387046,841.047524,1430.2963,1990.94718,2911.31461,5310.65755,8268.82741,10306.5833,10000,5000,10009.9366,5000,4860.79844,15834.1852,1242.93606,1254.44106,2095.87239,2211.74398,2850.62115,3038.33148,108618.948,2424.24215,1531.33431,306.387046,841.046343,1430.09417,1990.57425,2910.12737,5301.95775,8211.75982
h200_9b_fp8_10000_5000_4P4D_tp4,RedHatAI/Qwen3.5-9B-FP8-dynamic,64,2571.69067,5000,1.94424627,4.0298847,0,0.06664783,0.0827571,0.08402186,1.29408494,10.4083479,11.460348,32.716593,0.64624215,18.0702059,32.3733025,32.6524847,32.7779799,32.8454313,32.917577,33.282115,248.436651,215.682251,202.749491,205.702782,212.865353,216.784716,224.390984,266.671896,1326.55907,6.49438826,0.12667589,3.57253219,6.318484,6.48481056,6.5106118,6.52410269,6.53752233,6.54403513,29185.3526,1021837.96,168.750406,2214.82715,5248.49045,8128.9972,12708.7581,21629.0619,30085.2267,2571.69067,10000,5000,10009.9366,5000,19599.4612,35342.2487,799.513825,805.628933,828.295199,841.391278,13775.5137,104849.22,111840.508,9722.01063,6059.41823,168.750406,2214.52165,5247.88223,8127.60128,12702.3545,21586.7128,29870.1577
h200_9b_fp8_10000_5000_4P4D_tp4,RedHatAI/Qwen3.5-9B-FP8-dynamic,16,5826.80599,4999,0.85793143,2.66307149,0,0.11608085,0.11795991,0.12301644,0.12580192,8.81667522,11.0062742,18.615384,0.0911208,16.2999671,18.5561247,18.5908415,18.6216774,18.6353443,18.6582665,18.6795828,198.818136,45.3103952,185.262442,187.024117,190.443993,193.111897,197.293758,221.065044,234.689951,3.68378829,0.01619152,3.22315115,3.67301778,3.67950959,3.68575245,3.68830485,3.69145775,3.69388753,12878.0961,547355.464,273.080644,1211.70041,2400.99727,3503.51159,5289.80538,9742.83857,14845.1371,5826.80599,10000,5000,10009.9366,5000,8612.05467,24297.6305,1143.45417,1162.11035,1180.42871,1232.32046,1258.56625,89248.2883,109834.439,4289.85691,2798.72215,273.080644,1211.64516,2400.77541,3502.74311,5287.78759,9725.66756,14752.5999
h200_9b_fp8_20000_5000_4P4D_tp4,RedHatAI/Qwen3.5-9B-FP8-dynamic,32,4620.17142,5000,1.08221093,1.84898821,0,0.09334029,0.10475563,0.1242937,0.82274197,5.50882543,5.92215068,29.4853348,0.64233404,19.7283385,28.4362528,29.1275661,29.5330977,29.9685485,30.1487811,30.2158833,422.060585,147.869265,371.046305,376.233816,388.408184,412.837267,427.47283,456.403732,495.138407,5.81345235,0.12904707,3.85641932,5.59571405,5.74228463,5.82449535,5.91128682,5.94709148,5.96054723,27069.0444,1330101.96,192.320713,1387.00529,2952.1956,4401.15845,6749.51635,12580.1989,18371.8637,4620.17142,20000,5000,20009.945,5000,21748.1452,36814.2535,1866.73185,1890.76537,2097.74898,2490.6052,16526.5867,109974.348,111942.688,5411.65612,3579.94636,192.320713,1386.87933,2951.72597,4400.74461,6746.60148,12558.2826,18257.9082
h200_9b_fp8_20000_5000_4P4D_tp4,RedHatAI/Qwen3.5-9B-FP8-dynamic,8,11131.8457,5000,0.44907198,1.16035485,0,0.11982624,0.12037832,0.12075239,0.16689448,4.58417928,5.20983014,17.808584,0.03422986,17.5727398,17.7690401,17.7959201,17.8061121,17.8158193,17.845479,17.873647,380.221498,31.644535,360.436201,363.090515,370.018244,374.479055,382.178068,416.464329,437.600851,3.48614681,0.002844,3.44030536,3.4796574,3.48451348,3.48621489,3.48792064,3.4900335,3.49212294,11231.7086,638849.095,287.519785,781.677007,1325.34647,1840.58337,2687.57393,4928.95567,7716.76551,11131.8457,20000,5000,20009.945,5000,9000.1654,23229.4779,2372.37702,2399.49661,2408.74557,2416.36825,3340.08781,91978.738,103234.278,2245.44847,1427.08492,287.519785,781.644428,1325.21453,1840.30066,2686.66375,4921.6281,7667.83181
h200_9b_fp8_20000_5000_4P4D_tp4,RedHatAI/Qwen3.5-9B-FP8-dynamic,64,3424.02638,5000,1.45997707,2.06824857,0,0.05461471,0.08148513,0.09948774,2.68309758,5.30168899,5.87514883,43.5909805,1.07313042,20.7976143,42.4258895,43.3063788,43.705328,44.0506535,44.2864716,44.4129918,457.8709,293.257016,386.874676,392.970324,404.170275,411.25083,441.321373,498.292446,2144.88316,8.62783356,0.21724138,4.0803465,8.17762668,8.5750229,8.65083538,8.72303467,8.77128169,8.78075114,36518.0753,1667293.66,140.841392,1716.98129,3938.31362,5980.20766,9300.00887,16637.8557,24061.2539,3424.02638,20000,5000,20009.945,5000,29392.4815,38100.5277,1541.75777,1563.14881,1632.18671,1993.13093,54042.026,105519.304,112023.822,7300.71084,4735.99576,140.841392,1716.86615,3937.71082,5978.75407,9296.46396,16609.9677,23902.2337
h200_9b_fp8_20000_5000_4P4D_tp4,RedHatAI/Qwen3.5-9B-FP8-dynamic,16,6587.96784,4999,0.7586558,1.42006647,0,0.10940826,0.11807817,0.13084985,0.31126507,4.98435402,5.32558636,21.0473422,0.14066548,17.4513972,20.9454584,21.0026245,21.066329,21.0841544,21.1142473,21.1541672,388.377139,68.7054984,363.168001,366.326094,373.001337,378.564358,389.034748,429.428577,451.601505,4.13234969,0.02535628,3.41140821,4.11263955,4.12160641,4.13757674,4.14049022,4.14374118,4.14576037,18975.8047,1004180.99,263.889935,1081.78657,2122.25051,3085.10517,4659.59133,8610.42357,13407.3533,6587.96784,20000,5000,20009.945,5000,15221.5593,28693.3016,2140.33358,2194.27826,2364.34363,2619.59198,6218.42079,100439.949,104459.417,3793.65183,2505.89469,263.889935,1081.74761,2121.95261,3084.52253,4657.63954,8596.35079,13322.8105
,,,,,,,,,,,,,,,,,,,,,,,,,,,,,,,,,,,,,,,,,,,,,,,,,,,,,,,,,,,,,,,,,,,,,,,,
h200_35b_fp8_1_10000_5000,RedHatAI/Qwen3.5-35B-A3B-FP8-dynamic,32,10412.37331,4999,0.48010188,2.341719251,0,0.03168275596,0.03191952249,0.03201666492,0.03211019383,5.563962358,8.473478359,66.45792318,1.046576726,39.08090186,65.88801718,66.32344913,66.48837805,66.6730516,66.86295891,67.17489076,801.9165696,205.9198436,366.2323952,368.5684204,828.1161785,832.4308395,835.2222443,839.2081261,945.9822178,13.1333212,0.206875358,7.720274648,13.01346838,13.10290802,13.13905984,13.17769195,13.2242491,13.27217739,7206.661331,371158.8421,75.9040139,607.1066216,1287.747385,1894.446251,2923.50751,5698.782609,9177.908096,10412.37331,10000,5000,10009.93659,5000,4823.911977,17404.14603,318.2708256,319.5498812,321.2887368,322.25456,323.1958642,56048.74298,84613.70716,2400.630172,1749.277868,75.9040139,607.0783037,1287.581081,1894.30111,2922.85993,5691.050204,9120.305823
h200_35b_fp8_1_10000_5000,RedHatAI/Qwen3.5-35B-A3B-FP8-dynamic,8,24833.72075,4999,0.2012988731,3.166900301,0,0.050191419,0.05051392568,0.05066740896,0.0508458258,0.05115212481,0.05152210878,39.73305878,0.1864601845,38.9555788,39.23224473,39.61371636,39.75106215,39.86796832,40.01507998,40.08134985,693.9798111,213.3063118,335.7467651,337.4013901,549.7345924,837.089777,893.4214115,919.7847843,924.5507717,7.809207534,0.05661593574,7.609712527,7.680859559,7.769825602,7.80614826,7.850201661,7.904052257,7.930888632,3021.554043,122312.2466,15.71082785,258.5565282,585.1728075,806.5969231,1183.241365,2285.081809,3890.820037,24833.72075,10000,5000,10009.93679,5000,2018.192285,11173.29453,507.4953723,509.0303245,512.1080335,513.6219928,515.4171356,519.1949876,85358.23237,1006.517911,713.1950514,15.68585683,257.9057639,584.8165086,806.1152349,1182.043062,2276.067329,3825.697315
h200_35b_fp8_1_10000_5000,RedHatAI/Qwen3.5-35B-A3B-FP8-dynamic,16,15800.06775,4999,0.3163910483,2.664390882,0,0.04045657092,0.04074288696,0.04085602023,0.04097829737,0.04129918935,8.598620712,50.403893,0.5496787158,29.90648174,49.86689448,50.30271888,50.43371272,50.55952787,50.75470829,50.9000206,815.6893591,194.0896596,348.3197689,356.2979698,685.9958172,918.161869,935.652256,940.2594566,945.7142353,9.919327001,0.1136070813,5.909415478,9.797161783,9.887099862,9.919306497,9.956683605,10.02424782,10.06161177,4749.158574,231996.0541,5.978650353,423.3235199,862.7863363,1245.062874,1896.159132,3744.914286,6199.149349,15800.06775,10000,5000,10009.93659,5000,3173.08656,14420.96711,406.9114896,409.1445031,411.6909515,412.8505926,414.0931979,417.4439921,84899.61688,1582.004876,1169.588287,5.951494719,423.1915477,862.670506,1244.745264,1895.302305,3738.238859,6148.467235
h200_35b_fp8_1_10000_5000,RedHatAI/Qwen3.5-35B-A3B-FP8-dynamic,64,7263.750767,5000,0.688349609,2.397005331,0,0.02168761266,0.02390983896,0.02396804433,0.02402072101,5.479405383,8.240023889,92.41643217,2.283535728,46.70680547,91.22842717,92.32818246,92.51084328,92.67318606,92.89028692,93.94072437,770.0592013,465.8078404,331.2187195,384.6850395,730.9532166,734.8232269,738.6882305,746.1447716,2485.559225,18.33242721,0.4456087334,9.265878435,18.08143807,18.32277729,18.356289,18.3949203,18.434335,18.46907978,10332.82096,493893.1005,54.52418692,836.6854179,1837.200448,2736.010437,4240.049743,8138.399825,12961.53731,7263.750767,10000,5000,10009.9366,5000,6935.054646,20673.41724,238.8493914,239.0655226,240.0545123,240.6555261,241.1512285,55135.23212,82467.73384,3441.99354,2449.391651,54.52418692,836.5246889,1837.189663,2736.010437,4238.309087,8127.365997,12884.29091
h200_35b_fp8_1_1000_500,RedHatAI/Qwen3.5-35B-A3B-FP8-dynamic,32,863.8120215,5000,5.788296383,164.5031991,0,0.3618828173,0.3712732848,0.3767295046,0.7414170274,0.7568594666,72.21473459,5.510494665,0.08598961279,3.683656693,5.398783922,5.496129751,5.511985779,5.530528545,5.600963831,5.634392262,350.5292011,61.78930755,186.5401268,202.1906376,290.800333,364.8688793,370.9471226,455.7185173,493.0279255,10.34004441,0.1820045194,7.007698258,10.08639641,10.26928927,10.3330445,10.44332909,10.53018035,10.65231755,8742.210166,207021.9124,19.62757114,94.02582496,557.3825914,1487.869457,3059.302699,11176.68217,32263.87692,863.8120215,1000,500,1009.9382,500,5871.093272,168999.0756,377.6846198,378.6078518,382.0729089,386.3409481,391.373493,1945.502596,111137.9972,2894.890058,5271.549969,9.330337639,93.67094714,545.3522299,1462.194178,2993.793005,9900.009441,27869.12957
h200_35b_fp8_1_1000_500,RedHatAI/Qwen3.5-35B-A3B-FP8-dynamic,8,2311.565562,5000,2.161305805,34.45237997,0,0.5366381913,0.5410874114,0.5426685922,3.764314429,3.798768614,3.80984394,3.698097887,0.0827889011,3.663563251,3.667882681,3.686408281,3.693629026,3.701181889,3.718081713,3.730293989,188.8110971,81.33189099,177.6723862,179.2955399,183.1822395,185.2753162,187.1297359,189.930439,193.8815117,7.032263112,0.02398046693,6.96943327,6.980581131,7.016517356,7.029941421,7.045807963,7.07700114,7.097563428,3269.168569,74280.72017,10.79026117,75.52055971,284.9197745,313.1012242,1989.30334,4419.709168,11157.96973,2311.565562,1000,500,1009.9382,500,2189.939858,35140.83708,514.4998942,542.2655959,546.4874286,548.0830812,1094.82164,3834.209373,3844.386026,1082.550454,1371.42948,4.991400752,10.87689307,284.7650214,290.5246242,1988.091008,2005.19929,6553.6
h200_35b_fp8_1_1000_500,RedHatAI/Qwen3.5-35B-A3B-FP8-dynamic,16,1398.686017,5000,3.574068762,96.91057423,0,0.4453313619,0.4489735799,0.4499646405,0.4509417107,0.4522726292,0.4534345448,4.45870206,0.0432282055,3.331461191,4.430346966,4.450393438,4.457329273,4.467319965,4.489984512,4.501563311,273.4189607,26.94769762,176.7003536,187.3509884,270.9312439,277.7450085,283.434391,288.8669968,297.9841232,8.386834056,0.08819744205,6.315758806,8.308988296,8.357857416,8.379168405,8.403094833,8.531090253,8.582004803,5399.414663,142196.3527,10.50632613,11.67747558,334.6074192,892.1203871,2304.056251,8240.282908,15927.73671,1398.686017,1000,500,1009.9382,500,3619.622086,92587.82111,450.7184252,451.192522,455.1727745,460.3842202,465.3463552,1395.401561,130639.3569,1787.958826,3115.187858,10.06533112,11.03468016,321.3041213,795.2794843,2166.479339,5907.470423,14665.3986
h200_35b_fp8_1_1000_500,RedHatAI/Qwen3.5-35B-A3B-FP8-dynamic,64,557.460324,5000,8.965660486,280.972711,0,0.2794527068,0.3072562903,0.3080828047,0.3088511548,21.66042998,82.17881512,7.094342944,0.1437891567,3.721120119,6.998995304,7.082179546,7.096385956,7.112166643,7.179764509,7.217566729,387.0665567,67.87330565,208.6002827,215.7711983,370.0301647,393.7573433,410.5799198,485.547781,543.4808731,13.44077883,0.2816767467,7.02159486,13.1695261,13.39146608,13.43873316,13.50224376,13.64993762,13.77687617,13548.76628,334289.8034,72.25454358,261.1483718,853.194467,1689.888799,4324.024742,20262.33816,36535.74913,557.460324,1000,500,1009.9382,500,9119.596252,271292.9525,310.7783245,310.987012,313.0046159,316.7244172,634.2396375,38836.14815,66269.95507,4486.530071,7088.181559,72.25454358,260.9534001,851.9813122,1684.459438,4282.815521,19784.45283,34267.18954
h200_35b_fp8_1_20000_5000,RedHatAI/Qwen3.5-35B-A3B-FP8-dynamic,32,12333.31878,4999,0.4053248027,1.209043079,0,0.02846337409,0.02864882162,0.02874273925,0.02884687137,3.059865125,3.746827844,78.71044794,1.360280777,45.2875607,78.06441903,78.58124352,78.7667625,78.92238164,79.11835027,79.33715391,1167.825932,366.6201728,417.3669815,543.1005955,1177.244186,1182.09219,1185.930729,1192.036152,1311.820507,15.51100856,0.2612934189,8.955066122,15.37835739,15.48611805,15.52319021,15.5547578,15.60822557,15.67154738,10137.92607,621203.8959,64.24954532,512.5216101,1078.388624,1586.081798,2454.89773,4865.781903,7920.324682,12333.31878,20000,5000,20009.94499,5000,8140.697744,20379.47439,573.821762,574.7697019,577.26779,578.6643613,580.5099619,61202.71903,75545.76693,2026.778963,1513.386136,64.24954532,512.5004888,1078.23967,1585.763435,2454.111174,4857.548041,7869.238274
h200_35b_fp8_1_20000_5000,RedHatAI/Qwen3.5-35B-A3B-FP8-dynamic,8,26714.48976,4999,0.1871269129,1.649792426,0,0.04748556675,0.0478696546,0.04803099614,0.04822348875,0.0485466399,3.47679157,42.74230378,0.1833161224,41.86350513,42.23800826,42.63846922,42.75089788,42.87347722,43.01960897,43.11160612,1164.405388,334.2217568,503.3538342,505.4881573,1096.423626,1343.411207,1403.737783,1523.109436,1539.429426,8.317001106,0.0750111285,8.092689094,8.181132706,8.265052993,8.29932651,8.364403384,8.459534448,8.492008403,4680.185449,248415.4608,118.1823796,288.6253785,540.9194331,747.3306058,1097.847248,2120.88092,3611.0964,26714.48976,20000,5000,20009.94499,5000,3750.222227,13036.22256,967.2956254,969.9202876,976.0121546,978.8654672,981.9760048,990.5532892,63378.54415,935.6648827,666.7624687,118.1823796,288.5214923,540.7443576,747.0556551,1097.123725,2115.882944,3573.733932
h200_35b_fp8_1_20000_5000,RedHatAI/Qwen3.5-35B-A3B-FP8-dynamic,16,17698.29952,5000,0.2825130175,1.307256114,0,0.03747132186,0.03778893761,0.03793575152,0.03810007654,3.102998164,3.446202386,56.4591721,0.8041881283,34.57966852,55.92823887,56.33775306,56.47961259,56.63997531,56.85765219,57.01998448,1235.449789,270.3530238,401.766777,526.0415077,1267.475605,1284.8773,1414.436579,1422.29414,1542.572737,11.04645877,0.1625165723,6.716774568,10.90517195,11.00979545,11.04567446,11.086206,11.18438476,11.23782553,7065.98883,434903.4442,89.36219533,393.6834992,772.1895894,1110.095945,1686.491355,3338.111464,5564.443975,17698.29952,20000,5000,20009.945,5000,5664.099459,16998.55217,759.5685679,761.1770692,765.7806356,768.0728986,770.4405718,62219.09603,62928.05132,1412.635819,1047.90177,89.36219533,393.6465509,772.1472754,1109.897857,1685.813505,3332.202703,5525.939304
h200_35b_fp8_1_20000_5000,RedHatAI/Qwen3.5-35B-A3B-FP8-dynamic,64,9163.217391,4999,0.5455507369,1.232617628,0,0.01724380034,0.02072596519,0.0207737516,0.02084414238,2.941294777,3.697044166,116.6629377,3.434580715,51.18953919,110.6474452,116.6528668,116.8435578,116.9971256,117.2309132,119.8479786,1173.388886,968.5483725,544.8434353,580.3151131,1086.171389,1092.140675,1098.163605,1106.318712,5003.460407,23.10201115,0.6580614312,10.0501053,21.91419696,23.11561307,23.15489448,23.18676979,23.2325855,23.25881417,13645.54057,806045.1224,43.45527775,669.161455,1454.335645,2153.80584,3336.806744,6489.981402,10474.85033,9163.217391,20000,5000,20009.94499,5000,10977.71267,22721.68839,414.6547707,414.7383004,416.2164044,417.080658,418.4712184,58938.95667,71839.82333,2728.022908,1983.745623,43.45527775,669.0547137,1454.145721,2153.365112,3335.837365,6480.112136,10404.24596
h200_35b_fp8_1_5000_2500,RedHatAI/Qwen3.5-35B-A3B-FP8-dynamic,32,4736.73507,5000,1.055579408,5.362306565,0,0.06947600026,0.07014404744,0.07040189755,0.07063606637,8.973001652,18.49642137,30.22476458,0.4700267557,18.94123554,29.98512125,30.13929033,30.22368884,30.32378244,30.47748113,30.58818388,521.8389591,120.1624181,208.2426548,222.9340076,512.7565861,553.5359383,558.2590103,564.8696423,673.8827229,11.88554081,0.1857678395,7.450424227,11.77394261,11.84893294,11.88640186,11.92907192,12.0009961,12.05250615,7927.838598,317087.0793,83.22527135,587.437535,1259.316795,1937.322864,3170.297808,6842.257749,12409.18343,4736.73507,5000,2500,5009.9386,2500,5309.595016,20027.44028,349.9465381,350.8358675,353.8313407,355.0630891,356.1183806,45319.76992,91349.77608,2639.115651,2299.507339,83.22527135,587.3552724,1259.172621,1936.875548,3167.903323,6820.006504,12246.14307
h200_35b_fp8_1_5000_2500,RedHatAI/Qwen3.5-35B-A3B-FP8-dynamic,8,11972.48406,4999,0.4175407539,7.302203242,0,0.1035709433,0.1044130458,0.1047539538,0.1050955389,0.1056272397,0.1061540703,19.15520392,0.08772342531,18.74891329,18.94989872,19.09935594,19.15379643,19.20879316,19.2944479,19.35521317,427.4203388,127.3525423,199.8586655,202.0177841,381.2634945,481.5647602,573.1756687,581.0644627,586.1494541,7.493982986,0.06062034923,7.272488883,7.371409887,7.447827096,7.490110951,7.537780833,7.596773355,7.630112554,3135.80566,102472.0845,9.190839628,134.7264551,558.6498265,817.9219969,1255.028127,2538.156732,4950.004721,11972.48406,5000,2500,5009.938788,2500,2095.182747,18355.15092,515.8906694,526.9233794,531.2799114,533.1414198,534.9095445,538.0118252,51473.55964,1043.885226,841.1982361,9.070079341,133.2122718,555.8314339,813.6380213,1246.07962,2471.599293,4328.4871
h200_35b_fp8_1_5000_2500,RedHatAI/Qwen3.5-35B-A3B-FP8-dynamic,16,7443.800925,5000,0.6716998551,5.786246403,0,0.08536604726,0.08623459113,0.08658859133,0.08690886596,0.08750658625,19.36499963,23.74110305,0.3144901899,16.42857552,23.48782659,23.67756796,23.74601436,23.82523918,23.95339704,24.03254247,498.1710251,120.1963603,197.8979111,213.616848,405.4090977,523.989439,553.041935,654.7682285,661.1967087,9.300558649,0.1297518453,6.449731363,9.176276025,9.260984553,9.298319528,9.344534571,9.418770617,9.466050863,5044.662396,182254.2014,20.79816728,378.001442,811.1204796,1252.542287,2012.139122,4288.654397,7691.266504,7443.800925,5000,2500,5009.9386,2500,3372.639109,15351.8825,432.5394268,433.566932,437.3044195,438.8361277,440.3255064,443.5944226,93041.26632,1679.328775,1477.850962,10.34037434,377.9333213,810.9636504,1252.031045,2009.728797,4269.011705,7543.71223
h200_35b_fp8_1_5000_2500,RedHatAI/Qwen3.5-35B-A3B-FP8-dynamic,64,3177.797808,5000,1.573416656,5.272922495,0,0.04959650128,0.05497663656,0.05516688344,0.05528601731,17.2228044,18.05337282,40.46578704,0.9099011479,18.73077083,40.02608728,40.4054656,40.47720718,40.58254623,40.722651,40.98042822,482.1391141,258.9351258,127.4929047,224.0729332,453.4122944,456.8874836,460.3202343,571.9017982,1259.530783,15.99943044,0.3494007342,7.441746707,15.78437495,15.98478136,16.01552009,16.05415917,16.1127777,16.13700872,11817.39122,433280.0659,62.463573,826.8173892,1896.159132,2972.575478,4854.518519,10182.34462,16227.88667,3177.797808,5000,2500,5009.9386,2500,7929.885079,23544.14188,274.7605226,274.7820441,276.2838206,277.2639767,278.2937443,86389.47809,89389.71718,3933.917389,3146.582402,62.463573,826.6267245,1896.159132,2972.395324,4853.257515,10155.69976,16070.13027
h200_35b_fp8_2_10000_5000,RedHatAI/Qwen3.5-35B-A3B-FP8-dynamic,32,8046.266931,5000,0.6214061804,3.115056247,0,0.04121696929,0.04143572993,0.04154522741,0.04165988981,6.764199112,10.02898967,51.33508354,0.7298574356,33.60312533,50.94954872,51.23775196,51.35915422,51.46494532,51.6026032,51.73764968,740.3026286,184.6383908,240.639925,252.5856495,696.3405609,788.3474827,792.4542427,797.1923351,800.0741005,10.12066177,0.1429319906,6.624368029,10.03447025,10.10239561,10.12318896,10.15128768,10.19635814,10.24106966,9327.74412,443304.9637,97.43101402,790.1853806,1679.36206,2475.976387,3809.379251,7291.049569,11686.76303,8046.266931,10000,5000,10009.9366,5000,6246.26284,21673.49436,415.5794441,416.6089927,418.496242,419.4237965,420.550379,66664.20509,103696.3255,3107.189713,2197.153029,97.43101402,790.1444957,1679.075205,2475.642474,3807.587786,7280.225823,11610.11079
h200_35b_fp8_2_10000_5000,RedHatAI/Qwen3.5-35B-A3B-FP8-dynamic,8,21266.36298,4999,0.2350660527,4.2990088,0,0.05852890814,0.05882837491,0.05898329009,0.05913321779,0.05937515674,0.05957683965,34.02521606,0.117991682,33.63315773,33.70798206,33.94992185,34.028229,34.10257316,34.20326853,34.27310824,650.100848,239.9598365,229.0878296,233.3922386,502.2873878,685.7297421,878.9467812,969.7809219,986.2966537,6.676247462,0.05289921663,6.534015162,6.571689304,6.633852787,6.674846761,6.715601982,6.765632254,6.789595062,3528.459165,139303.2096,9.846431221,295.2570584,687.0276822,949.1050792,1391.607167,2678.965204,4602.547162,21266.36298,10000,5000,10009.93679,5000,2356.72455,12335.76072,594.8209182,596.1663251,599.386469,601.1009213,602.6974997,605.6159705,68571.54086,1175.374425,821.0118003,9.646624271,152.172145,685.7191739,947.2780735,1387.754204,2651.266751,4401.434689
h200_35b_fp8_2_10000_5000,RedHatAI/Qwen3.5-35B-A3B-FP8-dynamic,16,12750.53488,4999,0.3920619839,3.411951661,0,0.05021942105,0.0505478732,0.0507099262,0.05085312544,0.05118210875,10.08493429,40.65978562,0.4301352373,30.01689029,40.29018998,40.56089473,40.6706059,40.79562831,40.91881609,41.0575037,721.5948227,185.1462832,222.4924564,238.48629,613.1467819,782.4485302,877.5010109,885.368824,887.5286579,7.989007286,0.09001104961,5.885824105,7.903461147,7.959423267,7.985009983,8.017908647,8.080673065,8.117168993,5885.068109,278833.7117,9.731773064,526.3444971,1082.121775,1559.494277,2363.375678,4578.135068,7404.402988,12750.53488,10000,5000,10009.93679,5000,3933.797459,16778.06336,507.7930762,509.3092703,512.3050705,513.6636424,515.18091,519.16611,103216.0422,1960.390704,1400.675622,9.592264539,526.1807349,1081.964306,1559.220818,2362.222035,4568.958606,7345.92461
h200_35b_fp8_2_10000_5000,RedHatAI/Qwen3.5-35B-A3B-FP8-dynamic,64,5322.086766,5000,0.9394811132,3.205138036,0,0.02945050961,0.03309655885,0.03315650854,0.03323472616,6.719756479,10.09755933,67.65360873,1.482135273,39.18400216,67.21348143,67.58652043,67.70603609,67.80673146,67.99552679,69.16722822,729.2525974,363.4538619,230.6723595,257.160902,700.8383274,704.9057484,708.1542015,807.1806431,2087.458611,13.38706829,0.285440311,7.722856617,13.30378643,13.38031111,13.40328429,13.42303125,13.46479871,13.50764991,14102.68523,617963.9012,74.09514724,1129.626717,2522.134888,3778.652252,5841.649025,11114.51228,16636.03887,5322.086766,10000,5000,10009.9366,5000,9473.629637,26190.04996,322.0223191,322.7936968,333.1318041,333.8318938,334.6668016,66935.00684,102061.0914,4697.783076,3223.155909,74.09514724,1129.453112,2522.131088,3778.652252,5840.542817,11096.04233,16542.79683
h200_35b_fp8_2_1000_500,RedHatAI/Qwen3.5-35B-A3B-FP8-dynamic,32,723.2195156,5000,6.913530252,180.0159827,0,0.4417817746,0.4445991584,0.4460337247,0.8922114775,3.123588673,87.27315099,4.610024524,0.04499458963,3.736099958,4.578141451,4.598390341,4.60724473,4.618753433,4.656262875,4.715917826,288.5913965,72.46084023,113.2893562,116.451025,209.528923,292.9906845,342.6949978,388.171196,400.8703232,8.659670231,0.1607066854,6.865844937,8.422826717,8.605907819,8.646183358,8.801057487,8.868303949,9.014599309,10441.01272,263906.3273,110.2024172,111.3078924,696.3234,1729.609897,3552.48786,13371.85122,35469.80127,723.2195156,1000,500,1009.9382,500,7016.829114,194755.5457,462.5605031,464.7135618,468.3540625,478.8098359,960.4360252,41713.09116,104652.9568,3457.430482,5988.814408,18.13078812,111.3049386,693.2733884,1719.681837,3521.665827,12768.04871,31631.25189
h200_35b_fp8_2_1000_500,RedHatAI/Qwen3.5-35B-A3B-FP8-dynamic,8,2073.882892,5000,2.409007795,23.20139213,0,0.5991165314,0.6038118294,0.6057173027,4.221726526,4.236737957,4.245178216,3.317794238,0.1100514906,3.289784431,3.294745207,3.306870222,3.31175065,3.316812515,3.327296019,3.339701176,183.7393203,105.2273394,99.68328476,100.6803513,186.8708134,188.2023811,190.2699471,195.4169273,207.665205,6.28029037,0.0734970145,6.216823696,6.22718081,6.249289236,6.259483899,6.272983455,6.4336642,6.451406078,3643.721288,78693.30796,20.26537308,146.9424395,319.9560607,399.7240065,2176.59782,2561.146346,20972.55722,2073.882892,1000,500,1009.9382,500,2440.822213,17984.18808,493.0030514,606.0494746,609.8362521,625.4133068,1258.702522,4275.915317,11423.16037,1206.57961,1357.310043,16.31275912,20.99913386,319.8828554,335.62487,2176.113845,2211.186022,4834.003842
h200_35b_fp8_2_1000_500,RedHatAI/Qwen3.5-35B-A3B-FP8-dynamic,16,1194.094959,5000,4.187271676,83.27138726,0,0.5175233233,0.5266945332,0.5281527578,0.5296984726,1.059200175,3.174937825,3.805756804,0.03120969034,2.898689747,3.782304525,3.797403812,3.803630352,3.810786963,3.826958418,3.887755871,224.2622593,56.47615805,100.5847454,102.6163101,188.8849735,195.0814724,277.6074409,285.2027416,291.0284996,7.176858118,0.1186827837,5.429979317,7.027991549,7.064910117,7.221986392,7.245664845,7.403999627,7.437532555,6323.283433,158615.5546,21.19320088,127.0917768,420.9880558,1095.6907,2619.257286,8068.185765,22918.95072,1194.094959,1000,500,1009.9382,500,4239.015321,92462.53429,538.9393795,541.0925396,545.0429383,559.247547,1082.824063,2802.626694,106454.7373,2093.888158,3433.325419,19.69915179,22.8966722,407.1349253,1030.035363,2524.914618,6728.110363,16523.8503
h200_35b_fp8_2_1000_500,RedHatAI/Qwen3.5-35B-A3B-FP8-dynamic,64,456.1475241,5000,10.96136608,252.5352868,0,0.3679173371,0.3778591999,0.3824134649,0.3840712281,21.25086259,64.01009274,5.792642752,0.117882088,3.798104048,5.645788908,5.741799593,5.810765982,5.83116436,5.869347572,6.111783266,346.3995805,87.11088275,118.6482906,123.2540607,295.3977585,383.7711811,389.2490864,480.4205894,591.0718441,10.9124937,0.2572682374,7.056112997,10.53400651,10.75781371,10.89947305,11.05880212,11.27661111,11.4519061,16555.70432,358154.4446,176.4536811,281.8373874,884.2213555,2100.82845,6805.252569,22250.9496,38130.03636,456.1475241,1000,500,1009.9382,500,11159.62429,282009.7553,396.6655296,396.9474534,399.6923643,401.0565311,408.387993,41313.11722,62906.46313,5482.245671,7699.564155,176.4536811,281.6670472,882.6397306,2090.879362,6743.254019,21807.47314,35848.75214
h200_35b_fp8_2_20000_5000,RedHatAI/Qwen3.5-35B-A3B-FP8-dynamic,32,9238.991156,4999,0.541076392,1.731903068,0,0.03819702283,0.03846422756,0.03859210206,0.03875764884,3.777093776,4.772806307,58.96388529,0.9502045279,34.54243803,58.58630633,58.85580683,58.98554277,59.12203836,59.27347755,59.42466307,1116.550484,315.281577,352.547884,403.6028385,1063.585043,1166.618109,1170.418024,1175.793648,1486.521006,11.57131058,0.1817274398,6.839313801,11.48482737,11.54853163,11.57253507,11.60242343,11.6754389,11.7386927,13533.44259,755493.4655,85.34820973,689.625781,1456.588353,2143.336419,3303.331203,6393.506545,10293.37714,9238.991156,20000,5000,20009.94499,5000,10868.052,25957.31459,774.3186725,775.1865578,779.7754417,781.878226,783.9408282,75738.12764,93275.43412,2705.612226,1944.282734,85.34820973,689.516153,1456.355556,2143.007604,3302.576539,6381.982099,10216.17736
h200_35b_fp8_2_20000_5000,RedHatAI/Qwen3.5-35B-A3B-FP8-dynamic,8,22507.41438,4999,0.2221045881,2.440868168,0,0.05567426444,0.0561702889,0.05638054935,0.05661990823,0.05696402658,3.989810265,36.01072443,0.1441350795,35.2902236,35.61000013,35.93217373,36.00910616,36.09698105,36.22884369,36.34499812,1103.124731,413.9317582,351.5825272,367.1722412,838.5663033,1209.532261,1455.561876,1615.760565,1661.267042,6.98269772,0.08571604334,6.766162793,6.840072648,6.912287771,6.961141927,7.055218064,7.134142244,7.158703984,5555.031004,279207.6713,10.6250336,287.1630837,643.3380308,892.6376185,1312.337123,2522.131088,4241.76184,22507.41438,20000,5000,20009.94499,5000,4451.198279,15596.9912,1149.781037,1152.281556,1158.182761,1160.902353,1163.596109,1173.412897,77652.03062,1110.564419,782.4469381,10.50945883,287.0844627,643.0848731,892.2152733,1311.295036,2514.570743,4190.113886
h200_35b_fp8_2_20000_5000,RedHatAI/Qwen3.5-35B-A3B-FP8-dynamic,16,13919.74135,4999,0.3591302363,1.863583266,0,0.04751368669,0.04783429558,0.04802273727,0.04821860182,3.82117052,4.688520998,44.4867813,0.3879644287,34.4842217,44.10673809,44.3858757,44.50794888,44.6003685,44.71802449,44.82478118,1129.148428,282.3981196,361.2604141,391.3731575,1084.287882,1250.845194,1254.905224,1360.724688,1469.264507,8.672941293,0.08841469047,6.825884334,8.572912665,8.634482891,8.664096444,8.693076773,8.81252119,8.848795297,8982.320375,532506.8664,112.9121434,506.1118494,991.4936161,1423.383248,2156.150027,4200.050987,6832.169087,13919.74135,20000,5000,20009.94499,5000,7204.231938,21075.73178,971.0160561,971.8742153,975.8448587,978.2538823,981.0310558,76625.0434,78704.70649,1795.749727,1289.455574,112.9121434,506.0694981,991.3342317,1423.155011,2155.346351,4192.931775,6786.13191
h200_35b_fp8_2_20000_5000,RedHatAI/Qwen3.5-35B-A3B-FP8-dynamic,64,6512.046656,5000,0.7678077668,1.7110298,0,0.02409423502,0.02985836762,0.02992475376,0.03001650731,3.708426023,4.53485825,82.85583915,2.261333273,39.89389277,79.60035706,82.85778046,82.93887711,83.05248642,83.22294855,85.92988944,1057.170722,744.6839703,383.5773468,411.3776684,976.5388966,979.2146683,983.076334,1083.114147,4187.2859,16.36265435,0.4251517873,7.903610284,15.70728155,16.37323715,16.3924665,16.41644938,16.45895609,16.50519375,19205.27833,1052704.309,60.85145143,894.6894198,2030.205575,3048.421815,4750.469685,9153.485703,14376.91656,6512.046656,20000,5000,20009.945,5000,15459.55883,29821.5846,599.1886085,599.3426659,601.8751512,602.9697909,604.9120872,74273.63842,91141.31095,3839.528301,2742.084126,60.85145143,894.5524618,2030.156825,3048.186047,4749.718718,9137.917211,14292.70524
h200_35b_fp8_2_5000_2500,RedHatAI/Qwen3.5-35B-A3B-FP8-dynamic,32,3791.456541,5000,1.318754401,7.227877985,0,0.0868138996,0.08774610486,0.08799707822,0.08827753793,10.35676647,20.72653239,24.18604278,0.3269254906,16.29500127,23.92508149,24.11519814,24.19047427,24.27376747,24.39283633,24.53846931,530.1723173,143.5315774,123.3823299,142.9169178,484.9908352,580.704689,585.744381,681.5047264,690.8950806,9.465772206,0.1295564198,6.471174915,9.355992115,9.432279191,9.460882551,9.496468074,9.588101331,9.645873234,9904.359361,373580.838,103.3028915,710.658082,1554.021489,2442.809552,4013.688038,8595.908938,14873.41844,3791.456541,5000,2500,5009.9386,2500,6635.579388,22710.55764,443.4978042,443.746307,446.9658327,448.1251695,449.5538841,51930.48502,104713.1087,3297.084,2799.918351,103.3028915,710.5376927,1553.458589,2441.578742,4011.129104,8568.547497,14665.3986
h200_35b_fp8_2_5000_2500,RedHatAI/Qwen3.5-35B-A3B-FP8-dynamic,8,10425.0693,5000,0.4796131189,9.657773629,0,0.1191329229,0.1198898785,0.1201391875,0.1204120147,0.1209191623,0.1214044077,16.67934781,0.06205489432,16.4137361,16.5555644,16.64527512,16.67914104,16.71286011,16.76214147,16.81790924,366.1502631,143.6409671,125.1971722,126.5881062,302.4556637,388.9741898,488.2161617,575.4849911,603.4319401,6.527771748,0.05971229428,6.369431432,6.413073671,6.478525916,6.527214157,6.572680265,6.628126276,6.650668614,3602.140384,124223.4225,17.25411987,301.4448757,641.6969772,946.58181,1449.477249,2912.711111,5433.036269,10425.0693,5000,2500,5009.9386,2500,2406.757558,12268.14545,608.903126,610.7928476,613.9331813,615.1143986,616.3733839,619.0956409,100978.9307,1199.124446,938.1161129,16.97645164,151.6927306,638.4024353,941.9052324,1440.351648,2843.595932,4832.642063
h200_35b_fp8_2_5000_2500,RedHatAI/Qwen3.5-35B-A3B-FP8-dynamic,16,6144.605734,4999,0.8135591146,7.894110806,0,0.1034477469,0.1042603757,0.1045913157,0.1048942028,0.1054547162,20.54565984,19.59208714,0.1912785191,14.8064394,19.40833092,19.55273747,19.59915066,19.64177179,19.71086788,19.79381371,463.1163252,142.2230101,121.1590767,133.803606,388.3662224,491.0240173,577.2378445,583.5092068,673.8357544,7.654392492,0.09206598378,5.798645714,7.545221038,7.612364442,7.642251198,7.696158412,7.778866094,7.817514041,6110.058099,216315.7758,36.15997517,408.3637426,967.3210332,1507.116062,2467.237647,5240.311331,9258.949227,6144.605734,5000,2500,5009.938588,2500,4085.76676,17375.63001,528.3486919,530.2254535,533.8429226,535.0563154,536.5120961,540.2254459,104256.2019,2033.9907,1780.40724,18.06846046,408.2445007,967.2095007,1506.033752,2464.338425,5216.79602,9075.912366
h200_35b_fp8_2_5000_2500,RedHatAI/Qwen3.5-35B-A3B-FP8-dynamic,64,2433.91777,5000,2.054301119,7.469339033,0,0.06421921411,0.07252115492,0.07273345874,0.07299768412,20.00402532,21.07002235,30.94244969,0.5711189013,18.89157295,30.66011858,30.86525726,30.93471837,31.03364229,31.18810153,31.66896057,546.4551901,225.872491,139.3101215,155.3163528,486.6070747,493.3373928,586.7948532,684.1878891,1106.920481,12.16281241,0.2091647869,7.442599728,12.01147831,12.14130996,12.1694175,12.20488586,12.2695782,12.3305046,15429.12291,533921.0807,80.89303761,592.2611671,2244.23709,3792.318264,6482.695518,14059.11955,22192.08466,2433.91777,5000,2500,5009.9386,2500,10372.15564,28187.89872,364.3915826,364.6076198,368.0809607,369.0636048,370.3494183,101241.8904,105403.5525,5136.234707,4411.72006,80.89303761,591.9977417,2244.143392,3792.318264,6479.357364,14023.39264,21921.44948
h200_35b_fp8_4_10000_5000,RedHatAI/Qwen3.5-35B-A3B-FP8-dynamic,32,7262.451693,5000,0.6884727377,3.465553771,0,0.04586469226,0.04606159819,0.04614178561,0.0462637285,7.069258203,10.69571692,46.33086831,0.6201953073,31.27529502,46.04223156,46.28482556,46.35570002,46.4280777,46.5241847,46.59146714,734.4990022,181.3600959,241.4636612,246.7851639,745.7869053,750.428915,756.4234734,854.0277481,862.7364635,9.12069886,0.122447823,6.12416833,9.033511796,9.103498022,9.123211218,9.144001232,9.190793609,9.233075205,10334.48459,479250.0581,107.9723118,890.5104034,1871.327771,2757.596318,4232.39556,8025.266814,12707.84743,7262.451693,10000,5000,10009.9366,5000,6921.114247,23296.62454,463.4174777,463.9656569,465.6343732,466.511972,467.5427696,71146.75885,107256.1299,3442.547714,2389.047433,107.9723118,890.4253895,1871.046893,2757.015797,4231.513292,8012.117321,12624.85615
h200_35b_fp8_4_10000_5000,RedHatAI/Qwen3.5-35B-A3B-FP8-dynamic,8,19741.85113,4999,0.2532184022,5.290445648,0,0.0630475544,0.06328610195,0.06340665876,0.06352822615,0.06375458338,0.06391511664,31.585924,0.09282048708,31.29666233,31.36330891,31.53003883,31.58845091,31.64733052,31.71746159,31.76638579,644.4953229,253.6570594,221.4205265,225.1434326,476.4165878,651.4065266,908.7300301,1010.90312,1064.638376,6.189445197,0.05315553832,6.057043366,6.088956925,6.143431445,6.192944293,6.230022269,6.277612076,6.294289644,3800.962548,147269.4638,7.955338827,319.3227255,742.5461346,1026.003914,1507.209233,2920.824513,5225.157945,19741.85113,10000,5000,10009.93679,5000,2538.76286,12852.84341,642.6452265,644.2002345,646.7530479,648.024149,649.5652582,652.3575099,73345.82354,1266.148753,879.8003686,7.888715854,159.7769228,739.4285853,1021.800842,1498.226244,2855.210347,4713.842208
h200_35b_fp8_4_10000_5000,RedHatAI/Qwen3.5-35B-A3B-FP8-dynamic,16,11755.93016,4999,0.425232196,3.906101343,0,0.05456038135,0.05484428203,0.05497752291,0.05511140046,0.05537889829,10.57317371,37.48468667,0.362386103,28.34150553,37.19177818,37.42399645,37.50129938,37.57244086,37.68237519,37.74992561,739.7201461,196.4011405,231.3239574,242.0158386,605.1983833,837.6145363,844.8023796,933.5803986,946.4654922,7.350172449,0.07964669042,5.549587949,7.270217824,7.321967247,7.342361407,7.373888318,7.443736567,7.474384205,6382.9871,289538.0477,9.220702648,559.7629788,1172.017861,1694.650614,2573.192638,4962.711612,7970.807691,11755.93016,10000,5000,10009.93679,5000,4266.841163,17763.03577,553.2836491,554.351416,556.9541392,558.2848567,559.624947,563.3746565,106427.9708,2126.253825,1508.38467,9.179414565,559.5389541,1171.760911,1693.983845,2571.925041,4951.952774,7901.922894
h200_35b_fp8_4_10000_5000,RedHatAI/Qwen3.5-35B-A3B-FP8-dynamic,64,4837.72043,5000,1.033544636,3.513280507,0,0.03240794294,0.03649437855,0.0365733582,0.03665624152,7.490042573,10.67568035,61.50908383,1.279663146,34.97118735,60.6393733,61.46489024,61.55253649,61.65297747,61.79513788,62.82336855,762.2220726,338.9663403,237.0281219,260.7533932,748.349905,755.5527687,760.5564594,850.8183956,1998.500824,12.15152374,0.2447723073,6.948186436,11.97716188,12.15073165,12.16246934,12.18490768,12.22169297,12.260031,15514.77726,661763.7239,81.56474729,1209.025038,2772.177132,4167.217089,6449.05768,12228.29155,17988.86779,4837.72043,10000,5000,10009.9366,5000,10421.439,28132.24926,366.1233009,366.1986007,368.1274005,368.8236663,369.509315,101668.8938,107136.2522,5168.168819,3520.222829,81.56474729,1208.733141,2772.177132,4166.23463,6446.565604,12207.83979,17884.02103
h200_35b_fp8_4_1000_500,RedHatAI/Qwen3.5-35B-A3B-FP8-dynamic,32,653.5170624,5000,7.650909651,189.8829797,0,0.4750369956,0.4922824417,0.494324461,0.988330347,0.9937985683,70.94320219,4.167044567,0.06039984107,3.096575975,4.072178602,4.156736135,4.164417982,4.172546387,4.247395277,4.359130144,294.4736915,80.12499822,108.9785099,111.440897,205.5139542,289.1900539,376.1093616,387.5780106,452.5201321,7.760085705,0.1718237866,5.787450469,7.545771723,7.600209517,7.762504723,7.928710184,7.973322649,8.123904287,11555.54785,272635.6916,16.44399489,123.2024439,755.1861721,1912.213625,3994.575238,15412.14068,38479.85321,653.5170624,1000,500,1009.9382,500,7763.368477,210508.3584,510.4078748,511.1239027,520.8761964,533.0363938,1069.316235,42503.15585,107731.6895,3826.496954,6454.838283,15.42613352,123.1952065,750.591267,1896.159132,3950.678807,14624.49093,33825.03226
h200_35b_fp8_4_1000_500,RedHatAI/Qwen3.5-35B-A3B-FP8-dynamic,8,1928.40075,5000,2.590747828,27.68386364,0,0.6458251982,0.6494868125,0.6512092533,4.539211442,4.555451755,4.56130674,3.084939235,0.1050966043,3.063632488,3.066851377,3.074867487,3.078659534,3.08282876,3.093302011,3.098112583,181.6561902,100.6854497,96.69280052,98.12927246,185.1458549,186.5899563,188.5876656,194.1757202,201.2569904,5.817785039,0.07200619449,5.765596707,5.770319211,5.786910564,5.795330227,5.805133579,5.971156524,5.990061827,3918.954996,84909.27573,19.68694673,149.8248547,345.523025,431.2465556,2345.432817,2957.20611,21453.8605,1928.40075,1000,500,1009.9382,500,2625.16475,17694.8334,520.5495779,652.3004244,655.9844233,673.0008687,1357.624968,4598.31356,80468.17438,1297.720329,1465.429863,18.61355487,21.38205546,345.4376544,359.7481774,2344.870857,2424.85365,5377.312821
h200_35b_fp8_4_1000_500,RedHatAI/Qwen3.5-35B-A3B-FP8-dynamic,16,1102.890955,5000,4.533539764,95.78840612,0,0.5662339759,0.5701505542,0.5714422735,0.5727584734,0.574402618,1.035510703,3.515312579,0.02935171255,2.562472582,3.494509697,3.508342743,3.513837337,3.520057678,3.530898333,3.549138308,224.4212399,55.68400082,97.34940529,98.87266159,187.0446205,196.9192028,276.2906551,283.7662697,292.2415733,6.594457185,0.11263604,4.937227838,6.453575734,6.486926146,6.645145302,6.664240289,6.822227715,6.849019465,6846.253798,159503.1902,19.32823358,45.03491187,423.8811521,1099.856824,2902.632526,9085.135018,23598.64959,1102.890955,1000,500,1009.9382,500,4589.442948,110110.4634,583.7167193,586.7903195,590.838251,604.8402157,609.319344,3041.646053,118537.6554,2267.064241,3761.839287,18.16345055,22.94853641,412.3787238,1028.267713,2799.001668,7423.546903,18477.11013
h200_35b_fp8_4_1000_500,RedHatAI/Qwen3.5-35B-A3B-FP8-dynamic,64,411.0162585,5000,12.1649689,331.7531331,0,0.3742019566,0.4146285044,0.4177531212,0.4246267701,21.33669758,102.2601911,5.225527942,0.1278284387,3.109576464,4.95690608,5.15115428,5.226628304,5.300542355,5.396718502,5.514864206,380.4021595,113.2316194,113.601923,124.6049404,294.84725,382.2700977,475.2867222,571.2749958,675.1563549,9.708996198,0.2639292103,5.791774494,9.158658599,9.533363258,9.699207508,9.876245487,10.06655464,10.22118653,18374.78969,404996.8885,96.10705284,283.3989189,1028.141684,2293.849604,6579.300392,26269.12735,47233.15315,411.0162585,1000,500,1009.9382,500,12377.23557,320255.4301,438.6173921,440.5698037,443.4534594,452.7293134,905.9673246,42586.2612,84086.72258,6084.616472,9179.695489,96.10705284,283.2649423,1024.75055,2281.000653,6502.796899,25731.92638,43842.89895
h200_35b_fp8_4_20000_5000,RedHatAI/Qwen3.5-35B-A3B-FP8-dynamic,32,8371.631165,5000,0.5972551707,1.917612697,0,0.04208991444,0.04243589515,0.0425843462,0.04273698245,4.1785467,5.246933256,53.41787321,0.8712042581,31.83827424,52.94058633,53.35772252,53.44822884,53.53373551,53.66084743,53.87798977,1040.372246,278.9047691,348.41609,379.6727657,1054.570198,1057.788372,1061.824322,1153.968096,1432.238579,10.47715263,0.1678908469,6.299195325,10.37783798,10.46171349,10.48037071,10.5006897,10.57167391,10.63005403,14938.88592,824288.7006,94.72659108,769.6098324,1611.271215,2375.030578,3658.445316,7023.018107,11270.03425,8371.631165,20000,5000,20009.945,5000,11997.42956,28652.0158,856.4315919,857.4938105,860.8952615,862.7662372,864.9374138,83726.99453,103535.5938,2986.589119,2119.231684,94.72659108,769.5317045,1610.965312,2374.976504,3656.760244,7011.534957,11189.85567
h200_35b_fp8_4_20000_5000,RedHatAI/Qwen3.5-35B-A3B-FP8-dynamic,8,20924.95046,4999,0.238901402,2.727563317,0,0.05972899584,0.06031166765,0.06057442285,0.06082121629,0.06119221158,4.158717851,33.47871508,0.1148265489,32.7920661,33.16457653,33.41093493,33.48857737,33.55173206,33.64523697,33.7301743,1057.646142,396.3086038,353.533268,363.7399673,796.9257832,1173.928261,1408.726692,1526.069641,1699.800014,6.48539731,0.08056531203,6.278294185,6.352393192,6.417508649,6.465719852,6.553149791,6.628665716,6.646250839,5975.122806,294989.0668,6.662182797,304.6655593,692.8467614,962.4904781,1415.985503,2713.003881,4547.849946,20924.95046,20000,5000,20009.94499,5000,4787.834361,16884.05636,1238.051727,1240.805987,1245.396196,1247.682513,1250.603312,1257.745486,85573.77794,1194.54937,836.5211245,6.653907658,304.4458052,692.4211623,961.8843675,1414.463155,2702.515464,4474.470992
h200_35b_fp8_4_20000_5000,RedHatAI/Qwen3.5-35B-A3B-FP8-dynamic,16,12880.77444,4999,0.3880977827,2.251072019,0,0.05126512774,0.05162419815,0.05182483595,0.05201412454,4.16558231,4.978431919,41.0809452,0.4706965916,29.19287109,40.71333504,41.01870513,41.10474586,41.18296146,41.30774641,41.44045877,1135.365606,296.6259399,338.6507034,374.6776581,1098.128796,1237.670898,1317.005873,1419.954538,1525.467157,7.990340485,0.1052980388,5.640718121,7.895461939,7.956399897,7.976179863,8.012535811,8.133712161,8.167084133,9706.859178,543838.8035,6.485443002,527.055039,1070.521695,1542.590658,2340.571429,4534.928996,7332.699301,12880.77444,20000,5000,20009.94499,5000,7783.44519,22923.41013,1048.549747,1050.509836,1055.973169,1058.143607,1061.302252,84092.51833,85315.9428,1940.599866,1385.895424,6.459632533,526.8800438,1070.348241,1542.036685,2339.266035,4525.859005,7275.462272
h200_35b_fp8_4_20000_5000,RedHatAI/Qwen3.5-35B-A3B-FP8-dynamic,64,5943.114258,5000,0.8413097549,1.944394149,0,0.02632555323,0.03258180162,0.03264747979,0.03274452729,4.119133925,5.207837762,75.64950638,1.902544441,35.5091033,73.56025362,75.6268487,75.70483661,75.78901315,75.96515965,78.46418166,1028.028497,657.923447,358.8373661,394.7958946,969.1150188,972.9473591,977.8547287,1075.780869,3798.734188,14.92676585,0.3535977122,6.967372001,14.5209562,14.9331566,14.9483665,14.9650206,15.00291451,15.06381522,21043.82377,1139984.581,66.49310955,989.7232054,2252.580021,3368.426906,5216.79602,9953.06561,15279.79599,5943.114258,20000,5000,20009.945,5000,16935.99959,32952.47866,654.9015168,654.936933,657.3209583,658.2596041,659.771428,82559.35407,101466.0185,4207.091173,2931.55137,66.49310955,989.6045559,2252.55437,3367.644596,5216.372916,9937.816199,15196.75362
h200_35b_fp8_4_5000_2500,RedHatAI/Qwen3.5-35B-A3B-FP8-dynamic,32,3412.297755,5000,1.465288334,8.887302844,0,0.09649144884,0.09778846912,0.09809206749,0.09837779411,10.54327356,21.44601304,21.75780917,0.2313933771,16.77823472,21.56365299,21.70960665,21.75515056,21.81289315,21.90575194,22.01932669,560.1006706,153.7548514,134.2220306,141.5278912,499.6995926,571.7458725,663.0711555,673.0265617,772.0696926,8.482032302,0.0981882089,6.559518396,8.390877332,8.446888906,8.472362105,8.50536061,8.613609228,8.66628485,11004.95517,394670.5258,114.8117815,713.5597142,1763.794786,2757.596318,4490.689507,9467.954853,15824.60084,3412.297755,5000,2500,5009.9386,2500,7376.931847,26935.77401,496.1039016,497.6816037,500.1405575,501.3490423,502.7125747,85052.0227,107029.7048,3663.463762,3013.508562,114.8117815,713.3697785,1763.526515,2755.784494,4488.286784,9436.004499,15621.24395
h200_35b_fp8_4_5000_2500,RedHatAI/Qwen3.5-35B-A3B-FP8-dynamic,8,9665.574865,5000,0.5172998057,10.50782242,0,0.1287440777,0.1293354014,0.1295554602,0.1297734423,0.1302106323,0.1306709219,15.46410789,0.04480905328,15.29001927,15.35722041,15.43910861,15.46385169,15.489609,15.53382444,15.56466293,356.8877994,138.8232892,119.4701195,122.3900318,288.5832787,373.3370304,479.4583321,567.6689148,575.7730007,6.04519438,0.05764538244,5.892278767,5.93837169,5.996307214,6.046595884,6.088172784,6.141119358,6.160087898,3885.038524,134718.7103,15.6923123,325.2154765,687.703558,1028.74848,1575.029666,3125.412817,5924.158192,9665.574865,5000,2500,5009.9386,2500,2595.734778,12897.55942,658.6422833,659.9190937,663.0971467,664.2391764,665.3487827,667.9968572,105488.7427,1293.29903,999.5588429,15.49531923,163.1390121,683.7795892,1023.000976,1563.288856,3042.657962,5178.153086
h200_35b_fp8_4_5000_2500,RedHatAI/Qwen3.5-35B-A3B-FP8-dynamic,16,5654.934472,4999,0.8840067068,10.76326992,0,0.1120412778,0.1128197646,0.113164988,0.1135444394,0.1141046369,20.70198022,18.026048,0.1372158074,14.08955216,17.87986302,17.99017787,18.02949572,18.07126236,18.13872147,18.18211985,509.0871988,176.4416615,124.0935326,136.3945007,326.7502785,571.7294216,658.9121819,740.0743961,760.1399422,7.009393566,0.08577644609,5.556076801,6.892003742,6.952534012,6.9925122,7.0677854,7.149677078,7.182514825,6639.15995,210571.9875,17.00329177,405.5602398,1109.674012,1702.233766,2684.35456,5489.926702,9532.509091,5654.934472,5000,2500,5009.938588,2500,4439.937338,18299.5185,577.7699183,578.8456145,581.9394232,583.2915656,584.5216002,588.9980471,106796.6195,2210.124581,1812.595129,16.6792753,405.325087,1109.017451,1700.853204,2680.066454,5459.440069,9318.766452
h200_35b_fp8_4_5000_2500,RedHatAI/Qwen3.5-35B-A3B-FP8-dynamic,64,2207.068733,5000,2.265448298,8.76746308,0,0.07105854703,0.08039199161,0.08062630991,0.08110222818,20.65025368,21.50461952,28.06336886,0.5372690903,16.78518033,27.84936404,28.00388956,28.06905293,28.14336991,28.27895474,28.59149885,626.5602477,229.3781366,143.746376,157.528162,570.8796978,578.742981,668.990612,767.6472664,1128.80373,10.97866073,0.1979263153,6.562403747,10.82378313,10.95613645,10.98571066,11.00631941,11.0987682,11.17276258,17014.74619,552872.0665,89.39415963,1100.867192,2777.684768,4405.781513,7133.170068,14242.11885,21564.54499,2207.068733,5000,2500,5009.9386,2500,11435.64836,30836.85285,406.8722278,407.0255214,410.0591168,411.1548218,413.9333241,104069.2907,107217.2899,5664.076331,4242.097904,89.39415963,1100.359379,2777.684768,4401.835741,7133.170068,14201.93228,21303.69365
h200_35b_fp8_8_10000_5000,RedHatAI/Qwen3.5-35B-A3B-FP8-dynamic,32,7276.520245,5000,0.6871416325,3.576957432,0,0.04560871654,0.04591151522,0.04601776793,0.0461469577,6.963684874,10.66276185,46.42410813,0.6505742574,30.78675342,46.01732469,46.355896,46.45480895,46.54111862,46.6935358,46.85282755,795.0329731,194.8831553,247.4954128,257.2593689,760.4949474,849.5745659,857.2907448,942.5091743,1132.71594,9.127251324,0.1295948197,5.98777602,9.016326867,9.109232802,9.128325652,9.150289063,9.208147706,9.252925281,10314.5464,467780.8282,108.0944214,881.5266919,1864.963984,2750.099577,4223.846422,8019.701721,12745.17285,7276.520245,10000,5000,10009.9366,5000,6907.055035,23164.96833,462.2352446,462.5779982,464.90182,465.909225,467.1219401,70497.94902,106003.9464,3435.906052,2393.691995,108.0944214,881.5266919,1864.717683,2749.366096,4221.44275,8005.196169,12660.09327
h200_35b_fp8_8_10000_5000,RedHatAI/Qwen3.5-35B-A3B-FP8-dynamic,8,19299.07038,4999,0.2590280206,5.393832602,0,0.06449988692,0.06475384838,0.06485518673,0.06497084501,0.06519282598,0.06536605031,30.87750639,0.08922850977,30.52359724,30.66127372,30.82821774,30.88319755,30.93083549,30.99724817,31.07703733,650.0966305,255.4456806,226.4277935,229.6056747,484.5011234,657.3755741,907.5386524,1021.50321,1033.331633,6.046633542,0.05294791102,5.912352953,5.946951262,6.000050833,6.050844673,6.087263529,6.134160258,6.148989522,3888.208027,147191.1898,9.451398904,326.2526447,760.4752302,1050.677355,1543.876552,2989.525303,5365.400962,19299.07038,10000,5000,10009.93679,5000,2597.028862,12965.10079,657.8745443,659.2082454,662.0024585,663.3275513,664.7984907,667.4983763,72610.74166,1295.211326,898.4154396,9.360739521,163.3486778,757.0945848,1046.080338,1534.127286,2919.002821,4808.349133
h200_35b_fp8_8_10000_5000,RedHatAI/Qwen3.5-35B-A3B-FP8-dynamic,16,11679.62253,4999,0.4280104076,4.23821595,0,0.05478151687,0.05512420552,0.05526449953,0.05542317709,0.05581430009,10.10673227,37.23657914,0.3255607233,28.54846144,36.86257982,37.16119504,37.25621963,37.33690429,37.46589899,37.57466221,813.2821839,232.5683692,245.9201813,252.5365353,682.1889877,940.1707649,950.1514435,1017.7145,1125.302076,7.28594534,0.07657702427,5.627377507,7.184089387,7.252496585,7.27593739,7.31813414,7.391394365,7.426032736,6424.736998,305753.2557,8.764628074,524.2224722,1164.437535,1696.687574,2593.476083,5047.035936,8156.083185,11679.62253,10000,5000,10009.93679,5000,4294.920925,17637.29281,557.2063987,557.9476184,561.2327582,562.7017845,564.3167684,569.5676927,105574.7914,2140.161244,1550.087457,8.739353201,523.98175,1164.114349,1696.038819,2592.276885,5035.43281,8089.303761
h200_35b_fp8_8_10000_5000,RedHatAI/Qwen3.5-35B-A3B-FP8-dynamic,64,4802.582936,4999,1.040898214,3.596212694,0,0.03273457008,0.03680276279,0.03687440067,0.0369638592,9.430615576,10.67475656,61.08938025,1.14242217,34.00213552,60.72914958,61.04377604,61.10762477,61.22726583,61.38778305,62.2197597,831.1159187,346.0894391,259.18293,273.8900185,763.6265755,784.8780155,862.0669842,954.6067715,2025.643826,12.05356895,0.2164631076,6.726894552,11.96048536,12.04270762,12.06305275,12.07969699,12.12504917,12.17546256,15625.15918,662887.8684,82.38923294,1170.612336,2783.476295,4195.149072,6503.577956,12342.14191,18130.378,4802.582936,10000,5000,10009.93659,5000,10493.70411,28077.05429,368.5840046,369.2529553,371.6102564,372.2648655,372.9230939,101585.2558,105682.1531,5204.93844,3557.363528,82.38923294,1170.285714,2783.214333,4194.304,6502.343157,12321.73433,18021.48471
h200_35b_fp8_8_1000_500,RedHatAI/Qwen3.5-35B-A3B-FP8-dynamic,32,653.3172729,5000,7.65324982,205.9038233,0,0.4746714265,0.4933179899,0.4943386184,0.4956913785,0.991659692,66.16734677,4.164679528,0.05468322611,3.325456381,4.06251955,4.154992104,4.161621809,4.172382116,4.253852129,4.340598822,302.1089053,80.5062195,113.7633324,118.3843613,211.4083767,295.7844734,383.869648,391.710043,476.2899876,7.740006047,0.1689936289,6.274345165,7.53643852,7.575335149,7.744842159,7.908081483,7.960221572,8.114294442,11558.51749,254754.4238,22.55038522,123.4817323,783.9820561,1909.105143,4000.925914,15500.01478,38269.19708,653.3172729,1000,500,1009.9382,500,7768.274252,208211.8445,518.043904,518.3984673,521.6448488,533.9712514,537.7039805,42247.97838,105189.3108,3827.480321,6379.251313,20.14893954,123.478097,781.6444279,1895.587828,3956.890566,14786.03055,33487.45709
h200_35b_fp8_8_1000_500,RedHatAI/Qwen3.5-35B-A3B-FP8-dynamic,8,1879.997907,5000,2.656917857,24.80269763,0,0.6626172115,0.6663501971,0.6682022202,4.659553789,4.673072271,4.680386175,3.007491801,0.1220325018,2.988138914,2.989801168,2.99723506,3.000862598,3.004564762,3.012793541,3.019132376,187.3329168,113.8119192,100.9821892,102.1595001,190.349102,191.4417744,193.9167976,198.2312202,206.4919472,5.651202557,0.07372415996,5.600609617,5.60815062,5.622019032,5.628961838,5.637824416,5.806451809,5.821244272,4020.128479,110776.0708,18.39542472,143.3873052,355.6303205,441.0878115,2411.509487,3008.826399,20644.09365,1879.997907,1000,500,1009.9382,500,2692.934537,14669.77358,490.0479608,669.5826227,673.0439593,690.8892805,1394.379078,4716.752573,80945.97783,1331.222854,1500.28268,15.06190591,20.51907441,355.539883,367.4701244,2410.915421,2475.00236,5463.704733
h200_35b_fp8_8_1000_500,RedHatAI/Qwen3.5-35B-A3B-FP8-dynamic,16,1090.740131,5000,4.584043309,107.5390288,0,0.5724884504,0.5765535921,0.5779816261,0.5793744122,0.5812603816,1.159045495,3.476130236,0.03195237581,2.721858978,3.454949617,3.468492031,3.47424531,3.481428862,3.49336338,3.513634205,230.9985184,55.81343361,102.588892,103.8672924,195.4405308,202.4140358,283.4892273,289.9570465,296.7355251,6.502757006,0.1148771486,5.0789899,6.364469777,6.394965376,6.551993395,6.572956552,6.731565109,6.762829954,6922.579565,205430.3549,16.51164274,42.85192942,435.2743877,1198.030277,2880.985968,9476.511523,22425.51877,1090.740131,1000,500,1009.9382,500,4641.026119,111703.784,589.1190167,593.923302,597.737765,612.5238339,616.5910732,2467.95633,106675.3049,2292.338708,3778.265215,15.36729722,21.17693628,421.7500251,1111.662868,2767.908491,7545.974213,18396.07018
h200_35b_fp8_8_1000_500,RedHatAI/Qwen3.5-35B-A3B-FP8-dynamic,64,406.742161,5000,12.29034135,297.1174233,0,0.3849904622,0.4203296533,0.4222679562,0.4319017354,21.36299692,85.41326925,5.168058256,0.1113569165,3.341705561,4.978954792,5.151615143,5.169995308,5.194137573,5.281011343,5.436492205,393.2678451,113.1441487,118.4444427,130.651474,302.6762009,392.0419216,483.5450649,581.0410976,676.8267155,9.567949708,0.2580211587,6.297842056,9.028243636,9.392278706,9.561329423,9.738602476,9.937472238,10.09334304,18567.30341,391925.9212,98.78945757,339.1529069,1252.966094,2709.498708,7446.611629,24244.53179,42224.53691,406.742161,1000,500,1009.9382,500,12515.67151,307303.2719,445.1290205,446.4871688,450.5767163,459.9442974,919.5843747,42025.63494,81978.65583,6148.365348,8261.544005,98.78945757,338.8241377,1249.79261,2694.413704,7361.656867,23741.3434,38896.17311
h200_35b_fp8_8_20000_5000,RedHatAI/Qwen3.5-35B-A3B-FP8-dynamic,32,8356.729831,4999,0.5982005044,1.928807218,0,0.04212000763,0.04243869682,0.04256301976,0.04273531383,4.256992471,5.279732533,53.33193873,0.8420042722,31.48433018,52.91422033,53.26265621,53.34897685,53.45409203,53.58210611,53.70588398,1016.371378,262.7438584,371.6783524,376.0721684,1035.697699,1040.081263,1044.718027,1127.449274,1318.883419,10.46483608,0.1621730805,6.22134553,10.3758372,10.44687354,10.46502545,10.49209256,10.5544244,10.6135348,14962.32581,814481.4255,94.44078177,730.3787375,1582.424149,2358.992366,3671.073068,7144.152428,11551.97084,8356.729831,20000,5000,20009.94499,5000,12015.77269,28963.98335,854.6039283,856.284639,860.2553373,862.2867642,864.4570759,85260.56034,104967.1047,2991.275233,2178.336757,94.44078177,730.2907693,1582.159185,2358.150005,3669.557305,7131.391861,11465.2376
h200_35b_fp8_8_20000_5000,RedHatAI/Qwen3.5-35B-A3B-FP8-dynamic,8,20475.67634,4999,0.2441433395,2.979075622,0,0.06098774993,0.06142930416,0.06168141104,0.06199736479,0.06233026766,4.170075859,32.75983367,0.1016213777,32.22905612,32.49287128,32.69976115,32.76334572,32.81971979,32.9097538,32.99152803,1085.604168,422.5045787,359.2195511,366.2297726,794.5005894,1217.030764,1480.876684,1669.54565,1757.836103,6.33598627,0.08572265906,6.140853815,6.187728892,6.262053869,6.32297976,6.40903289,6.48232898,6.499218879,6106.268808,297562.9309,5.702539288,306.9601874,709.3360392,986.3881164,1450.627454,2779.637596,4672.999986,20475.67634,20000,5000,20009.94499,5000,4892.929174,17218.34859,1267.469771,1268.627528,1273.298406,1275.419123,1277.880086,1284.063078,87338.41341,1220.768141,854.1171999,5.642799293,306.0260477,708.6169961,985.3188825,1448.309392,2763.600744,4561.394519
h200_35b_fp8_8_20000_5000,RedHatAI/Qwen3.5-35B-A3B-FP8-dynamic,16,12776.9833,4999,0.3912504136,2.267020345,0,0.0515735849,0.05203429678,0.05222278373,0.05246584548,4.191424491,4.301210589,40.74908217,0.4662108464,29.01378775,40.39505601,40.68430471,40.76137829,40.84928799,40.99260616,41.18831277,1114.902945,294.3653109,342.042923,371.6733456,1087.838173,1222.914219,1234.234571,1420.940161,1604.693651,7.928091682,0.1044567841,5.608120926,7.821557187,7.893871512,7.914225753,7.951029207,8.069222678,8.103747634,9785.706198,553486.2534,6.440350445,531.104698,1077.060911,1553.445926,2359.46568,4579.332131,7412.326872,12776.9833,20000,5000,20009.94499,5000,7846.73818,23149.39918,1053.637396,1058.425813,1064.264204,1066.849327,1069.66658,85196.25448,86357.07484,1956.362999,1400.778198,6.419463308,530.924557,1076.843132,1553.009762,2358.499611,4570.344232,7355.707205
h200_35b_fp8_8_20000_5000,RedHatAI/Qwen3.5-35B-A3B-FP8-dynamic,64,5868.33947,5000,0.8520297821,1.982979786,0,0.02668805119,0.03282276632,0.03289534843,0.03298627741,4.279570156,5.390526521,74.69657627,1.850821219,34.91804671,73.07631922,74.65223241,74.75216365,74.85300255,74.99579573,77.34106493,990.5163856,639.7179693,359.9047661,387.6440525,933.3431721,937.7031326,945.0464249,1034.63769,3727.041245,14.74371312,0.345139191,6.88797127,14.43028746,14.74120923,14.76473359,14.78536755,14.81917701,14.87620155,21311.97134,1157587.099,67.40953225,1004.627804,2276.582595,3410.003252,5282.498741,10110.67475,15470.32669,5868.33947,20000,5000,20009.945,5000,17151.92533,33841.60786,658.5870632,658.875986,662.2639559,663.2004038,664.9069367,85727.87988,103440.9093,4260.699362,2972.53361,67.40953225,1004.490016,2276.277361,3409.786978,5282.168245,10094.59446,15383.07855
h200_35b_fp8_8_5000_2500,RedHatAI/Qwen3.5-35B-A3B-FP8-dynamic,32,3413.57627,5000,1.4647395,8.448660143,0,0.0969073747,0.09775330978,0.0981002672,0.09846733808,10.63017087,21.45841135,21.77469923,0.2884102017,14.90163565,21.57334495,21.72784209,21.77427316,21.83568048,21.93348694,22.01907325,540.0133278,148.8236137,129.46105,138.9956474,481.8012714,565.1035309,653.8183689,666.9437885,761.9936466,8.496822664,0.1167400387,5.850904605,8.401286082,8.46650382,8.489900801,8.522702294,8.622785338,8.674867824,11000.83709,401387.9145,114.5390098,760.5641452,1766.394609,2764.867502,4500.32618,9398.297836,15679.64112,3413.57627,5000,2500,5009.9386,2500,7370.315663,24238.3218,495.6232592,496.4674646,499.5381766,500.7393813,502.2241935,54329.23895,107653.6952,3662.092885,2984.256568,114.5390098,760.5265639,1766.022737,2763.956507,4495.50268,9362.285714,15491.32596
h200_35b_fp8_8_5000_2500,RedHatAI/Qwen3.5-35B-A3B-FP8-dynamic,8,9437.099797,5000,0.529823792,10.46319612,0,0.1318728556,0.1324936528,0.1327234362,0.1329748325,0.1334949118,0.1339696719,15.09851138,0.04473907243,14.91054821,14.99185109,15.07223821,15.09843493,15.1241312,15.16915679,15.19925308,358.1913171,138.1520305,119.3399429,122.7974892,292.1409607,378.9181709,475.7018089,562.2553825,597.7416039,5.8983724,0.05681534632,5.756787082,5.794866794,5.850233999,5.898163098,5.940790985,5.993694055,6.010922016,3979.109505,127055.4581,13.8460604,331.9328902,699.9839786,1046.874828,1612.573626,3210.336012,6087.523948,9437.099797,5000,2500,5009.9386,2500,2658.590495,13042.38368,671.1198464,676.5977065,679.6668221,680.7144257,681.8675367,684.5025955,103986.3768,1324.614527,1034.825417,13.57340401,167.2103333,696.1500415,1041.286991,1600.879389,3126.577712,5343.06242
h200_35b_fp8_8_5000_2500,RedHatAI/Qwen3.5-35B-A3B-FP8-dynamic,16,5605.848791,5000,0.8919255917,10.35823166,0,0.1125153738,0.113872718,0.1142999005,0.1147034832,0.1153915758,20.90691762,17.87173127,0.1781839269,13.80365825,17.71736622,17.82937098,17.8705039,17.9262557,18.01279831,18.07650089,498.3753428,171.2437343,124.0701675,133.8922977,364.8922443,561.196804,652.5504589,680.103302,759.8583698,6.951944274,0.09446389044,5.404940506,6.827161712,6.898083654,6.939162823,7.008189247,7.089417092,7.125670932,6698.632714,221689.1496,34.97905912,424.3528936,1107.003316,1702.233766,2706.002581,5573.825914,9763.739554,5605.848791,5000,2500,5009.9386,2500,4479.50373,19656.57626,581.4691994,582.4861891,586.9640113,588.5561923,589.8846276,594.4946095,107180.3763,2229.922597,1855.324914,17.39725414,424.1812298,1106.676517,1701.467799,2702.285262,5548.021164,9552.920124
h200_35b_fp8_8_5000_2500,RedHatAI/Qwen3.5-35B-A3B-FP8-dynamic,64,2187.156319,5000,2.286073453,8.101988493,0,0.07149088096,0.08148402545,0.08167297435,0.08188673511,20.6473565,21.62413644,27.80973914,0.524892185,16.37554526,27.57112122,27.75133681,27.8219111,27.87895441,27.98323274,28.30688334,546.8864048,217.2824827,119.0884113,148.1711864,475.9066105,567.2338009,571.2535381,664.7968292,1070.732355,10.90907675,0.1924891714,6.505117077,10.83071798,10.88968598,10.91442694,10.94398645,11.00073551,11.07595901,17170.00365,553697.2774,90.07238087,1148.809641,2833.989189,4466.777423,7206.707904,14250.18347,21454.24041,2187.156319,5000,2500,5009.9386,2500,11540.02452,29988.52705,409.0315047,409.2411849,414.1991229,415.235822,416.7405849,104574.768,108095.6138,5715.760329,4223.824342,90.07238087,1148.495071,2833.989189,4466.777423,7198.462243,14212.7296,21183.35354
,,,,,,,,,,,,,,,,,,,,,,,,,,,,,,,,,,,,,,,,,,,,,,,,,,,,,,,,,,,,,,,,,,,,,,,,
h200_9b_fp8_1000_500_6P2D_tp2,RedHatAI/Qwen3.5-9B-FP8-dynamic,32,385.169426,5000,12.9813003,49.5715467,0,0.85798055,0.97321599,0.99809913,1.11288341,71.7465618,143.645467,2.45587496,0.03399388,1.92119741,2.4263525,2.44207835,2.45079374,2.46420002,2.48792505,2.60394979,95.6127158,28.9605527,72.637558,76.2686729,82.5202465,87.6870155,100.855827,118.140459,274.333477,4.72867315,0.04719508,3.67708244,4.66307992,4.71737342,4.72787148,4.74145369,4.76678197,4.81432569,19604.984,249705.187,300.753191,1082.95998,3057.07289,4973.483,8305.55248,16844.5944,27176.9158,385.169426,1000,500,1009.9382,500,13175.7812,59459.6418,897.294577,943.018606,986.457298,1011.37613,1128.23648,64701.2103,149242.453,6491.98226,5064.79805,300.753191,1081.00619,3052.623,4957.80615,8256.50394,16496.7709,25040.6209
h200_9b_fp8_1000_500_6P2D_tp2,RedHatAI/Qwen3.5-9B-FP8-dynamic,8,1196.7102,5000,4.17812098,18.1943233,0,1.07611071,1.08422897,1.09026954,1.14510272,11.2240199,70.4747375,1.91409663,0.01451051,1.89098501,1.89781809,1.90945125,1.91334033,1.91688085,1.92446113,1.93876219,82.2985165,14.44871,67.7509308,71.0160732,77.1114826,79.8466206,84.8772526,94.9230194,109.782696,3.67010718,0.00891799,3.64163404,3.65075797,3.66375155,3.66999296,3.67732468,3.68389434,3.68801721,6310.30219,81371.725,85.7117401,545.707,920.813172,1443.82238,2458.56038,6061.13295,13252.1453,1196.7102,1000,500,1009.9382,500,4227.13555,18211.6869,1080.94357,1094.66237,1099.31511,1103.86094,1162.93034,12811.1018,61617.2425,2089.58956,2012.7704,85.5875607,545.35223,915.58699,1432.48087,2427.96179,5793.23757,10727.1202
h200_9b_fp8_1000_500_6P2D_tp2,RedHatAI/Qwen3.5-9B-FP8-dynamic,64,233.945445,5000,21.3725041,135.551327,0,0.67321028,4.45676276,8.96467822,13.9191658,70.3671442,176.246071,2.97367427,0.09433819,2.20750499,2.87450624,2.93202019,2.9437077,2.96778584,3.23163843,3.29016972,130.51079,112.072556,76.3964653,81.1760426,85.7048035,87.7113342,93.9030647,449.368715,554.843187,5.69546335,0.11057366,4.25935604,5.4169695,5.68645703,5.70442968,5.7319429,5.80327258,5.92423632,32282.2095,392583.443,302.81597,1209.08158,5115.00488,8551.07849,14242.1188,26474.852,41527.7624,233.945445,1000,500,1009.9382,500,21790.3339,189822.066,809.870793,810.186301,4958.60699,9605.52317,16243.8391,67031.3466,180250.491,10689.9109,7779.48758,302.81597,1200.43045,5108.77467,8525.00813,14169.9459,25930.7821,37673.3892
h200_9b_fp8_1000_500_6P2D_tp2,RedHatAI/Qwen3.5-9B-FP8-dynamic,16,647.053011,5000,7.72734214,27.0859874,0,1.02984695,1.05210687,1.06058554,1.06918917,63.5548754,114.899847,2.06148591,0.01950837,1.79003882,2.03932166,2.05351377,2.06018424,2.06720972,2.08129144,2.09065318,89.7963568,13.1249133,70.684433,73.4033585,81.4695358,87.2557163,96.2812901,109.728098,118.650436,3.95027397,0.0306091,3.18656417,3.92460966,3.94161765,3.94870141,3.95704032,3.97164454,3.98245173,11669.1788,155174.328,198.321623,811.905536,1831.5738,2888.63912,4768.06063,10449.1878,17924.3761,647.053011,1000,500,1009.9382,500,7825.76075,29679.9911,937.095116,1056.02153,1067.02954,1076.36131,1082.73633,58694.9184,106717.227,3864.12462,3175.95172,197.156341,810.33694,1826.78746,2875.76551,4733.97743,10155.6998,16272.7604
h200_9b_fp8_5000_2500_6P2D_tp2,RedHatAI/Qwen3.5-9B-FP8-dynamic,32,2213.94415,5000,2.25841289,9.58284622,0,0.15025624,0.16073887,0.16778927,0.17635269,12.6666767,37.5064071,14.1196824,0.17076955,10.2100463,14.016284,14.0797517,14.1184511,14.176461,14.2196214,14.2497542,147.863716,37.2129996,132.241488,134.379625,138.390303,141.023874,146.041155,166.318178,267.390251,5.59063695,0.06811367,4.03242104,5.53802587,5.57507301,5.59118701,5.61417642,5.63153537,5.64060997,16961.7013,490262.8,247.978243,1261.44481,2924.89819,4490.68951,7096.96108,13684.5155,20387.9666,2213.94415,5000,2500,5009.9386,2500,11367.0251,54108.0079,751.894761,762.472832,804.282804,834.481753,877.872801,65565.4456,180070.123,5646.41811,3980.34154,247.978243,1261.44481,2922.85993,4490.68951,7090.96196,13632.6241,20087.6628
h200_9b_fp8_5000_2500_6P2D_tp2,RedHatAI/Qwen3.5-9B-FP8-dynamic,8,6157.26346,5000,0.81204906,6.90166137,0,0.20497119,0.20544375,0.20569409,0.20606745,0.4081743,31.6405579,9.8505345,0.01620688,9.80470538,9.81744003,9.83999681,9.85005641,9.85955167,9.875278,9.90286398,142.497788,13.3088693,122.939587,126.353741,134.711504,138.782024,147.203922,164.854288,195.232153,3.88455621,0.00463368,3.87094344,3.87393994,3.88116997,3.88498524,3.88815547,3.89149476,3.89310292,6098.57416,174904.97,57.4585805,584.734978,1019.27193,1526.3115,2454.24459,5137.69752,8674.87901,6157.26346,5000,2500,5009.9386,2500,4074.82879,34410.8316,1028.2812,1028.70208,1030.48361,1031.65293,1033.2326,1040.45742,153322.508,2030.16778,1615.18344,57.4499233,577.966653,1017.78792,1523.81617,2447.08518,5090.17476,8384.15885
h200_9b_fp8_5000_2500_6P2D_tp2,RedHatAI/Qwen3.5-9B-FP8-dynamic,64,1445.05728,5000,3.46007046,12.6418145,0,0.1113685,0.1268909,0.12840199,0.12958033,28.1027277,46.9789484,18.37637,0.34769993,10.5809336,18.2505615,18.3648584,18.4011743,18.4303586,18.4634633,18.7467756,165.428375,65.9326644,140.203238,143.674135,149.383783,152.999878,157.661915,208.164454,529.298782,7.28682854,0.1377437,4.17423649,7.22444778,7.27714973,7.2998203,7.31165994,7.32291045,7.32824553,25987.5812,671653.67,239.551316,1864.13511,4588.95405,7108.98983,11320.6586,19599.5514,27943.5397,1445.05728,5000,2500,5009.9386,2500,17462.588,64895.4983,597.422739,597.650833,635.594832,642.530039,647.868775,140453.059,229499.826,8651.06315,5595.10362,239.551316,1863.30697,4583.9388,7108.98983,11305.4016,19538.6832,27594.1053
h200_9b_fp8_5000_2500_6P2D_tp2,RedHatAI/Qwen3.5-9B-FP8-dynamic,16,3455.01436,5000,1.44717199,8.78161806,0,0.18621766,0.18749419,0.18784023,0.18827087,0.22561609,35.8218092,11.0113895,0.06811076,8.91360068,10.9828084,11.0014613,11.0103939,11.0209224,11.0525522,11.0766807,143.715169,19.2067712,125.679493,127.579212,133.51512,138.035297,146.283865,184.602499,200.602531,4.34854165,0.02601662,3.51409113,4.34075598,4.34658956,4.34967841,4.35245547,4.35589447,4.35897091,10868.7037,329089.168,264.591471,776.866827,1768.25632,2777.68477,4481.09402,9157.869,14761.2202,3455.01436,5000,2500,5009.9386,2500,7269.0739,44914.7138,927.669577,934.659146,939.512394,941.19865,943.185303,949.442887,170148.121,3618.10671,2826.63076,264.591471,776.673754,1767.13882,2775.84646,4476.31163,9108.15201,14533.2779
h200_9b_fp8_10000_5000_6P2D_tp2,RedHatAI/Qwen3.5-9B-FP8-dynamic,32,5349.35042,4999,0.93431905,4.91968816,0,0.06297334,0.06569966,0.06838905,0.07711525,5.95427437,16.611105,34.1376806,0.53959565,21.706146,33.615988,33.9015546,34.1450436,34.4354663,34.617182,34.6537783,257.251927,47.9446208,233.724117,238.628626,247.559547,250.082731,255.545616,280.952215,368.35742,6.77698145,0.108342,4.29303671,6.66976552,6.7305532,6.77834313,6.83768207,6.87326482,6.88115724,14024.8116,589065.527,232.926306,1176.26011,2527.93327,3766.59193,5799.03777,10965.5007,16535.853,5349.35042,10000,5000,10009.9366,5000,9390.64522,44822.2101,627.852206,632.005063,657.416994,684.490255,772.960945,61556.1432,163717.973,4671.84239,3178.93345,232.926306,1176.19293,2527.64254,3765.62939,5796.191,10945.5378,16430.109
h200_9b_fp8_10000_5000_6P2D_tp2,RedHatAI/Qwen3.5-9B-FP8-dynamic,8,13145.5909,4999,0.38020353,4.20568641,0,0.09620928,0.09702596,0.0990385,0.10165064,0.28568212,4.27123753,21.0300687,0.03943384,20.8000221,20.9554822,21.0027297,21.025533,21.055537,21.1056502,21.1314192,243.679548,14.3554293,221.095562,223.77944,236.788511,241.903782,247.827291,262.552261,282.913446,4.15788225,0.00761765,4.11289266,4.14436029,4.15259529,4.15677623,4.16280256,4.17318934,4.17744749,5706.93648,263335.382,72.221133,633.579822,1106.26464,1541.72691,2268.45507,4245.6944,6799.08191,13145.5909,10000,5000,10009.9368,5000,3811.8457,40935.0002,962.758046,963.674673,971.651712,992.251901,1018.41608,2888.17049,44654.0446,1901.0528,1257.0019,67.8733899,633.277932,1106.04603,1541.30079,2267.28329,4237.42246,6745.3646
h200_9b_fp8_10000_5000_6P2D_tp2,RedHatAI/Qwen3.5-9B-FP8-dynamic,64,3765.30502,5000,1.32791367,5.53414555,0,0.0430724,0.0468888,0.04773409,0.04848665,11.8381837,20.786726,47.9238952,1.10630142,23.1361003,47.565752,47.8156328,47.9532759,48.1294882,48.306056,48.3722384,274.027695,65.3083403,244.135857,250.230074,258.653879,260.35881,268.583775,319.933176,549.320936,9.53133463,0.22143308,4.57828115,9.44928165,9.51030498,9.53877461,9.57414741,9.60993218,9.62380806,19933.2661,772396.649,216.992519,1570.31224,3566.58503,5399.69418,8384.47113,15376.9948,22400.4704,3765.30502,10000,5000,10009.9366,5000,13374.5433,57235.321,460.053194,460.404673,469.285763,476.929925,484.892775,118828.226,207665.514,6640.02341,4393.26979,216.992519,1569.98407,3566.58503,5398.07465,8380.22777,15350.0147,22240.3115
h200_9b_fp8_10000_5000_6P2D_tp2,RedHatAI/Qwen3.5-9B-FP8-dynamic,16,7893.54163,5000,0.63304917,4.15763216,0,0.08314519,0.09563449,0.12099211,0.28268129,1.55536709,11.4486486,25.1733391,0.2845936,18.0880055,24.745662,24.9763262,25.3024688,25.3416398,25.3805728,25.4193523,244.696736,28.3946846,224.485874,228.681326,235.635042,240.983725,246.528149,266.273737,293.856621,4.98639403,0.05696734,3.57190741,4.90137061,4.9468343,5.01261375,5.02021195,5.02775459,5.03534139,9502.41237,436358.804,279.944216,871.769062,1752.88638,2549.67075,3869.89973,7281.75147,11552.6381,7893.54163,10000,5000,10009.9366,5000,6351.40653,41261.2433,824.078818,832.851886,957.666363,1208.76425,2822.68078,15700.3918,120524.939,3165.37393,2163.56974,279.944216,871.698388,1752.66747,2549.16686,3868.51123,7269.50262,11474.2996
h200_9b_fp8_20000_5000_6P2D_tp2,RedHatAI/Qwen3.5-9B-FP8-dynamic,32,6911.62502,5000,0.72327419,3.01771428,0,0.05194904,0.05446427,0.05888669,0.10465136,4.74558429,9.24283038,44.108333,0.90486821,26.680706,43.1044662,43.6745729,44.189971,44.6760576,44.8953474,44.9713855,509.452972,58.6065592,463.320732,468.040943,482.920408,493.871927,512.230873,580.309153,741.083384,8.72107949,0.1816153,5.24432465,8.52081532,8.63424776,8.73672864,8.83456768,8.8799296,8.89387525,18090.3718,975671.498,190.676183,936.019638,1955.90834,2892.07696,4451.26352,8461.79978,13379.4007,6911.62502,20000,5000,20009.945,5000,14528.8493,66963.5988,1031.81746,1037.58899,1087.22106,1175.79539,1403.39343,98192.3237,178518.226,3616.63566,2522.1935,190.676183,936.015836,1955.55335,2891.27923,4448.91458,8447.7422,13294.149
h200_9b_fp8_20000_5000_6P2D_tp2,RedHatAI/Qwen3.5-9B-FP8-dynamic,8,14674.8402,5000,0.34071921,3.10842186,0,0.08728771,0.09247035,0.09996933,0.10816619,0.74704601,7.73794009,23.474433,0.04656524,22.9391026,23.3880064,23.4419544,23.4736657,23.5059876,23.5453532,23.5750284,488.379456,21.9045356,440.594435,448.252678,478.811741,485.587835,496.484518,520.628214,552.597046,4.59788164,0.00883595,4.48397265,4.58100501,4.59160889,4.59763288,4.60440761,4.61184513,4.61550407,8521.65317,510797.179,217.589751,562.801211,990.283765,1378.60704,2028.71464,3814.69137,6144.07565,14674.8402,20000,5000,20009.945,5000,6828.43082,65922.225,1742.40102,1748.65935,1846.52982,2001.03258,2175.90567,14414.0495,157563.08,1703.65292,1137.20555,217.589751,562.737408,990.156752,1378.34351,2027.9743,3808.45404,6102.6392
h200_9b_fp8_20000_5000_6P2D_tp2,RedHatAI/Qwen3.5-9B-FP8-dynamic,64,5286.82651,5000,0.94574694,2.93587919,0,0.03203874,0.03712044,0.03830109,0.07443441,6.5609811,10.048331,67.3668853,1.73045682,26.0543954,65.8360059,67.0312824,67.5069549,67.8775568,68.1242483,68.2140241,532.181333,57.8812039,469.308615,492.305279,512.256384,517.181158,529.739141,595.359564,771.967888,13.3689858,0.34647879,5.09980808,13.0675431,13.3038318,13.3933797,13.4708079,13.5216317,13.5333197,23655.2618,1212129.29,162.242354,1136.66775,2523.64862,3792.31826,5880.25705,11244.7828,16898.8088,5286.82651,20000,5000,20009.945,5000,19017.8061,56892.1847,728.30829,729.823835,742.230019,764.557168,791.938204,131535.843,199636.355,4729.17109,3272.9623,159.83172,1136.5513,2523.64862,3791.81487,5877.31607,11225.733,16795.1458
h200_9b_fp8_20000_5000_6P2D_tp2,RedHatAI/Qwen3.5-9B-FP8-dynamic,16,9569.39066,5000,0.52249931,3.06396714,0,0.07134956,0.07876953,0.14438169,0.32324498,1.25676473,8.18466258,30.5493456,0.77628025,19.852165,29.4983392,29.7615402,30.6054106,31.1823001,31.7419698,31.8820128,490.140615,39.9274093,445.668697,452.362537,466.499567,480.939388,496.860981,548.270941,676.072836,6.01273043,0.15684481,3.87963378,5.79733194,5.85286134,6.02391625,6.1399444,6.25413946,6.27912338,13068.3906,752963.581,179.274406,723.155862,1440.84644,2089.68793,3176.97343,6057.70072,9637.58475,9569.39066,20000,5000,20009.945,5000,10476.9867,62865.9245,1425.49776,1427.35066,1553.28412,2785.59966,6473.16362,25366.52,156463.617,2612.63882,1821.18758,179.274406,723.091419,1440.75625,2089.1448,3175.59729,6047.51109,9570.2045
,,,,,,,,,,,,,,,,,,,,,,,,,,,,,,,,,,,,,,,,,,,,,,,,,,,,,,,,,,,,,,,,,,,,,,,,
h200_35b_fp8_1000_500_2P6D_tp2,RedHatAI/Qwen3.5-35B-A3B-FP8-dynamic,32,606.640403,5000,8.24211506,12.3187203,0,0.72083738,4.06268912,6.28510804,9.96693139,21.265947,32.0501272,3.86500601,0.17642243,3.02023625,3.40269446,3.78751969,3.91815662,3.96455884,4.07336116,4.26766539,177.851225,49.3144722,128.294468,134.356022,147.569895,160.941124,199.44334,238.485098,376.875401,7.38803508,0.33601066,5.76902296,6.47599329,7.24800794,7.51505061,7.59128722,7.76288027,8.0403111,12447.9748,176544.773,135.536224,914.588748,2150.92513,3258.97747,5127.511,10168.0097,16529.2768,606.640403,1000,500,1009.9382,500,8370.79372,19877.672,602.614112,679.590383,4313.12856,6745.35852,10590.5646,21257.0165,25320.3534,4122.01465,2995.37882,135.536224,913.990848,2148.72131,3251.39845,5105.66525,9974.56361,15448.6335
h200_35b_fp8_1000_500_2P6D_tp2,RedHatAI/Qwen3.5-35B-A3B-FP8-dynamic,8,1942.4219,4999,2.57359125,2.36241296,0,0.77500589,1.46972443,1.96459949,2.88448324,5.94286815,11.660983,3.10532521,0.16296804,2.79853702,2.82416463,2.99849606,3.08513618,3.18575239,3.41712236,3.51675582,144.501142,46.3281503,113.011122,117.15436,132.157087,137.385607,144.025087,199.108124,223.366022,5.93272297,0.30885834,5.37670925,5.39512434,5.72753956,5.90191719,6.0946712,6.54952177,6.74861849,3886.69122,64303.0275,129.894828,449.453922,752.476498,1035.88639,1519.67536,2922.85993,5065.58454,1942.4219,1000,500,1009.93819,500,2603.27984,2331.36244,677.478673,791.420249,1488.12765,1998.81052,2936.86798,6158.89344,11338.991,1287.03653,875.578193,129.894828,449.357617,751.936895,1034.35364,1514.73601,2880.7033,4725.97634
h200_35b_fp8_1000_500_2P6D_tp2,RedHatAI/Qwen3.5-35B-A3B-FP8-dynamic,64,344.564698,5000,14.5110629,29.005156,0,0.4441534,6.78002092,10.8456737,17.990495,33.4639455,85.9576596,4.38245986,0.17614893,3.43288589,3.95238543,4.30016851,4.38098717,4.48157167,4.67335343,4.79042649,202.453107,62.5735172,136.298895,142.856121,164.991617,193.599939,224.743605,265.568256,420.264244,8.37550311,0.3232264,6.561232,7.55874714,8.23018451,8.38341742,8.56803988,8.91972161,9.08527537,21919.5102,272540.898,116.540817,1446.31172,3705.21555,5793.23757,9331.04338,17549.3891,27235.7403,344.564698,1000,500,1009.9382,500,14808.3159,38967.3677,530.343432,543.007025,7558.41019,11258.5897,20053.6201,25682.6297,119297.298,7258.41303,5089.14674,116.540817,1444.81709,3698.68078,5777.27824,9279.43363,17236.8658,25343.2266
h200_35b_fp8_1000_500_2P6D_tp2,RedHatAI/Qwen3.5-35B-A3B-FP8-dynamic,16,1064.49844,5000,4.69704777,7.15929098,0,0.81299598,2.57574468,3.72089458,5.50348371,10.9302096,20.1141542,3.39491156,0.1697336,2.80852056,2.96106386,3.29878116,3.42567968,3.47791481,3.66264939,3.85251379,155.523453,28.395546,116.783619,126.304865,138.319492,145.095587,158.90336,216.946363,239.672899,6.49085763,0.33212341,5.38296594,5.63977524,6.30023532,6.56711028,6.64159052,7.01200126,7.40358012,7093.12725,110208.5,152.121863,643.495551,1296.94001,1874.13047,2852.29786,5540.69221,9362.28571,1064.49844,1000,500,1009.9382,500,4756.33874,11974.6055,650.486084,825.345723,2655.87766,3834.38786,5713.09301,10961.1312,19952.7447,2348.81376,1659.77341,152.121863,643.100889,1295.73803,1870.7868,2841.66938,5454.23147,8701.87552
h200_35b_fp8_5000_2500_2P6D_tp2,RedHatAI/Qwen3.5-35B-A3B-FP8-dynamic,32,3054.32084,5000,1.63702514,3.03757449,0,0.11659413,0.17018616,0.23162157,2.17675597,6.429816,12.7363726,19.4754645,0.18144453,14.9287105,19.1914728,19.3785193,19.4987278,19.5644963,19.6440125,19.7379382,195.756803,88.2399836,161.548853,165.724516,171.685457,174.887896,189.24427,266.668797,352.655172,7.71469917,0.06406686,5.90654524,7.5976862,7.67966851,7.72545737,7.75112997,7.77900147,7.79367915,12294.6895,388070.828,133.270971,926.09936,2125.85099,3226.38769,5077.84988,9950.89917,15520.0888,3054.32084,5000,2500,5009.9386,2500,8244.1724,16908.4843,565.655039,586.954797,852.438599,1157.35202,11057.8009,34349.8118,56272.767,4092.80626,2973.53244,133.270971,925.894923,2124.77406,3226.38769,5073.75484,9915.61229,15335.6636
h200_35b_fp8_5000_2500_2P6D_tp2,RedHatAI/Qwen3.5-35B-A3B-FP8-dynamic,8,9356.97196,5000,0.5343609,0.59319312,0,0.15664109,0.26524674,0.36051107,0.62748834,1.32899829,2.61270377,14.9636009,0.24659111,14.2561138,14.3042629,14.8096735,15.0428154,15.1664076,15.2248545,15.2529161,167.418839,16.8528127,147.063732,157.583714,163.307667,164.228201,167.98687,174.180746,240.688801,5.92063638,0.098266,5.64127743,5.65803895,5.85907857,5.95285731,6.00266762,6.02480019,6.03424916,4013.08652,145733.958,166.771531,472.118865,783.103809,1077.67318,1575.62134,2985.00358,4922.89202,9356.97196,5000,2500,5009.9386,2500,2681.41963,3113.94218,708.575085,785.940052,1328.75164,1808.31127,3143.9273,6661.3237,13088.8876,1335.92521,897.660439,166.771531,472.118865,782.957626,1077.11967,1574.43844,2975.19537,4860.14368
h200_35b_fp8_5000_2500_2P6D_tp2,RedHatAI/Qwen3.5-35B-A3B-FP8-dynamic,64,1735.6035,4999,2.88026615,5.53193262,0,0.09320033,0.13951678,0.15630584,4.48564196,11.4898273,20.8101374,22.0565646,0.31060872,15.6777527,21.7473783,21.967633,22.0408342,22.1243284,22.2734158,22.632448,237.340332,205.904148,170.498133,172.668457,180.615187,190.067053,251.549244,327.568769,947.229147,8.73082591,0.09007591,6.20071494,8.61852357,8.70702495,8.73428013,8.75932897,8.80740241,8.82529001,21632.9286,593939.467,117.467765,1462.44909,3741.5736,5789.23948,9208.13172,16958.1024,24966.0952,1735.6035,5000,2500,5009.93859,2500,14565.3516,32656.4456,547.289707,549.872031,705.91144,785.988675,23934.2288,55868.8907,89905.6298,7201.43325,4932.62417,117.467765,1461.42997,3741.5736,5785.2469,9198.03509,16912.5161,24637.5052
h200_35b_fp8_5000_2500_2P6D_tp2,RedHatAI/Qwen3.5-35B-A3B-FP8-dynamic,16,5344.22591,5000,0.93558919,1.83955007,0,0.12555527,0.15407941,0.20098963,1.21226443,3.8309464,8.81621191,17.0381451,0.13941837,13.7784252,16.6662295,16.9897764,17.0474284,17.0994639,17.1804307,17.2450764,176.864766,39.1659467,147.605181,160.240173,162.875175,167.342424,170.328617,241.036415,272.686243,6.74697087,0.05370582,5.45436242,6.59915102,6.72970585,6.75121714,6.77104481,6.80216459,6.81816582,7026.48808,243491.597,149.295366,653.725686,1296.94001,1868.28686,2830.16464,5433.03627,8719.96674,5344.22591,5000,2500,5009.9386,2500,4699.4113,9219.75043,613.433081,633.104017,769.711459,1000.59092,6155.23007,19861.0645,46438.0792,2339.06309,1638.33105,149.295366,653.623812,1296.94001,1867.45503,2828.25624,5418.99742,8606.64295
h200_35b_fp8_10000_5000_2P6D_tp2,RedHatAI/Qwen3.5-35B-A3B-FP8-dynamic,32,6332.43466,4999,0.78926989,1.53026508,0,0.05588515,0.07821494,0.15113997,0.83490087,3.21969321,7.525197,40.4026003,0.37690923,30.4708815,39.8259013,40.2284822,40.3968778,40.5987587,40.8026581,40.9249067,285.049725,160.39422,239.565372,245.225191,251.452684,254.256725,259.673595,383.832932,500.690699,8.02487198,0.06925351,6.04526442,7.9142506,7.9925944,8.02403427,8.0660972,8.10541208,8.11823298,11847.4021,523753.793,128.017285,1002.73948,2145.5876,3174.30692,4872.61601,9198.03509,14292.7693,6332.43466,10000,5000,10009.9366,5000,7940.56283,13958.0319,551.100079,559.522206,782.398719,1502.22101,8365.5255,34179.5385,77138.1488,3946.51972,2708.86211,128.017285,1002.69263,2145.42404,3173.61698,4871.3315,9182.50256,14207.1339
h200_35b_fp8_10000_5000_2P6D_tp2,RedHatAI/Qwen3.5-35B-A3B-FP8-dynamic,8,18952.5871,4999,0.26376346,0.26509166,0,0.07272057,0.1334554,0.18464837,0.31889443,0.63720058,1.12585134,30.3111644,0.50016475,28.7431052,28.9551232,30.010021,30.459631,30.7229993,30.8696637,30.9236765,243.599447,24.7129945,222.955942,235.104799,239.35771,241.252184,242.839575,246.761084,325.172663,6.01452586,0.09973246,5.70234439,5.74349556,5.95450029,6.04422628,6.09642106,6.12565927,6.13577177,3959.12311,205133.968,174.537503,465.619893,774.148605,1062.92549,1552.70094,2942.31674,4846.15386,18952.5871,10000,5000,10009.9366,5000,2644.26627,2634.31051,700.444278,731.32094,1337.71979,1845.50706,3192.41945,6383.09163,11290.8992,1318.83406,888.890189,174.537503,465.612697,774.105476,1062.77927,1552.2639,2937.90609,4815.76172
h200_35b_fp8_10000_5000_2P6D_tp2,RedHatAI/Qwen3.5-35B-A3B-FP8-dynamic,64,3703.1986,5000,1.3499141,2.95646135,0,0.04420221,0.05688718,0.06131074,1.6932357,6.82139297,12.4396938,47.0211546,0.67325998,30.3514032,46.5167937,46.8603058,47.0170379,47.1728532,47.4139333,47.8125355,357.542647,355.509538,249.115467,254.9963,261.915922,272.013187,377.999306,511.02066,1869.67182,9.33432118,0.11683327,6.01903413,9.23233486,9.30987279,9.3380658,9.37259896,9.40598901,9.44887769,20263.4949,792373.863,111.098562,1468.0798,3629.84841,5508.65989,8558.39332,15564.5383,22611.5975,3703.1986,10000,5000,10009.9366,5000,13640.2427,25029.8743,522.253884,523.403874,569.418358,613.239455,18027.5693,77082.7744,86513.9967,6750.02683,4445.44736,111.098562,1467.5951,3629.1661,5507.31137,8554.056,15539.5137,22460.357
h200_35b_fp8_10000_5000_2P6D_tp2,RedHatAI/Qwen3.5-35B-A3B-FP8-dynamic,16,10871.3363,5000,0.45974109,0.92425366,0,0.06284829,0.07824378,0.08419807,0.51491981,2.06776391,4.29719166,34.6759988,0.28579477,28.150629,33.9613135,34.5657051,34.6861501,34.7984245,34.994379,35.1081569,256.436204,65.6200568,224.975109,237.597704,242.151022,245.098114,248.08526,333.095312,395.125628,6.88508701,0.05552914,5.58193423,6.74456109,6.86391942,6.88756993,6.90990692,6.94771747,6.96606564,6900.88107,336112.067,146.691276,648.696554,1274.6496,1836.60984,2782.08045,5324.73532,8500.62263,10871.3363,10000,5000,10009.9368,5000,4613.95344,8912.72193,609.548913,629.018627,783.667717,843.038125,5136.72717,20956.6347,44986.3847,2298.77087,1607.47898,146.691276,648.658263,1274.55709,1836.38529,2781.22329,5316.69043,8446.03581
h200_35b_fp8_20000_5000_2P6D_tp2,RedHatAI/Qwen3.5-35B-A3B-FP8-dynamic,32,3054.32084,5000,1.63702514,3.03757449,0,0.11659413,0.17018616,0.23162157,2.17675597,6.429816,12.7363726,19.4754645,0.18144453,14.9287105,19.1914728,19.3785193,19.4987278,19.5644963,19.6440125,19.7379382,195.756803,88.2399836,161.548853,165.724516,171.685457,174.887896,189.24427,266.668797,352.655172,7.71469917,0.06406686,5.90654524,7.5976862,7.67966851,7.72545737,7.75112997,7.77900147,7.79367915,12294.6895,388070.828,133.270971,926.09936,2125.85099,3226.38769,5077.84988,9950.89917,15520.0888,3054.32084,5000,2500,5009.9386,2500,8244.1724,16908.4843,565.655039,586.954797,852.438599,1157.35202,11057.8009,34349.8118,56272.767,4092.80626,2973.53244,133.270971,925.894923,2124.77406,3226.38769,5073.75484,9915.61229,15335.6636
h200_35b_fp8_20000_5000_2P6D_tp2,RedHatAI/Qwen3.5-35B-A3B-FP8-dynamic,8,9356.97196,5000,0.5343609,0.59319312,0,0.15664109,0.26524674,0.36051107,0.62748834,1.32899829,2.61270377,14.9636009,0.24659111,14.2561138,14.3042629,14.8096735,15.0428154,15.1664076,15.2248545,15.2529161,167.418839,16.8528127,147.063732,157.583714,163.307667,164.228201,167.98687,174.180746,240.688801,5.92063638,0.098266,5.64127743,5.65803895,5.85907857,5.95285731,6.00266762,6.02480019,6.03424916,4013.08652,145733.958,166.771531,472.118865,783.103809,1077.67318,1575.62134,2985.00358,4922.89202,9356.97196,5000,2500,5009.9386,2500,2681.41963,3113.94218,708.575085,785.940052,1328.75164,1808.31127,3143.9273,6661.3237,13088.8876,1335.92521,897.660439,166.771531,472.118865,782.957626,1077.11967,1574.43844,2975.19537,4860.14368
h200_35b_fp8_20000_5000_2P6D_tp2,RedHatAI/Qwen3.5-35B-A3B-FP8-dynamic,64,1735.6035,4999,2.88026615,5.53193262,0,0.09320033,0.13951678,0.15630584,4.48564196,11.4898273,20.8101374,22.0565646,0.31060872,15.6777527,21.7473783,21.967633,22.0408342,22.1243284,22.2734158,22.632448,237.340332,205.904148,170.498133,172.668457,180.615187,190.067053,251.549244,327.568769,947.229147,8.73082591,0.09007591,6.20071494,8.61852357,8.70702495,8.73428013,8.75932897,8.80740241,8.82529001,21632.9286,593939.467,117.467765,1462.44909,3741.5736,5789.23948,9208.13172,16958.1024,24966.0952,1735.6035,5000,2500,5009.93859,2500,14565.3516,32656.4456,547.289707,549.872031,705.91144,785.988675,23934.2288,55868.8907,89905.6298,7201.43325,4932.62417,117.467765,1461.42997,3741.5736,5785.2469,9198.03509,16912.5161,24637.5052
h200_35b_fp8_20000_5000_2P6D_tp2,RedHatAI/Qwen3.5-35B-A3B-FP8-dynamic,16,5344.22591,5000,0.93558919,1.83955007,0,0.12555527,0.15407941,0.20098963,1.21226443,3.8309464,8.81621191,17.0381451,0.13941837,13.7784252,16.6662295,16.9897764,17.0474284,17.0994639,17.1804307,17.2450764,176.864766,39.1659467,147.605181,160.240173,162.875175,167.342424,170.328617,241.036415,272.686243,6.74697087,0.05370582,5.45436242,6.59915102,6.72970585,6.75121714,6.77104481,6.80216459,6.81816582,7026.48808,243491.597,149.295366,653.725686,1296.94001,1868.28686,2830.16464,5433.03627,8719.96674,5344.22591,5000,2500,5009.9386,2500,4699.4113,9219.75043,613.433081,633.104017,769.711459,1000.59092,6155.23007,19861.0645,46438.0792,2339.06309,1638.33105,149.295366,653.623812,1296.94001,1867.45503,2828.25624,5418.99742,8606.64295
,,,,,,,,,,,,,,,,,,,,,,,,,,,,,,,,,,,,,,,,,,,,,,,,,,,,,,,,,,,,,,,,,,,,,,,,
h200_35b_fp8_1000_500_4P4D_tp4,RedHatAI/Qwen3.5-35B-A3B-FP8-dynamic,32,648.988461,5000,7.70429723,52.4261497,0,0.51290196,5.09532574,6.83506588,9.64425089,11.6152888,13.1178583,4.13733128,0.07383582,3.34495091,4.06586361,4.10527515,4.12087464,4.14059448,4.3162477,4.39721751,170.636709,85.8262732,133.713245,139.74309,142.276764,143.994808,151.079893,379.916191,571.648836,7.94787572,0.07864907,6.41913787,7.69187501,7.92358299,7.95507288,7.9849182,8.02692622,8.06828443,11635.4167,186706.827,122.946035,421.834859,1583.35372,2685.21383,4739.32655,11295.2531,21112.2685,648.988461,1000,500,1009.9382,500,7821.08175,67112.2291,510.271081,570.776517,5221.239,6945.1227,9795.22115,11761.5375,13349.2796,3852.94467,3800.02328,122.946035,421.453376,1581.56259,2681.78005,4718.00225,11066.7652,19152.0731
h200_35b_fp8_1000_500_4P4D_tp4,RedHatAI/Qwen3.5-35B-A3B-FP8-dynamic,8,2020.89615,5000,2.4741499,4.54119201,0,0.72866988,0.73531274,0.7385308,0.76796517,11.7396418,12.1411795,3.23258394,0.02067934,3.17206907,3.20173717,3.22365212,3.23167968,3.2395525,3.25108361,3.28429484,141.783683,19.1798002,129.014254,130.316496,137.176752,138.819933,144.191027,150.530577,207.905531,6.19308599,0.02117062,6.07628622,6.13831805,6.18008717,6.19490782,6.20719235,6.22538909,6.23735445,3736.48921,60137.2751,163.126322,524.419105,923.448701,1132.98325,1415.08232,2136.68059,3279.362,2020.89615,1000,500,1009.9382,500,2502.94648,4654.41443,653.476504,736.234007,742.492611,745.615815,774.66486,11876.3847,12260.178,1237.29872,537.601268,163.126322,524.156961,923.042254,1132.37149,1412.69923,2116.73177,3093.14454
h200_35b_fp8_1000_500_4P4D_tp4,RedHatAI/Qwen3.5-35B-A3B-FP8-dynamic,64,405.69587,5000,12.3245031,182.382654,0,0.39802078,4.35362942,5.08369675,5.50938985,11.0628246,88.6126804,5.14413494,0.13858343,3.14776421,4.814152,5.03509164,5.1702981,5.23718166,5.3405757,5.39062285,386.238386,196.862361,130.053997,145.338535,150.914192,399.906635,548.66147,667.653561,798.18058,9.5323096,0.23863559,5.98790268,9.03625527,9.34891041,9.54549298,9.71022971,9.87538833,9.94645713,18615.2178,323632.209,105.448109,608.134551,2139.95102,3847.98532,7575.50391,19753.394,34155.57,405.69587,1000,500,1009.9382,500,12543.3983,240510.665,466.101462,482.93964,4783.87112,5236.77475,5724.11669,14227.7689,57556.1403,6164.23169,6474.03013,105.448109,606.463852,2136.68059,3837.4236,7530.16876,19328.5899,31714.9641
h200_35b_fp8_1000_500_4P4D_tp4,RedHatAI/Qwen3.5-35B-A3B-FP8-dynamic,16,1135.20747,5000,4.40448124,16.14705,0,0.64067072,0.85234975,0.88310284,10.1917534,11.8061611,12.2789107,3.61909314,0.03888797,2.84566808,3.57494116,3.605057,3.61692524,3.6284678,3.64988232,3.7441082,147.404256,29.597971,124.8703,131.590605,139.029264,141.716003,147.6717,161.024094,324.001312,6.9562138,0.05351366,5.42441112,6.87033667,6.93593092,6.95896818,6.97913055,7.00886073,7.03172359,6651.22786,108942.699,135.038764,583.514747,1363.11472,1817.28943,2573.19264,4755.44671,8548.17391,1135.20747,1000,500,1009.9382,500,4459.37847,22166.181,566.574892,696.729385,859.964848,890.697077,10330.5461,11935.242,12370.6271,2202.48347,1487.26903,135.038764,583.028079,1362.67186,1815.71602,2567.67922,4691.61521,7913.78113
h200_35b_fp8_5000_2500_4P4D_tp4,RedHatAI/Qwen3.5-35B-A3B-FP8-dynamic,32,3370.99625,4999,1.4829444,3.77702446,0,0.10103505,0.11269047,0.11331153,0.11369281,10.3144626,11.4515556,21.4923017,0.17862478,17.4989371,21.3030071,21.4479132,21.4961367,21.546216,21.6159158,21.7047155,193.866493,76.9913196,168.551922,171.424627,175.562859,179.416418,186.355829,272.218943,340.756655,8.52245395,0.06819285,6.92514621,8.42099001,8.50858627,8.52698992,8.54624181,8.56766647,8.58289292,11137.4685,356743.843,120.170301,977.465393,2051.0044,2995.93143,4559.02609,8542.37067,13421.7728,3370.99625,5000,2500,5009.93879,2500,7468.23462,18830.9483,505.526314,510.701518,564.156525,567.288772,569.256139,51811.4066,57156.9395,3707.57631,2502.89643,120.170301,977.237651,2051.0044,2993.793,4557.72657,8516.3533,13259.1275
h200_35b_fp8_5000_2500_4P4D_tp4,RedHatAI/Qwen3.5-35B-A3B-FP8-dynamic,8,10060.2187,5000,0.49700709,1.90531042,0,0.12795715,0.12863888,0.12898407,0.12937828,0.12999544,10.9303521,16.0950102,0.04792872,15.9658597,15.9882588,16.0588346,16.0991948,16.1292486,16.1678684,16.189677,172.323333,13.1241193,157.180309,158.879757,166.51392,171.127796,175.261021,185.794115,196.561337,6.37137128,0.01841144,6.31942096,6.32926816,6.35730777,6.3734003,6.38508072,6.39958924,6.40667024,3732.55368,142519.125,157.272639,412.98779,744.066702,999.119581,1439.36307,2770.3461,4798.97483,10060.2187,5000,2500,5009.9386,2500,2493.95145,9594.67515,632.943736,641.216246,644.284136,646.07342,648.017479,651.224045,55113.8106,1242.53801,871.704806,157.272639,412.94713,743.934729,998.881638,1438.8693,2763.04611,4738.43796
h200_35b_fp8_5000_2500_4P4D_tp4,RedHatAI/Qwen3.5-35B-A3B-FP8-dynamic,64,2107.74264,4999,2.37173169,5.91746114,0,0.07703063,0.09537976,0.09935378,0.10400177,11.1554199,16.0978235,26.7817307,0.39742882,18.45277,26.4473243,26.7081866,26.7789209,26.8498755,27.0080211,27.3008561,236.530867,180.241233,180.393457,182.82485,190.372944,199.875355,225.336075,319.398642,942.038298,10.6218339,0.14709068,7.3093142,10.472243,10.6033561,10.6264021,10.6522321,10.7114592,10.7396201,17813.2055,508317.27,98.1812734,1375.13202,3201.75878,4818.26996,7449.91829,13847.4707,20218.9121,2107.74264,5000,2500,5009.93859,2500,11987.2207,27563.8996,432.939147,433.55957,480.398228,499.416059,520.658911,55998.7183,79470.0213,5929.87723,3948.57848,98.1812734,1374.28047,3201.75878,4815.50402,7443.3079,13797.0526,19915.9734
h200_35b_fp8_5000_2500_4P4D_tp4,RedHatAI/Qwen3.5-35B-A3B-FP8-dynamic,16,5770.03852,5000,0.86654534,2.71330219,0,0.1151158,0.1171237,0.11769108,0.11856024,9.75655507,11.1576158,18.393453,0.13518001,13.8526809,18.2187657,18.3537989,18.4013464,18.4393921,18.5017834,18.5294888,179.476261,30.6232452,161.306381,163.393497,169.751883,176.036358,181.427717,197.900534,271.867514,7.28823112,0.053544,5.47690456,7.21683785,7.27319345,7.2919624,7.30736383,7.32972098,7.34146465,6507.92031,233893.221,139.354907,651.188325,1204.22165,1696.03882,2571.61496,5105.23859,8422.29719,5770.03852,5000,2500,5009.9386,2500,4351.80741,13683.7357,566.77509,579.648079,586.481609,589.19317,593.551876,49110.8752,56151.6487,2166.43592,1563.47511,139.354907,651.156649,1203.876,1696.0372,2570.03922,5090.17476,8313.78394
h200_35b_fp8_10000_5000_4P4D_tp4,RedHatAI/Qwen3.5-35B-A3B-FP8-dynamic,32,7358.8106,5000,0.67945763,1.97819509,0,0.0466471,0.04733156,0.04808143,0.04899398,6.34212003,8.85488873,46.9245154,0.50685468,35.9242136,46.4467707,46.8241317,46.9395173,47.0659351,47.2525377,47.3395584,263.375796,129.284171,235.918045,237.776756,245.824814,250.997066,258.661509,280.228138,329.921961,9.33378708,0.09926165,7.13392715,9.24036397,9.31491149,9.33806666,9.36371962,9.3995559,9.40958079,10199.0011,460593.516,109.493474,874.102282,1843.20063,2718.65379,4174.82671,7929.87389,12614.5839,7358.8106,10000,5000,10009.9366,5000,6834.70846,19880.8285,464.411359,467.049269,473.700298,481.145231,490.228163,63603.3956,88594.2305,3397.41644,2369.87936,109.493474,874.01079,1842.92495,2718.27868,4173.43682,7916.76108,12531.2771
h200_35b_fp8_10000_5000_4P4D_tp4,RedHatAI/Qwen3.5-35B-A3B-FP8-dynamic,8,20653.6647,4999,0.24203937,1.04254325,0,0.06209493,0.06276816,0.06300628,0.06318691,0.063437,7.65101915,33.0437351,0.07371238,32.8767457,32.9020452,32.9927235,33.0335965,33.0861855,33.1769426,33.2396138,231.846554,20.7197977,221.038342,222.519875,226.68314,229.186058,232.752562,254.009724,264.709949,6.56347343,0.01423514,6.53081638,6.5349707,6.55357135,6.56159898,6.572017,6.59019677,6.60210267,3633.03478,188367.633,152.607519,426.40259,709.730557,973.196807,1420.55418,2706.88642,4491.18393,20653.6647,10000,5000,10009.9368,5000,2426.67118,10482.1012,617.580326,621.551458,628.171915,630.571211,632.394188,634.926898,76893.7425,1210.20989,824.3049,152.607519,426.395653,709.686163,973.074635,1420.09371,2702.8074,4462.3712
h200_35b_fp8_10000_5000_4P4D_tp4,RedHatAI/Qwen3.5-35B-A3B-FP8-dynamic,64,4851.59372,4999,1.03017695,2.79559165,0,0.03386406,0.03874835,0.03959143,0.04505818,7.80756873,8.86018235,61.6862244,1.04084625,37.5079079,61.2227435,61.5849993,61.7166212,61.85554,62.0177779,62.406949,299.891887,287.973664,250.0453,252.167225,259.882212,265.125275,268.312454,302.429914,1669.33608,12.2793712,0.20359035,7.45142348,12.106334,12.2645607,12.2903629,12.3190282,12.3447471,12.3649461,15463.6987,644491.098,85.5905545,1180.5791,2755.78449,4150.07499,6432.13696,12216.0034,18004.3323,4851.59372,10000,5000,10009.9366,5000,10392.3395,24379.7277,377.262093,379.199568,387.982708,396.375233,450.811932,78329.3154,88656.7146,5151.15393,3523.88137,85.5905545,1180.4059,2755.78449,4148.66864,6428.05211,12192.7442,17894.7919
h200_35b_fp8_10000_5000_4P4D_tp4,RedHatAI/Qwen3.5-35B-A3B-FP8-dynamic,16,12065.0672,5000,0.41441957,1.403579,0,0.0544477,0.05542353,0.05611333,0.05701244,3.36548311,7.83952749,38.4666266,0.27503839,27.7807174,38.185195,38.3534741,38.4735637,38.5774062,38.7247262,38.8239441,240.509301,53.5083546,227.558613,229.251385,233.071089,235.56447,238.632917,259.752989,277.113438,7.64652059,0.05458706,5.51160733,7.58854602,7.62440358,7.64792121,7.66901427,7.69782066,7.71569471,6220.56828,303415.958,132.433583,583.308843,1148.77068,1651.07037,2498.6767,4816.39931,7749.73435,12065.0672,10000,5000,10009.9366,5000,4157.9137,14121.7401,542.437885,545.700808,554.761768,561.528541,570.528036,33720.1966,79001.8554,2072.15008,1464.68934,132.433583,583.271311,1148.64179,1650.73916,2497.76824,4809.09722,7699.26857
h200_35b_fp8_20000_5000_4P4D_tp4,RedHatAI/Qwen3.5-35B-A3B-FP8-dynamic,32,8425.83831,4999,0.5931754,1.28764809,0,0.04443834,0.04568733,0.04853823,0.05046365,4.16482537,4.36901661,53.7505563,0.69367042,38.8242025,53.0227973,53.5075569,53.7417769,54.0431833,54.3412538,54.5598929,501.905313,201.402617,443.016291,446.83671,460.536718,475.874186,511.520624,550.142527,585.332394,10.6515346,0.1350505,7.67551896,10.5022419,10.6043249,10.6513111,10.7115937,10.7690076,10.803829,14836.2996,838238.789,98.3546333,765.906428,1604.57064,2360.65896,3631.366,6959.98962,11163.4657,8425.83831,20000,5000,20009.945,5000,11924.5257,25794.1637,883.266161,894.957448,913.839281,970.868437,1010.05072,83663.4791,85860.6607,2966.08001,2099.95913,98.3546333,765.812211,1604.55394,2360.32864,3629.71172,6948.90873,11088.0426
h200_35b_fp8_20000_5000_4P4D_tp4,RedHatAI/Qwen3.5-35B-A3B-FP8-dynamic,8,21762.3198,4999,0.22970897,0.68071176,0,0.0612069,0.06369367,0.06660603,0.06937687,0.68236436,4.17837187,34.812677,0.10407539,33.6944792,34.6333148,34.7377169,34.8018713,34.8873446,34.9719498,35.0402327,448.441312,45.6136615,421.379089,427.09446,435.168982,441.202402,450.80471,489.682674,525.285482,6.87398835,0.01882195,6.65139146,6.83915756,6.85973019,6.87213,6.88866545,6.90612967,6.91675176,5745.23665,356497.106,150.342827,401.854711,670.166607,920.470418,1347.4435,2579.52276,4310.34605,21762.3198,20000,5000,20009.945,5000,4603.6804,13764.0493,1173.50538,1226.1657,1274.01449,1332.70916,1387.84648,13675.1082,83736.4341,1148.59042,792.157828,150.342827,401.838753,670.123662,920.334987,1346.96983,2575.48167,4281.61503
h200_35b_fp8_20000_5000_4P4D_tp4,RedHatAI/Qwen3.5-35B-A3B-FP8-dynamic,64,5871.48431,5000,0.85123279,1.53316022,0,0.02948138,0.04808295,0.06417404,1.23004554,4.13141559,4.4115601,74.6456158,1.79291007,41.2163439,73.607048,74.5096924,74.6755042,74.8397064,74.9995105,80.5967884,568.305991,533.795725,442.558765,471.911192,487.529516,494.301796,527.310848,604.475975,2972.74852,14.8179785,0.35332546,8.15005082,14.4944148,14.8008042,14.8350048,14.8656562,14.8968408,15.9535931,21290.904,1116045.55,75.181899,1006.95757,2276.01915,3405.76212,5276.21325,10090.5421,15483.9938,5871.48431,20000,5000,20009.945,5000,17153.4529,27530.6745,673.572168,733.877949,962.265983,1284.17507,24808.0965,82899.3253,86266.1816,4256.48757,2970.2228,75.181899,1006.79405,2275.8025,3404.9828,5275.0139,10071.484,15391.7186
h200_35b_fp8_20000_5000_4P4D_tp4,RedHatAI/Qwen3.5-35B-A3B-FP8-dynamic,16,13062.096,4999,0.38263384,0.94710044,0,0.05258492,0.054431,0.05710628,0.10303607,3.56423313,4.22747701,41.6586801,0.34783459,29.2552912,41.2948909,41.5712032,41.6785085,41.772073,41.8880513,41.9857788,457.636852,86.7512818,428.553104,434.224129,441.913843,447.046041,456.790686,499.395847,532.877922,8.24156545,0.06774619,5.76582158,8.17008156,8.22457239,8.24591069,8.26566165,8.2860613,8.30612905,9570.01573,573633.814,123.203304,537.180328,1058.87207,1519.67536,2302.27205,4462.96864,7221.70943,13062.096,20000,5000,20009.945,5000,7673.70743,18981.6561,1042.23534,1052.19027,1088.29984,1143.29708,2061.11615,71588.6461,84347.9917,1913.24206,1364.34057,123.203304,537.156327,1058.74606,1519.36317,2301.61295,4456.37937,7176.8975
,,,,,,,,,,,,,,,,,,,,,,,,,,,,,,,,,,,,,,,,,,,,,,,,,,,,,,,,,,,,,,,,,,,,,,,,
h200_35b_fp8_1000_500_6P2D_tp2,RedHatAI/Qwen3.5-35B-A3B-FP8-dynamic,32,717.262796,4999,6.9695515,26.3638651,0,0.52358117,0.58323198,0.59331501,3.50558019,28.3276421,55.5007675,4.57481126,0.06493618,3.52757835,4.50689244,4.54725575,4.56655288,4.59240174,4.65949202,4.78808141,166.040024,52.2308874,136.453867,143.634319,152.365446,155.336142,162.750244,220.658302,365.991831,8.83386353,0.10773454,6.76587063,8.72329815,8.79321547,8.82968062,8.88326412,8.94833041,9.0182678,10525.6725,158027.514,176.855456,682.777796,1667.05246,2611.64633,4290.84808,9167.8776,15947.924,717.262796,1000,500,1009.93819,500,7073.50954,29609.9397,525.737422,530.238749,588.277524,598.144904,5458.63104,28617.8766,55707.8407,3485.4647,2873.24619,176.855456,682.111563,1665.39766,2605.15776,4271.18534,8991.00536,14838.3396
h200_35b_fp8_1000_500_6P2D_tp2,RedHatAI/Qwen3.5-35B-A3B-FP8-dynamic,8,2146.61357,5000,2.32925016,9.05003803,0,0.61294954,0.63723301,0.66883536,0.70205911,7.9350936,27.6475815,3.43363025,0.02057613,3.38866568,3.40512419,3.4234333,3.43104911,3.4395926,3.45993233,3.49805999,147.384701,18.5741244,124.508381,129.18663,140.929699,145.708561,150.507212,160.6884,214.465857,6.58478033,0.02426893,6.51073504,6.53809632,6.56830285,6.58203652,6.59837369,6.63218756,6.65607003,3517.66746,54290.5415,42.1945193,316.886068,510.380141,799.676644,1314.00501,3355.4432,7626.00727,2146.61357,1000,500,1009.9382,500,2356.41159,8598.15251,611.778186,619.900792,644.6797,675.11161,709.410637,8466.46596,26422.5429,1164.83822,1254.18599,41.0839741,316.288666,508.832221,795.279484,1303.11848,3221.43164,6492.73065
h200_35b_fp8_1000_500_6P2D_tp2,RedHatAI/Qwen3.5-35B-A3B-FP8-dynamic,64,432.400475,5000,11.5633545,102.853304,0,0.38458161,0.93028513,6.37186253,16.0693299,31.9563584,63.6764487,5.49537361,0.1722476,3.71183181,5.32439446,5.38261795,5.42131424,5.60178208,5.85367846,6.07628536,229.110227,174.324417,141.946077,144.731045,156.904936,163.504601,172.067881,758.291721,904.758215,10.5514689,0.24438138,7.1431654,10.0878895,10.4431729,10.4870027,10.6125375,11.0293041,11.0725387,17465.7183,269860.468,139.987451,471.74716,2192.52692,4006.02101,7319.90227,17119.6082,30671.3272,432.400475,1000,500,1009.9382,500,11779.2641,148670.061,415.470106,443.987991,939.675099,6850.94412,16823.99,32182.0125,64563.1579,5783.58712,5684.26918,139.987451,470.160744,2189.09395,3994.57524,7281.77778,16754.8762,27740.1058
h200_35b_fp8_1000_500_6P2D_tp2,RedHatAI/Qwen3.5-35B-A3B-FP8-dynamic,16,1226.33877,5000,4.07717682,12.359227,0,0.5619986,0.58463179,0.5901201,0.60016181,25.0668101,43.130864,3.90874333,0.03948446,3.10819221,3.86419916,3.88877726,3.90311408,3.92387891,3.96314383,4.0004313,155.212096,22.4373029,128.800392,132.575274,144.028425,149.728298,156.704903,211.328983,236.566305,7.52108456,0.06605095,5.94938112,7.44439557,7.48815804,7.51244855,7.55379816,7.60360615,7.63288003,6157.00291,101216.557,152.088766,436.633771,935.602052,1443.57391,2413.98791,5637.50538,11125.4748,1226.33877,1000,500,1009.9382,500,4128.17149,12405.9123,521.514678,571.964806,590.368127,595.353456,603.710356,25019.1769,42801.1825,2038.82613,1911.13847,152.088766,436.225065,934.14343,1440.35165,2400.8609,5507.9501,9986.4381
h200_35b_fp8_5000_2500_6P2D_tp2,RedHatAI/Qwen3.5-35B-A3B-FP8-dynamic,32,3715.06287,5000,1.34587224,6.1645813,0,0.08678224,0.08968799,0.09044937,0.09098204,12.640718,24.7738033,23.6948247,0.28502385,17.2643859,23.306139,23.6271245,23.7084434,23.7817144,23.9230471,24.0260565,190.289927,36.1043235,168.706656,175.045967,180.464029,183.600187,188.999653,212.813377,305.681705,9.40521842,0.11268327,6.83879728,9.25242629,9.37902178,9.41124388,9.44041042,9.49355963,9.52048519,10107.9169,333492.247,146.220525,694.421192,1575.62134,2486.25015,4116.09814,8858.08659,15006.4544,3715.06287,5000,2500,5009.9386,2500,6774.23475,34216.705,432.494042,438.152627,449.085189,452.615558,455.514692,63183.3003,124238.569,3364.8467,2852.32814,146.220525,694.191327,1575.62134,2484.88682,4112.06275,8820.8286,14799.9656
h200_35b_fp8_5000_2500_6P2D_tp2,RedHatAI/Qwen3.5-35B-A3B-FP8-dynamic,8,10730.4799,4999,0.46586919,3.02146166,0,0.11740384,0.1182109,0.11872483,0.11927142,0.12030366,15.6408168,17.1678307,0.07094284,16.9740033,17.0046718,17.1187346,17.1745012,17.2235014,17.2746644,17.2993796,170.226012,8.21715731,155.460596,161.067724,166.132689,168.982267,172.105551,180.490255,194.743872,6.80153177,0.02822902,6.7262556,6.73677884,6.78230286,6.80380471,6.82406437,6.84374645,6.85418439,3498.7038,129958.084,147.060201,339.180333,515.650848,781.790121,1331.10251,3288.36064,6141.00146,10730.4799,5000,2500,5009.93879,2500,2337.71479,15222.4812,586.275912,588.140349,592.139772,594.730185,597.422212,602.549913,78930.582,1164.69119,1157.7706,110.17347,339.043246,515.460735,781.207674,1328.99366,3269.13796,6017.6528
h200_35b_fp8_5000_2500_6P2D_tp2,RedHatAI/Qwen3.5-35B-A3B-FP8-dynamic,64,2312.59582,5000,2.16207258,12.204279,0,0.06895299,0.07544213,0.07599877,0.07663677,19.747194,32.2052881,29.3850914,0.41960115,19.8347616,29.1333191,29.3167007,29.3763001,29.4829068,29.6320987,29.9328318,218.513879,80.4739407,175.748825,187.120676,195.298672,198.571444,208.789349,291.824818,723.889589,11.6708027,0.16480176,7.85925017,11.5779246,11.6485915,11.6719537,11.7091937,11.7516002,11.7862854,16238.2757,479268.627,127.235067,1122.0717,2849.3913,4337.4395,6775.93538,12945.3827,19181.2683,2312.59582,5000,2500,5009.9386,2500,10925.4746,62805.7873,358.121207,359.246163,377.759541,380.770512,383.629302,99626.7011,161926.017,5405.59536,3760.04715,127.235067,1121.66608,2847.45689,4337.4395,6772.28848,12905.5508,18919.6849
h200_35b_fp8_5000_2500_6P2D_tp2,RedHatAI/Qwen3.5-35B-A3B-FP8-dynamic,16,6237.52183,5000,0.8016004,4.53E+00,0,0.1025215,0.10332703,0.10365783,0.10403602,0.10497782,23.0098473,19.8853666,0.16770786,14.3629992,19.6138868,19.8356683,19.904741,19.9528272,20.012821,20.0483205,180.495982,19.6386038,163.14435,165.945292,171.499491,175.70138,182.935715,202.476501,257.90906,7.88484235,0.06681406,5.68010798,7.77082168,7.86431335,7.8929251,7.91134392,7.93410216,7.94810035,6020.17132,223060.416,146.900532,386.002577,770.303765,1262.96417,2359.00112,6074.29978,11229.7296,6237.52183,5000,2500,5009.9386,2500,4025.26374,22734.7014,513.489726,514.36042,517.436039,519.039472,521.008442,525.330732,116950.673,2004.06809,2146.58392,146.900532,385.931542,770.020929,1262.20403,2356.35056,6043.66571,11037.6421
h200_35b_fp8_10000_5000_6P2D_tp2,RedHatAI/Qwen3.5-35B-A3B-FP8-dynamic,32,3715.06287,5000,1.34587224,6.1645813,0,0.08678224,0.08968799,0.09044937,0.09098204,12.640718,24.7738033,23.6948247,0.28502385,17.2643859,23.306139,23.6271245,23.7084434,23.7817144,23.9230471,24.0260565,190.289927,36.1043235,168.706656,175.045967,180.464029,183.600187,188.999653,212.813377,305.681705,9.40521842,0.11268327,6.83879728,9.25242629,9.37902178,9.41124388,9.44041042,9.49355963,9.52048519,10107.9169,333492.247,146.220525,694.421192,1575.62134,2486.25015,4116.09814,8858.08659,15006.4544,3715.06287,5000,2500,5009.9386,2500,6774.23475,34216.705,432.494042,438.152627,449.085189,452.615558,455.514692,63183.3003,124238.569,3364.8467,2852.32814,146.220525,694.191327,1575.62134,2484.88682,4112.06275,8820.8286,14799.9656
h200_35b_fp8_10000_5000_6P2D_tp2,RedHatAI/Qwen3.5-35B-A3B-FP8-dynamic,8,10730.4799,4999,0.46586919,3.02146166,0,0.11740384,0.1182109,0.11872483,0.11927142,0.12030366,15.6408168,17.1678307,0.07094284,16.9740033,17.0046718,17.1187346,17.1745012,17.2235014,17.2746644,17.2993796,170.226012,8.21715731,155.460596,161.067724,166.132689,168.982267,172.105551,180.490255,194.743872,6.80153177,0.02822902,6.7262556,6.73677884,6.78230286,6.80380471,6.82406437,6.84374645,6.85418439,3498.7038,129958.084,147.060201,339.180333,515.650848,781.790121,1331.10251,3288.36064,6141.00146,10730.4799,5000,2500,5009.93879,2500,2337.71479,15222.4812,586.275912,588.140349,592.139772,594.730185,597.422212,602.549913,78930.582,1164.69119,1157.7706,110.17347,339.043246,515.460735,781.207674,1328.99366,3269.13796,6017.6528
h200_35b_fp8_10000_5000_6P2D_tp2,RedHatAI/Qwen3.5-35B-A3B-FP8-dynamic,64,2312.59582,5000,2.16207258,12.204279,0,0.06895299,0.07544213,0.07599877,0.07663677,19.747194,32.2052881,29.3850914,0.41960115,19.8347616,29.1333191,29.3167007,29.3763001,29.4829068,29.6320987,29.9328318,218.513879,80.4739407,175.748825,187.120676,195.298672,198.571444,208.789349,291.824818,723.889589,11.6708027,0.16480176,7.85925017,11.5779246,11.6485915,11.6719537,11.7091937,11.7516002,11.7862854,16238.2757,479268.627,127.235067,1122.0717,2849.3913,4337.4395,6775.93538,12945.3827,19181.2683,2312.59582,5000,2500,5009.9386,2500,10925.4746,62805.7873,358.121207,359.246163,377.759541,380.770512,383.629302,99626.7011,161926.017,5405.59536,3760.04715,127.235067,1121.66608,2847.45689,4337.4395,6772.28848,12905.5508,18919.6849
h200_35b_fp8_10000_5000_6P2D_tp2,RedHatAI/Qwen3.5-35B-A3B-FP8-dynamic,16,6237.52183,5000,0.8016004,4.53415138,0,0.1025215,0.10332703,0.10365783,0.10403602,0.10497782,23.0098473,19.8853666,0.16770786,14.3629992,19.6138868,19.8356683,19.904741,19.9528272,20.012821,20.0483205,180.495982,19.6386038,163.14435,165.945292,171.499491,175.70138,182.935715,202.476501,257.90906,7.88484235,0.06681406,5.68010798,7.77082168,7.86431335,7.8929251,7.91134392,7.93410216,7.94810035,6020.17132,223060.416,146.900532,386.002577,770.303765,1262.96417,2359.00112,6074.29978,11229.7296,6237.52183,5000,2500,5009.9386,2500,4025.26374,22734.7014,513.489726,514.36042,517.436039,519.039472,521.008442,525.330732,116950.673,2004.06809,2146.58392,146.900532,385.931542,770.020929,1262.20403,2356.35056,6043.66571,11037.6421
h200_35b_fp8_20000_5000_6P2D_tp2,RedHatAI/Qwen3.5-35B-A3B-FP8-dynamic,32,8193.73088,4999,0.6098565,2.92243265,0,0.03942999,0.04119576,0.04742408,0.05395785,3.48230207,13.2523128,52.2537968,0.50660306,40.9402342,51.7299116,52.1331189,52.2840586,52.4325094,52.6075447,52.692677,276.169795,49.5551579,249.339342,257.16114,266.222954,270.468712,274.627447,297.84584,382.110834,10.3973421,0.10160659,8.13558708,10.2904771,10.373952,10.4034439,10.433483,10.4687882,10.4849225,9154.23369,426473.52,122.914298,760.354054,1636.7831,2421.65358,3739.77908,7193.89477,11571.0486,8193.73088,10000,5000,10009.9368,5000,6135.29632,28966.8908,395.714174,398.430233,413.212391,477.016759,540.087662,34695.4944,133653.951,3049.39116,2178.37443,122.914298,760.250861,1636.50639,2421.65358,3738.23886,7182.0274,11491.767
h200_35b_fp8_20000_5000_6P2D_tp2,RedHatAI/Qwen3.5-35B-A3B-FP8-dynamic,8,22064.7715,4999,0.22651492,1.58121457,0,0.05717113,0.05962113,0.06378948,0.0682293,0.54586388,4.21666074,35.2988349,0.11071926,34.5393598,35.09217,35.2194383,35.2910097,35.3738558,35.4897022,35.5632329,251.4978,14.0038948,233.836412,239.181042,245.786905,249.044895,253.527641,267.878056,288.893461,7.01065698,0.02185946,6.85774281,6.97006028,6.99461262,7.00897683,7.02531969,7.04787922,7.06371404,3400.0239,178788.962,46.3427051,393.886132,659.92726,906.585395,1327.41349,2548.6487,4272.56745,22064.7715,10000,5000,10009.9368,5000,2270.96131,15795.5144,569.063544,572.947744,597.361634,638.829684,683.243488,5451.12663,41870.2585,1132.59101,785.413121,46.3361725,393.831362,659.861818,906.423303,1326.93104,2544.54748,4243.11313
h200_35b_fp8_20000_5000_6P2D_tp2,RedHatAI/Qwen3.5-35B-A3B-FP8-dynamic,64,5278.83367,4999,0.94698949,5.31330514,0,0.03035743,0.03197057,0.03227839,0.03257045,7.50140216,18.4789825,67.0945048,1.1470558,41.5514889,66.7039118,67.0170999,67.1408758,67.2715971,67.4670999,67.5161302,299.889483,75.9644887,260.51569,265.948772,276.847839,283.082485,291.736126,388.524294,677.115679,13.3612298,0.22958276,8.25780219,13.2561121,13.3460571,13.371515,13.398327,13.4376812,13.4474737,14214.9765,603868.34,121.093539,1082.12178,2528.94545,3800.77513,5894.31831,11267.0414,16867.0236,5278.83367,10000,5000,10009.9366,5000,9554.50832,50179.867,314.243148,314.347028,320.081902,323.03427,325.996296,76804.8972,190943.247,4735.18872,3275.77072,121.093539,1081.87286,2528.21705,3799.18841,5890.8764,11244.7828,16763.6306
h200_35b_fp8_20000_5000_6P2D_tp2,RedHatAI/Qwen3.5-35B-A3B-FP8-dynamic,16,13049.9491,4999,0.38299,2.14826113,0,0.04881293,0.04974115,0.05052445,0.05159161,0.15036706,10.0725101,41.6121776,0.32192975,29.0613189,41.185607,41.5047541,41.6390884,41.7524354,41.8802056,41.9685152,258.725439,24.9435853,242.272377,245.885611,251.543045,254.720211,259.095907,281.876802,332.67045,8.27211044,0.06445243,5.76307321,8.18766334,8.25063651,8.27754228,8.29974607,8.3263239,8.33856623,5748.79758,297598.892,173.513725,520.113566,1043.6359,1510.79645,2307.09791,4520.84629,7352.82606,13049.9491,10000,5000,10009.9368,5000,3842.28291,21637.6825,487.863676,488.936385,497.854529,505.471167,516.409219,1504.35838,102462.626,1914.99727,1396.35398,173.513725,520.063769,1043.5811,1510.49399,2306.42944,4514.60506,7307.14983
,,,,,,,,,,,,,,,,,,,,,,,,,,,,,,,,,,,,,,,,,,,,,,,,,,,,,,,,,,,,,,,,,,,,,,,,
h200_80b_fp8_1_10000_5000,RedHatAI/Qwen3-Next-80B-A3B-Instruct-FP8,32,12615.8621,4999,0.3962471973,1.844148837,0,0.02618938341,0.02653242528,0.02671680858,0.02694374218,3.952546494,5.966250596,80.53885053,1.530775829,44.26369524,78.92746925,80.08059907,80.59396338,81.06372404,81.67842245,81.90597272,1008.021698,286.6209903,488.8567924,492.654562,1006.94418,1010.720253,1014.565229,1179.285049,1340.60812,15.9091328,0.3014259037,8.684525802,15.59126408,15.82081362,15.92785021,16.01301086,16.14749339,16.18645787,5947.187505,313989.4422,62.39726929,514.437863,1063.386082,1555.703184,2395.112308,4724.047928,7691.885005,12615.8621,10000,5000,10008,5000,3979.543578,13298.92544,263.8173458,263.8593461,266.944045,268.7971921,270.7203915,39727.2382,59726.88801,1981.339121,1466.367966,62.39726929,514.3929584,1063.318888,1555.504212,2394.376562,4717.332653,7644.37534
h200_80b_fp8_1_10000_5000,RedHatAI/Qwen3-Next-80B-A3B-Instruct-FP8,8,28057.69712,4999,0.1781685781,3.266288345,0,0.04427697032,0.04459440385,0.04473668969,0.04490863084,0.04519529331,0.04554089948,44.8910017,0.2274922551,44.05601454,44.21376538,44.75852227,44.91663122,45.0513649,45.22419071,45.31386423,1038.76609,365.8145478,431.4677715,464.066267,769.9961662,1163.450718,1404.637814,1454.014063,1558.626413,8.77212866,0.08577852216,8.525476906,8.589719338,8.707184819,8.763598595,8.841797361,8.91152404,8.944925534,2674.018729,104483.4756,4.451326069,225.0990229,518.5321787,715.6346662,1051.518738,2059.488708,3739.410909,28057.69712,10000,5000,10008,5000,1785.925022,8798.705863,450.9526286,452.3248477,455.2871026,456.7427603,458.5899293,462.326583,60337.98688,890.8644487,642.5494118,4.404328824,115.5430993,516.7942508,713.2709989,1046.308823,2021.100951,3425.71119
h200_80b_fp8_1_10000_5000,RedHatAI/Qwen3-Next-80B-A3B-Instruct-FP8,16,18064.15211,4999,0.2767359336,2.15917339,0,0.03525554268,0.03580589951,0.03604266723,0.03629977498,0.03680154605,6.04607891,57.64597969,1.014842971,34.099998,56.48648691,57.3306036,57.66292953,58.0322001,58.52336168,58.86961603,1080.229662,252.8472112,477.3137569,479.0661335,956.9935799,1159.752369,1167.606354,1326.313257,1330.751896,11.31522714,0.2044317442,6.650772875,11.06973938,11.24396136,11.31834634,11.39786225,11.51114417,11.57883964,4153.418388,208591.5149,4.237687956,384.3064721,757.2760393,1087.605684,1651.004067,3268.891786,5461.441446,18064.15211,10000,5000,10008,5000,2774.842254,11262.54766,356.1244502,356.9593167,362.0751993,364.4131818,367.0040029,374.0930943,60674.28568,1383.734804,1027.2755,4.175618109,384.2092558,757.1719029,1087.367831,1650.205845,3262.426065,5418.4333
h200_80b_fp8_1_10000_5000,RedHatAI/Qwen3-Next-80B-A3B-Instruct-FP8,64,8942.485037,4999,0.5590168705,1.847775275,0,0.01766467054,0.01966102103,0.01977911993,0.01991095492,4.30423414,5.837811355,113.8314389,2.819326334,54.57250977,111.7417274,113.4127347,113.9305406,114.4177926,114.94081,115.7207825,1083.17712,695.6417084,421.2265015,527.5197029,1028.933525,1035.696507,1041.37969,1047.341108,3437.030315,22.55394257,0.5447519117,10.82258559,22.14517763,22.48020753,22.58219855,22.68192286,22.78616782,22.93128089,8390.327107,420689.6721,44.41202409,669.0406022,1484.746493,2205.537931,3422.365843,6663.752241,10775.91852,8942.485037,10000,5000,10008,5000,5629.100771,15580.86263,194.9573666,195.1516049,197.5602652,198.6717213,199.93323,56328.39304,58427.41834,2795.284884,2039.635342,44.41202409,668.939683,1484.63106,2205.235678,3421.487256,6654.454596,10707.56862
h200_80b_fp8_1_1000_500,RedHatAI/Qwen3-Next-80B-A3B-Instruct-FP8,32,976.6333857,5000,5.119628382,166.9290779,0,0.3296618861,0.3377142829,0.3403259265,0.3423665347,13.90559864,77.82217604,6.229811943,0.1071035622,4.180605173,6.039975882,6.197296858,6.230400324,6.272437811,6.353498697,6.412158966,393.7017492,64.17156568,217.3535824,221.091032,350.8853912,394.8745728,434.9043369,504.737854,534.4443321,11.69274242,0.2108835078,7.90362081,11.29382693,11.61211096,11.7112004,11.7919703,11.90597739,12.08570008,7722.30083,247453.215,9.290615254,177.8377782,1023.124997,1713.999306,3045.707072,7628.265434,15951.70713,976.6333857,1000,500,1008,500,5182.813509,189256.2907,334.9735623,338.2165799,342.970725,348.5019546,701.3739098,26861.70923,70826.22923,2560.444572,2847.840607,9.290615254,177.698973,1020.892724,1708.369544,3028.6526,7468.913597,14716.85614
h200_80b_fp8_1_1000_500,RedHatAI/Qwen3-Next-80B-A3B-Instruct-FP8,8,2631.789507,5000,1.898328137,28.93622991,0,0.4714985508,0.4753924594,0.4767879959,3.317059702,3.337753488,3.345428707,4.210406626,0.119420378,4.170580387,4.179195642,4.196551323,4.204431534,4.213367462,4.232314348,4.244194746,239.6222111,110.7316571,201.2217045,203.879118,235.5966568,237.4148369,241.291523,244.9526787,247.4548817,7.956842534,0.03719721082,7.879356583,7.899389955,7.93264863,7.950216591,7.974335091,8.02140771,8.053528283,2868.199048,68818.39597,9.503867889,66.41525668,488.0491296,759.368741,1235.953629,3033.48891,9799.979937,2631.789507,1000,500,1008,500,1920.10102,18317.85833,454.5172369,475.4048393,479.4185497,481.7341588,968.6310279,3362.759298,3374.969041,950.9943794,945.962808,8.863739914,9.5590572,461.2188624,724.4421963,1167.679287,2339.266035,4223.854049
h200_80b_fp8_1_1000_500,RedHatAI/Qwen3-Next-80B-A3B-Instruct-FP8,16,1545.279388,5000,3.235013706,105.6748912,0,0.4007676141,0.4060407593,0.4077882097,0.415553082,0.8188593417,0.8246832578,4.926068795,0.05488423403,3.43025136,4.839272738,4.909102678,4.924662352,4.945868969,4.980000019,5.032088757,350.7994478,45.34338386,203.9124966,211.4841938,339.0641212,342.0524597,385.1792812,388.7453079,391.6966915,9.168003137,0.1258071282,6.440126346,8.998142693,9.099517413,9.160122556,9.214866615,9.406675557,9.494060983,4880.917729,136049.3469,9.605229815,20.431806,716.1698531,1167.913859,2036.521609,5918.738564,10011.81137,1545.279388,1000,500,1008,500,3269.38969,102897.612,404.7294461,408.4974204,413.8323729,420.6581543,429.4080889,858.7864344,88188.78271,1618.341422,1834.386553,9.397905454,9.742843803,682.5555736,1122.22331,1921.840832,4582.754429,9020.008602
h200_80b_fp8_1_1000_500,RedHatAI/Qwen3-Next-80B-A3B-Instruct-FP8,64,631.7057269,5000,7.913494824,260.2597687,0,0.2485265912,0.2776154023,0.2794245391,0.5548150694,26.09582709,65.16496697,8.030206509,0.1407062984,5.028966188,7.804278374,8.002953291,8.032496452,8.059863567,8.128040075,8.212704897,543.5707664,115.2318764,217.1704769,240.9129143,505.3582191,589.253664,610.1381779,616.9481277,765.2692795,15.00025418,0.3187800392,9.642049163,14.42446355,14.86864214,14.96423796,15.11575225,15.43619207,15.64552598,11940.83517,324531.8412,126.9876546,240.7215323,1585.748204,2715.649578,4874.053804,11827.1255,20544.05801,631.7057269,1000,500,1008,500,8042.959673,245941.2538,283.9404621,286.9194247,290.2489051,292.5398682,580.7400125,28197.94199,52936.5683,3959.162855,3929.035803,126.9876546,240.7197604,1584.187848,2712.31126,4862.876077,11718.60956,19700.68883
h200_80b_fp8_1_20000_5000,RedHatAI/Qwen3-Next-80B-A3B-Instruct-FP8,32,15171.03085,4999,0.3295095797,0.8954312745,0,0.02323207411,0.02367459814,0.02379227408,0.02396958582,2.197806021,2.733408973,96.87303251,2.00387122,47.20700312,95.47641873,96.51096368,96.89716649,97.34834552,97.92288256,99.01369572,1528.108948,547.1487162,544.8541641,726.8607616,1456.120968,1466.691494,1639.050722,1653.987646,1659.222603,19.07253078,0.3819050532,9.334263646,18.80473193,19.00205171,19.08756113,19.16829556,19.28204192,19.41457852,8240.982624,518937.541,51.74337878,428.1424086,881.5664982,1286.685142,1981.457701,3951.4814,6534.582603,15171.03085,20000,5000,20008,5000,6613.656669,15416.52592,467.9455847,469.7808982,476.8415995,479.1952137,482.3518153,44024.03834,54589.19012,1647.669271,1242.457044,51.74337878,428.1213578,881.482961,1286.462121,1980.786443,3945.275733,6493.086534
h200_80b_fp8_1_20000_5000,RedHatAI/Qwen3-Next-80B-A3B-Instruct-FP8,8,30763.32936,4999,0.1624986666,1.485653217,0,0.04116536128,0.04158096873,0.0417638156,0.04195144707,0.04228900252,2.49988616,49.22023236,0.2367200613,47.88551092,48.46310186,49.08983374,49.24070644,49.37747002,49.55414081,49.70254254,1725.12852,550.649191,688.8911724,697.455883,1380.934238,1905.871153,2131.111145,2335.149765,2493.394852,9.500763728,0.1181920439,9.151417295,9.278543808,9.417679625,9.469709818,9.584347661,9.720304437,9.75856244,4063.902998,227228.7305,102.4736146,228.7438689,468.1376973,647.7319134,952.4358416,1849.499601,3182.004519,30763.32936,20000,5000,20008,5000,3256.224877,10206.80448,847.4232821,850.1168347,855.3356121,857.9779799,861.143941,44886.3392,45348.06599,812.5205931,591.0165141,102.4736146,228.6975395,468.0288534,647.5132612,951.8878792,1845.108483,3149.195643
h200_80b_fp8_1_20000_5000,RedHatAI/Qwen3-Next-80B-A3B-Instruct-FP8,16,20668.15026,4999,0.2418697337,0.9840439275,0,0.03236056981,0.03282180263,0.033045749,0.03329840351,2.226800796,2.455245937,65.96929419,1.216428128,36.5095675,64.62233758,65.6499536,66.05149364,66.38581872,66.74548817,67.0175879,1530.724313,307.3835473,677.9026985,702.4004459,1587.808847,1617.666483,1621.715069,1791.518927,1798.836231,12.89014281,0.2437618216,7.002694341,12.6042243,12.82073169,12.90076483,12.97335692,13.07830202,13.16883455,6048.970548,367651.3583,3.117171063,342.0047856,661.6459634,947.4597383,1436.561368,2861.411637,4838.200886,20668.15026,20000,5000,20008,5000,4847.80827,13172.70335,654.2998449,657.548901,664.3145862,668.1042735,673.1372434,44593.53361,55436.70097,1209.407099,908.7521899,3.102626315,341.9191205,661.5442778,947.2439657,1435.934905,2855.962104,4800.502067
h200_80b_fp8_1_20000_5000,RedHatAI/Qwen3-Next-80B-A3B-Instruct-FP8,64,11468.85306,5000,0.4359633846,0.9318032672,0,0.0137540422,0.01694005198,0.01701668762,0.01711520334,2.121659286,2.652809472,146.0905803,4.46777112,57.8992331,141.8278327,145.6906819,146.1423821,146.6445265,147.7218397,150.8496866,1621.474372,1478.499684,572.4346638,791.2967205,1502.836704,1514.106274,1522.547722,1534.599304,6894.182444,28.89928927,0.8389131946,11.46761716,28.0662254,28.84453396,28.93095523,29.03086549,29.23450887,29.39998038,10903.63929,674116.5382,34.65806315,526.8949124,1151.658539,1705.588854,2649.657876,5249.345544,8537.701904,11468.85306,20000,5000,20008,5000,8767.437027,17014.88376,334.8617243,335.3825774,340.2161447,341.6737142,343.5737062,42521.69895,52108.4611,2180.030249,1634.629281,34.65806315,526.83629,1151.573972,1705.267867,2648.792933,5241.581377,8484.952765
h200_80b_fp8_1_5000_2500,RedHatAI/Qwen3-Next-80B-A3B-Instruct-FP8,32,5741.100007,5000,0.8709132386,3.634054166,0,0.05753601612,0.05858133061,0.05895719838,0.05935452486,6.30089474,12.63006001,36.6417878,0.6803244845,21.09097862,35.98565149,36.46880269,36.65735054,36.85384035,37.19025326,37.5205555,622.2603494,159.7052458,234.5826626,245.6753254,635.8287334,639.2304897,641.4504051,797.0514297,802.1450043,14.41309036,0.2683527429,8.345832821,14.14426425,14.33715738,14.42287234,14.50519793,14.62690579,14.74029744,6539.157539,307232.5669,68.79651774,520.8821519,1149.316034,1700.778135,2643.215591,5250.412104,8583.487773,5741.100007,5000,2500,5008,2500,4377.664902,14963.30662,288.5318724,289.8929546,294.9937157,296.7620686,298.7378974,31562.04039,63188.92966,2177.396623,1641.117244,68.79651774,520.8316805,1149.241055,1700.147215,2642.479752,5242.172024,8517.6523
h200_80b_fp8_1_5000_2500,RedHatAI/Qwen3-Next-80B-A3B-Instruct-FP8,8,13614.78278,4999,0.3671744245,6.327118275,0,0.09119816065,0.0918741657,0.09220374883,0.09259588609,0.09320440266,0.09378318662,21.78281304,0.1125554658,21.38124132,21.49057317,21.71490479,21.79195428,21.8542757,21.94991755,22.0206604,570.4277112,183.9944423,223.5252857,225.9304523,521.930933,593.8708782,702.9426098,801.8796444,806.0517311,8.488214327,0.08437878384,8.277820654,8.320643931,8.425068216,8.479855451,8.546016177,8.640808695,8.680192315,2756.825072,84065.04821,9.119634453,118.2623459,531.8418461,737.3899266,1086.3292,2134.391973,3877.675287,13614.78278,5000,2500,5008,2500,1841.71484,13505.66226,454.2248291,465.0761473,469.0863778,471.2333197,473.2288043,477.0839576,63553.42548,917.9625306,668.7270671,8.845197073,116.941089,530.1221277,734.9597285,1080.944647,2093.812629,3545.556537
h200_80b_fp8_1_5000_2500,RedHatAI/Qwen3-Next-80B-A3B-Instruct-FP8,16,8503.303213,5000,0.5878891855,4.765567193,0,0.07472894991,0.07581789175,0.07632773102,0.07690752925,0.07800830406,15.4573158,27.12897874,0.4715992895,16.91714144,26.6200757,26.9684732,27.15389037,27.30862498,27.55135131,27.69742656,677.5521319,170.3819808,219.3460464,242.4440384,545.8769798,757.3781013,787.9683971,797.6303101,948.7981796,10.58438188,0.1954911156,6.602032083,10.34506296,10.50913911,10.58533975,10.66742424,10.79034634,10.88022432,4414.884957,188217.4014,18.73370108,358.9804975,796.9451221,1154.736942,1763.244682,3500.913076,5857.594286,8503.303213,5000,2500,5008,2500,2950.549655,11952.96584,378.1133543,379.701685,385.2412612,387.8552282,390.7803554,589.4176168,63929.7382,1470.060255,1103.399283,9.293826723,358.8359954,796.7942712,1154.373729,1762.00539,3489.774506,5779.257647
h200_80b_fp8_1_5000_2500,RedHatAI/Qwen3-Next-80B-A3B-Instruct-FP8,64,3918.119108,5000,1.276122512,4.007795966,0,0.0398042615,0.04539186782,0.04567894256,0.04628420039,12.18031601,12.4550608,49.86024942,1.168610788,25.93801761,48.88819194,49.62886214,49.83669949,50.2221365,50.5134964,51.30869555,673.21861,369.6145752,261.1699104,265.4719353,648.427248,651.8473625,654.6299458,659.8880291,1739.565372,19.682042,0.4361901251,10.25838134,19.30208433,19.59723184,19.68354538,19.83573371,19.951637,20.05381105,9581.928728,378402.4655,50.08282905,739.8057013,1691.227053,2522.918469,3922.538831,7604.703575,12286.16625,3918.119108,5000,2500,5008,2500,6433.452445,17558.58189,224.2161177,224.9575665,227.8782377,229.6806189,231.6866824,61066.94353,62159.90303,3190.572965,2313.918331,50.08282905,739.5965804,1690.704915,2522.646442,3921.001268,7589.211096,12172.9338
h200_80b_fp8_2_10000_5000,RedHatAI/Qwen3-Next-80B-A3B-Instruct-FP8,32,9459.730645,4999,0.5284505646,2.592631216,0,0.03514976069,0.03551467229,0.03563378599,0.0357577194,5.085095833,7.759757271,60.37848474,0.9711564589,35.7870605,59.79010868,60.22307849,60.4097662,60.56672239,60.79947472,61.23419547,911.5066712,238.035885,275.4890919,282.140255,914.1066074,919.2419052,924.9360561,1054.200172,1183.05397,11.89556715,0.1913888836,6.948192302,11.77132404,11.86587806,11.89985049,11.93722297,12.00124859,12.05632557,7931.344666,389791.8448,82.87488767,676.8708584,1424.235586,2094.04796,3224.230499,6235.566346,10020.39176,9459.730645,10000,5000,10008,5000,5308.464751,17254.0216,355.0217617,356.5909204,358.9210487,360.0509968,361.4155984,50534.87819,77845.29159,2642.37229,1898.357671,82.87488767,676.8167381,1424.116602,2093.811284,3223.11186,6225.897688,9950.527834
h200_80b_fp8_2_10000_5000,RedHatAI/Qwen3-Next-80B-A3B-Instruct-FP8,8,22448.40771,4999,0.2226884002,4.158506797,0,0.05547523942,0.05576575888,0.0558980883,0.05603447337,0.05630090834,0.0565461934,35.91623025,0.1150595026,35.09025288,35.6079092,35.84960055,35.922755,35.99031043,36.07541347,36.16331434,824.0903803,322.8195064,258.0935955,263.8201714,532.1938992,816.0557747,1131.932974,1255.404711,1332.659245,7.019760735,0.06794905933,6.846527549,6.897452117,6.960372253,7.019879079,7.071164065,7.137351667,7.156815236,3342.186249,136244.1304,6.966542402,144.3710454,648.4769856,897.0401044,1318.555103,2547.608284,4395.566242,22448.40771,10000,5000,10008,5000,2232.157886,10397.83092,566.6712651,567.921531,570.8087724,572.4597938,574.0344865,577.2524557,76667.33836,1113.468233,784.5895001,6.879438138,143.7772336,647.2415626,895.3481519,1314.794047,2520.617203,4198.503343
h200_80b_fp8_2_10000_5000,RedHatAI/Qwen3-Next-80B-A3B-Instruct-FP8,16,14081.8057,4999,0.3549970867,2.965326826,0,0.04532032954,0.04597653724,0.04617507065,0.04642058794,0.04710344046,7.624011168,44.91565445,0.6101275087,31.01871347,44.03562713,44.74204302,44.95093608,45.13070345,45.44353652,45.71625805,918.070528,244.1309411,245.5291748,275.727272,776.4093876,1036.458492,1043.475628,1169.481039,1175.411224,8.801146611,0.1271619399,6.062075385,8.613430278,8.752138382,8.801116875,8.852893196,8.941614191,9.000837815,5328.024103,252723.4695,8.745157442,474.7051471,971.7892888,1402.852529,2136.210294,4179.276327,6825.172473,14081.8057,10000,5000,10008,5000,3560.650284,13779.48638,459.131297,461.2801727,466.7448185,469.0489818,471.6443304,50092.95567,78127.9676,1775.061335,1290.192453,8.649476202,474.5709281,971.6258201,1402.49689,2135.128587,4170.808934,6769.068705
h200_80b_fp8_2_10000_5000,RedHatAI/Qwen3-Next-80B-A3B-Instruct-FP8,64,6300.691222,5000,0.7935637255,2.610427449,0,0.02487462075,0.02825640262,0.02841381292,0.02856216342,7.352172274,7.632918534,80.1360926,1.93321619,43.18356514,78.76901197,79.87435555,80.14702964,80.55039573,81.10052609,82.05151749,948.1827346,524.9369092,277.9078484,295.1424122,805.6018353,931.5435886,938.4412766,1074.062109,2694.265842,15.84053391,0.3697148954,8.536824037,15.54366416,15.78312999,15.86268425,15.93142377,16.03799702,16.09429457,11910.72275,546895.095,62.56219181,945.1831029,2120.01457,3170.297808,4912.771171,9376.360665,14598.15387,6300.691222,10000,5000,10008,5000,7996.765711,20742.90156,281.3643885,281.7992363,284.8184751,286.2771369,287.8751815,73776.33382,76724.23175,3968.124585,2785.331562,62.56219181,945.0237767,2119.988847,3169.886096,4911.266363,9361.993847,14515.41174
h200_80b_fp8_2_1000_500,RedHatAI/Qwen3-Next-80B-A3B-Instruct-FP8,32,786.1752505,5000,6.359905119,191.1529753,0,0.4020164928,0.4127177115,0.8182084815,0.8230659181,0.8333779233,56.14063141,5.011295732,0.06478783183,4.096863747,4.865357876,4.992074966,5.009914637,5.030869961,5.110028505,5.185282946,339.3989351,92.99469046,132.6725483,135.2579594,247.8685379,355.1352024,364.2063141,468.9936638,548.6693382,9.360912596,0.2024919336,7.764668168,8.945997827,9.244371751,9.331455689,9.518957807,9.727750369,9.816580163,9592.638761,270413.9029,37.19406384,204.5902151,1293.663615,2178.151745,3853.570617,9446.630631,18964.82146,786.1752505,1000,500,1008,500,6443.820561,185645.542,434.1309437,436.0264401,442.4866312,858.2725756,881.2643924,34809.65146,87134.96958,3180.583144,3365.567564,19.9708791,204.3623002,1288.389423,2167.534924,3826.919708,9191.733403,17154.61759
h200_80b_fp8_2_1000_500,RedHatAI/Qwen3-Next-80B-A3B-Instruct-FP8,8,2174.611386,5000,2.298341727,26.56463472,0,0.5726016977,0.5761370981,0.5774282132,4.024612537,4.039861258,4.044983436,3.478846494,0.1300208828,3.455267429,3.457745552,3.467171431,3.470687866,3.475264788,3.484479904,3.503296375,212.5856113,113.3508894,113.7666702,115.1740551,216.9303894,218.583107,220.5076218,226.026535,237.5986576,6.544974827,0.1079852722,6.472502061,6.489918562,6.509430184,6.516910029,6.528835258,6.723039375,6.742541441,3469.539177,110372.684,16.80692337,127.2935954,563.7596488,893.165247,1477.908386,3349.06722,18167.91692,2174.611386,1000,500,1008,500,2322.635381,25359.29314,501.3402445,577.5561687,580.7662982,583.4660274,1203.061031,4067.83,69890.33284,1150.377711,1122.427074,14.00870387,18.13541338,544.7474138,865.8811505,1421.075385,2873.467002,5194.715239
h200_80b_fp8_2_1000_500,RedHatAI/Qwen3-Next-80B-A3B-Instruct-FP8,16,1256.875858,5000,3.978117622,111.3302772,0,0.4951365859,0.5003049444,0.5021835739,1.001716934,1.009417661,2.936338783,4.00608669,0.03999992926,2.921355724,3.971111774,3.994235277,4.004152298,4.014332533,4.035940409,4.102565527,268.2303375,63.68708774,116.9433594,118.9677715,229.9571037,236.4492416,326.3990879,332.742691,340.6684399,7.4897893,0.1356809009,5.409849908,7.309136744,7.372987055,7.526358048,7.569810909,7.759893586,7.812535834,5999.739206,168416.7598,17.87160138,41.88884305,874.3170731,1423.18146,2462.168477,6532.556764,19254.45748,1256.875858,1000,500,1008,500,4019.068965,112818.8887,510.3930184,512.0626937,516.9632639,531.0690751,1060.452702,2140.972644,95256.72107,1989.30345,2162.989138,16.7409885,19.24434045,848.0139121,1385.907355,2367.942073,5598.105017,10942.58922
h200_80b_fp8_2_1000_500,RedHatAI/Qwen3-Next-80B-A3B-Instruct-FP8,64,493.6333032,5000,10.12492578,295.2381999,0,0.3096186615,0.3519909714,0.3535189187,0.3578409914,18.06083572,67.65497496,6.28052942,0.1417376803,3.491106987,6.148082256,6.260113478,6.272371292,6.300885916,6.420760155,6.517196178,428.8327947,109.7888474,137.0539665,141.8709755,365.3759956,469.7289467,473.4556675,591.9497013,708.9955807,11.72393244,0.2918317339,6.53790472,11.25468615,11.61022846,11.66565815,11.85621623,12.09281155,12.28395254,15278.84425,374886.4261,79.11146676,320.9663992,2097.25287,3628.290657,6377.475704,14513.16263,23765.13818,493.6333032,1000,500,1008,500,10280.87893,277974.6843,364.6019998,364.9473771,369.1043413,376.8636507,755.7934062,34443.39975,61034.70031,5065.929793,4645.097247,79.11146676,320.8536222,2096.122841,3624.081314,6364.843023,14407.37806,23049.87344
h200_80b_fp8_2_20000_5000,RedHatAI/Qwen3-Next-80B-A3B-Instruct-FP8,32,10986.41498,5000,0.4551075133,1.416431124,0,0.03241084314,0.0328355242,0.03296853964,0.03311596366,2.869381458,3.602239857,70.1320184,1.376078356,36.30898142,69.28718853,70.00478005,70.18940425,70.32485914,70.55372453,71.06318164,1405.512313,431.0190025,467.140913,509.203434,1391.362429,1395.537376,1402.604103,1675.472498,1808.725119,13.74784796,0.2661264509,7.169769678,13.58119963,13.71461817,13.75770011,13.79617392,13.88476944,13.96202798,11382.29321,701222.1862,72.20350694,592.3353861,1221.963276,1791.796107,2761.802144,5411.922744,8727.56536,10986.41498,20000,5000,20008,5000,9136.37149,20542.16256,657.5219303,660.5865084,666.015239,667.928784,670.5572562,57488.17927,70922.81569,2275.730408,1664.219856,72.20350694,592.3101862,1221.893631,1791.5761,2761.004962,5404.108702,8674.593684
h200_80b_fp8_2_20000_5000,RedHatAI/Qwen3-Next-80B-A3B-Instruct-FP8,8,24025.10284,4999,0.2080740313,2.431304005,0,0.05227624745,0.0527377748,0.05294129824,0.05314006516,0.05343645388,2.933241767,38.4387579,0.1309187353,37.52078485,38.07191014,38.36548662,38.44606256,38.51930618,38.62080908,38.72618437,1446.01682,562.6436986,459.8679543,487.9467487,1058.806419,1729.780197,1920.493603,2053.173542,2184.117317,7.399899257,0.1145901468,7.121063466,7.229224757,7.300422105,7.365811131,7.495374578,7.597467141,7.617850427,5203.683821,262783.7849,5.138875205,265.7537693,599.6061797,834.6368264,1230.292027,2376.318299,4020.186842,24025.10284,20000,5000,20008,5000,4169.546154,13024.37968,1089.480173,1092.372135,1096.644984,1098.813765,1101.245178,58530.22001,58941.51647,1040.403835,744.4607232,5.120925167,265.7256692,599.3415291,834.2184137,1229.347018,2369.273139,3970.555418
h200_80b_fp8_2_20000_5000,RedHatAI/Qwen3-Next-80B-A3B-Instruct-FP8,16,15595.37416,4999,0.3205437681,1.60057216,0,0.04267587525,0.04326473705,0.04352286517,0.04381912242,2.899594473,3.599025227,49.75411,0.7377915942,32.29713249,48.89700365,49.59371614,49.7889936,49.98817778,50.26878047,50.51657915,1418.55978,349.7222723,486.7098331,488.7933731,1410.835981,1519.624949,1646.189213,1660.147429,1789.955616,9.668890018,0.1560879614,6.186602902,9.449131991,9.62053177,9.664354717,9.720890015,9.851646605,9.921813636,8016.624338,469236.7539,4.292458841,443.942406,879.4945385,1263.629709,1920.468864,3775.560436,6221.254722,15595.37416,20000,5000,20008,5000,6426.652659,17167.84187,873.0495023,875.3744133,884.6529163,888.5197741,893.1552848,58170.79666,64363.29714,1602.811968,1172.533178,4.277902776,443.8164211,879.374437,1263.343665,1919.585199,3768.196979,6172.824721
h200_80b_fp8_2_20000_5000,RedHatAI/Qwen3-Next-80B-A3B-Instruct-FP8,64,7818.921826,5000,0.6394743561,1.362354173,0,0.02012698758,0.0253968297,0.02553291097,0.0257245488,2.824970281,3.457833808,99.51452955,2.927584412,45.32757616,95.43962789,99.29854274,99.64068866,99.89367461,100.5160697,103.1079192,1379.140228,1043.993285,450.5679607,526.714325,1280.145645,1284.796476,1289.388418,1423.674107,5375.015974,19.63081179,0.5433781112,8.977164362,18.83372537,19.60143964,19.66605761,19.72508822,19.85035107,19.89464961,15993.83604,897025.725,50.79035241,774.5833939,1704.908045,2535.928308,3931.252928,7578.832695,12170.53297,7818.921826,20000,5000,20008,5000,12869.96812,23429.98602,506.2867699,506.6701645,512.2610724,515.1365508,518.9126133,56564.40797,69730.22994,3197.74393,2295.475737,50.79035241,774.4567934,1704.61212,2535.752804,3929.808031,7566.495203,12091.34656
h200_80b_fp8_2_5000_2500,RedHatAI/Qwen3-Next-80B-A3B-Instruct-FP8,32,4428.373193,5000,1.129082799,6.027903413,0,0.07465155566,0.07555976014,0.07591194332,0.0763337459,8.027913832,16.29349473,28.25918415,0.4758609809,17.13908243,27.7763958,28.17516851,28.29155302,28.39400983,28.56977487,28.69582129,627.7228691,175.1636668,150.7015228,156.2404633,622.2300529,626.5747547,748.4936714,874.7501373,882.9066753,11.05665429,0.1895907921,6.721801117,10.85818114,11.01156491,11.06326854,11.11133464,11.21269469,11.29101972,8477.644399,347785.5934,88.90717742,693.0946016,1505.744923,2228.034541,3451.887188,6717.016155,10904.17574,4428.373193,5000,2500,5008,2500,5676.306705,18529.90095,380.8917803,381.560976,384.7065333,386.3628191,388.3025179,71752.36532,80724.47871,2822.870404,2052.380539,88.90717742,693.0166061,1505.618176,2227.593726,3450.503111,6702.891211,10794.07065
h200_80b_fp8_2_5000_2500,RedHatAI/Qwen3-Next-80B-A3B-Instruct-FP8,8,10947.04647,5000,0.4567442016,9.293254853,0,0.1137350685,0.1141920896,0.1144161169,0.1146912257,0.1151751039,0.1155167651,17.5142934,0.05358475469,17.29995131,17.39190555,17.48133588,17.51556516,17.54737949,17.59182358,17.62090158,442.977969,173.9096703,137.7382278,139.1582489,372.3039627,488.2316589,613.8365269,676.2180328,681.8749905,6.831140456,0.07179582164,6.682478461,6.710007363,6.767970746,6.829055513,6.883315059,6.957143629,6.97665703,3429.405205,115408.0426,15.42402568,147.5889303,664.6967416,923.1541169,1359.646258,2650.944889,4802.355555,10947.04647,5000,2500,5008,2500,2291.015308,11143.842,581.9645283,583.5313786,586.3661335,587.8210962,589.2294245,591.6405398,80460.71567,1141.917023,811.3633053,15.32949819,144.103269,662.0160896,919.3961501,1351.469245,2591.198336,4315.483856
h200_80b_fp8_2_5000_2500,RedHatAI/Qwen3-Next-80B-A3B-Instruct-FP8,16,6725.7609,5000,0.7434103107,7.153644621,0,0.09413131331,0.0952764631,0.09577425694,0.09630772741,0.09738526513,16.04937676,21.44432981,0.2516728884,15.29412174,21.07277322,21.34604859,21.46116424,21.55689931,21.69535756,21.77156854,597.4305808,195.9176703,139.9102211,151.5555382,494.9989319,631.9785118,746.5398312,867.5153255,874.2330074,8.341868195,0.1228000493,5.979311566,8.139651315,8.278591817,8.333193965,8.405490988,8.523172453,8.584282979,5581.750623,220916.6985,16.33145091,405.6468009,1008.496439,1469.531356,2248.041557,4415.056842,7262.823251,6725.7609,5000,2500,5008,2500,3731.439886,14637.12326,483.1014768,484.1877459,489.7120599,492.0048254,494.732255,38519.72271,80501.11115,1858.601033,1373.211661,16.06114587,405.4216934,1008.207167,1468.878751,2246.074272,4399.313044,7158.125915
h200_80b_fp8_2_5000_2500,RedHatAI/Qwen3-Next-80B-A3B-Instruct-FP8,64,2853.748064,5000,1.752081784,6.092221965,0,0.05553398779,0.0626334205,0.06295805079,0.06337277144,15.60380952,16.19222335,36.29425544,0.7341362547,20.90689421,35.8402822,36.16485047,36.30186415,36.4613111,36.67863655,36.88260055,658.2655782,292.789925,160.0420475,166.040659,631.1903,634.6180439,637.6428604,767.1890259,1350.706577,14.25955581,0.276822221,8.194735166,14.08251861,14.21100066,14.26693495,14.33513593,14.42436678,14.4950026,13155.83791,472451.0348,69.92721028,986.2190543,2328.243437,3500.544773,5438.791367,10466.3643,15997.25342,2853.748064,5000,2500,5008,2500,8838.663788,22651.19425,313.0181163,314.4109236,317.7012293,319.3956067,321.8448451,78171.79659,80623.77916,4380.606658,3075.948163,69.92721028,986.0221844,2328.022111,3499.918257,5436.404365,10441.1289,15856.90114
h200_80b_fp8_4_10000_5000,RedHatAI/Qwen3-Next-80B-A3B-Instruct-FP8,32,7748.705592,5000,0.6452690634,3.159846105,0,0.04310480369,0.04339267695,0.04355117045,0.0437475809,6.130284685,8.992682451,49.44107142,0.7527234034,31.55551577,48.94012904,49.28544068,49.47137666,49.62848091,49.80820751,49.94001532,844.7749527,208.6457944,271.6317177,281.3961506,873.486042,879.2405128,884.5877647,982.4998379,997.0448017,9.721017865,0.1480061278,6.179970583,9.618951407,9.691389829,9.725365168,9.759327249,9.812479044,9.865225113,9684.747139,455308.4966,101.5773722,824.4715531,1744.501639,2573.560589,3960.059247,7564.139557,12078.00651,7748.705592,10000,5000,10008,5000,6484.07202,20829.16368,435.5220611,436.367339,439.1006985,440.5801073,442.4133678,60067.13302,93516.56708,3226.528231,2270.57592,101.5773722,824.3914844,1744.315294,2573.127586,3958.704464,7552.102066,12000.03332
h200_80b_fp8_4_10000_5000,RedHatAI/Qwen3-Next-80B-A3B-Instruct-FP8,8,20077.15091,4999,0.2489895117,4.331977766,0,0.06225461655,0.06252424614,0.06263076341,0.06273743778,0.06286587981,0.06302027399,32.12237805,0.05490745365,31.80831528,31.97422791,32.09216475,32.12609339,32.15616202,32.19966555,32.24911547,714.9732902,253.9762482,255.6350231,259.9720955,564.1553402,769.9871063,976.7456055,990.1356697,1086.119175,6.28265767,0.05162889951,6.173002026,6.201814284,6.234018534,6.280338747,6.321234378,6.375688103,6.385204338,3736.942577,146723.1671,7.364321036,175.9887306,725.5322302,1004.987796,1475.678511,2822.874758,4737.620669,20077.15091,10000,5000,10008,5000,2495.818599,11871.769,635.2759078,636.1728789,637.8104442,639.3276596,640.553139,642.194242,61487.68086,1244.983534,864.8374282,7.281246854,160.9998598,724.821009,1004.024545,1473.515207,2807.434652,4630.400879
h200_80b_fp8_4_10000_5000,RedHatAI/Qwen3-Next-80B-A3B-Instruct-FP8,16,12103.0227,4999,0.4130373151,3.748093724,0,0.05305656528,0.05344827916,0.05360793672,0.0537919071,0.05418723959,8.979302431,38.5961132,0.4179571985,28.20255351,38.16820145,38.51042938,38.60908127,38.71793866,38.86536646,38.93939328,861.1146977,232.502248,248.2683659,271.7037201,704.362154,981.3816547,988.2986546,1093.43791,1196.489096,7.548362243,0.0918877486,5.522209302,7.445690512,7.514288483,7.540105319,7.580955354,7.659502663,7.696339549,6199.146601,281967.6623,8.543745328,539.3587284,1133.704043,1641.484556,2497.717662,4838.874556,7803.90956,12103.0227,10000,5000,10008,5000,4143.330496,16202.76442,539.152083,540.0943887,543.7514058,545.3343901,547.1302363,716.3747356,93094.09838,2065.280717,1478.070233,8.508820618,539.1765643,1133.495786,1641.026167,2496.455092,4828.332987,7737.4738
h200_80b_fp8_4_10000_5000,RedHatAI/Qwen3-Next-80B-A3B-Instruct-FP8,64,5251.417255,5000,0.9521239233,3.175045204,0,0.02998039821,0.03390132034,0.03406410846,0.03427118001,8.727333258,9.096260697,66.79756551,1.560256202,35.81580043,65.37186718,66.61995697,66.88541913,67.08144307,67.40912032,68.00769329,881.8129257,414.35241,280.7834148,298.8703251,781.5072536,887.7415657,895.1847553,1005.8465,2293.033123,13.18559512,0.2995095877,7.032134004,12.92023355,13.15661019,13.20975278,13.24952037,13.32930952,13.42573965,14290.69885,622762.2826,75.45903152,1129.223546,2551.723186,3827.715767,5922.373073,11293.08737,16854.66921,5251.417255,10000,5000,10008,5000,9593.900031,24864.36898,336.6538298,337.5788465,342.0711441,343.5697468,345.2003435,88095.43628,92441.74449,4761.027068,3273.18359,75.45903152,1129.076999,2551.681263,3827.161344,5920.48475,11274.38573,16758.30874
h200_80b_fp8_4_1000_500,RedHatAI/Qwen3-Next-80B-A3B-Instruct-FP8,32,672.1552451,5000,7.438758561,210.9523087,0,0.4670846144,0.4803588252,0.4819787598,0.9634078554,0.9678681376,75.34463541,4.284755094,0.05641398913,3.389376879,4.171587229,4.276793242,4.28410697,4.293634176,4.383023262,4.404168367,341.8969409,92.18453908,128.3481121,130.6111813,238.6202812,339.4055367,444.2820549,450.9925842,550.3017902,7.900118715,0.1946053157,6.3364716,7.473429602,7.70818351,7.905123468,8.09691712,8.149027586,8.328314535,11220.2269,300745.4551,19.76830396,120.1806304,1493.698006,2551.279805,4573.941112,11343.25249,21486.9186,672.1552451,1000,500,1008,500,7535.451544,212493.9816,506.3082797,507.0926298,510.7302772,524.8826587,1052.432963,36380.56683,90703.60793,3720.234382,3884.051752,17.18012427,120.1167064,1485.426976,2535.854897,4534.382703,10986.49147,19599.5514
h200_80b_fp8_4_1000_500,RedHatAI/Qwen3-Next-80B-A3B-Instruct-FP8,8,1964.564373,5000,2.542548398,23.15137967,0,0.6327357426,0.637825189,0.6394953202,4.457902311,4.472506695,4.476528668,3.142842724,0.1179413366,3.12287426,3.124578714,3.131316423,3.135092735,3.141535521,3.152481079,3.164877176,215.4012954,109.7682283,111.225605,113.2678986,218.2068825,220.4117775,227.1642685,238.3716106,247.0679283,5.866039072,0.1003029205,5.800652361,5.819061237,5.832994629,5.838177725,5.845186467,6.05227522,6.067550254,3840.771212,103476.4586,17.37520495,127.6905961,632.4342581,1005.162643,1660.124502,3746.029175,18321.92298,1964.564373,1000,500,1008,500,2571.116017,11817.26379,546.4773948,638.2898621,642.984893,664.1396311,1337.958252,4506.083328,82280.94848,1273.465256,1201.336942,12.83085545,18.20041571,608.2886735,970.9037037,1591.162367,3155.199923,5619.378349
h200_80b_fp8_4_1000_500,RedHatAI/Qwen3-Next-80B-A3B-Instruct-FP8,16,1113.832873,5000,4.487208199,125.0260439,0,0.5606644716,0.5648039273,0.5665151162,1.129536975,1.136711494,1.141081013,3.54977654,0.04072099155,2.871892452,3.526493311,3.541692972,3.548029184,3.554740667,3.567028761,3.650432348,260.6890277,66.49587454,113.0921841,114.8715019,218.3175087,222.8474617,323.6448765,329.6384811,334.1023922,6.590526477,0.1400481274,5.306157416,6.423705565,6.460918453,6.650276318,6.674973903,6.863722581,6.895422697,6770.333437,181271.6857,19.2577132,42.5748689,1000.756294,1631.248984,2810.265257,7416.983201,19820.59,1113.832873,1000,500,1008,500,4536.336189,119295.1691,581.1922252,583.2437928,586.946912,604.6741146,1212.452555,3042.130772,89439.11319,2244.805516,2365.49571,17.86916493,19.75137859,967.5929315,1584.849424,2694.413704,6284.432359,12139.80897
h200_80b_fp8_4_1000_500,RedHatAI/Qwen3-Next-80B-A3B-Instruct-FP8,64,420.0519702,5000,11.90328901,282.0230993,0,0.3636015933,0.4117631236,0.4136673927,0.8206164449,18.77477719,75.6180071,5.337778964,0.1194331454,3.416153669,5.124124527,5.315540075,5.335539103,5.362020016,5.4617908,5.568703651,464.2216496,143.2306402,134.0806484,147.0520496,351.0959148,454.7746181,560.4000092,673.119545,791.0504341,9.764204143,0.3082168424,6.38186621,9.146280422,9.571937855,9.76390638,9.979234191,10.22027155,10.41051859,17957.28532,399543.4543,185.0645958,355.1184489,2501.07573,4341.348545,7606.005704,16593.08633,26613.60406,420.0519702,1000,500,1008,500,12095.01088,303842.7407,441.4817568,441.7058725,453.5137586,456.4267789,910.1808759,36297.95222,68921.61179,5954.007069,5255.971517,185.0645958,354.6680196,2497.26488,4332.958678,7584.636528,16433.04699,25605.42655
h200_80b_fp8_4_20000_5000,RedHatAI/Qwen3-Next-80B-A3B-Instruct-FP8,32,9104.054884,5000,0.5492058279,1.722321456,0,0.03912775024,0.03956715911,0.03973485114,0.03994856704,3.457223871,4.351389148,58.10344191,1.059193315,32.57929873,57.37264967,57.99097085,58.13442945,58.31022429,58.55972552,58.75945139,1253.168459,352.4902387,402.1193981,438.9848709,1273.277044,1277.047634,1280.025005,1394.159555,1508.682013,11.37214618,0.2029866543,6.436687204,11.22132257,11.34551594,11.3785584,11.41372135,11.49758837,11.57184104,13735.79506,769738.0185,87.03867478,704.586607,1476.562666,2176.274555,3355.452866,6486.072828,10445.86071,9104.054884,20000,5000,20008,5000,11028.49709,24779.98247,795.3997566,796.8365681,803.7870337,806.6941839,810.3011198,69315.02746,86135.73461,2746.280203,1972.725577,87.03867478,704.5358709,1476.411075,2175.826021,3354.118997,6474.940051,10368.13745
h200_80b_fp8_4_20000_5000,RedHatAI/Qwen3-Next-80B-A3B-Instruct-FP8,8,21476.75498,4999,0.2327632831,2.808023676,0,0.05812781441,0.05874930918,0.05904704027,0.05930836918,0.05956829636,3.518675986,34.361469,0.1009388193,33.7027185,34.10261059,34.31012607,34.35467029,34.40400171,34.52722025,34.66094565,1247.720295,497.8444477,406.9738388,416.918993,939.4001961,1473.526239,1692.887783,1926.600695,2079.775095,6.624008358,0.09942955676,6.410824106,6.461876253,6.53674789,6.609624327,6.715561347,6.790287425,6.808679422,5821.15046,289401.9977,4.687879119,295.1690902,673.3498671,937.8745355,1381.640137,2654.370737,4468.726749,21476.75498,20000,5000,20008,5000,4664.308216,15167.26734,1215.180421,1218.007383,1223.042299,1224.671155,1226.342741,1233.448349,71306.63212,1163.857657,821.3640045,4.597943682,295.001039,672.8110363,937.1017568,1379.9399,2642.029576,4382.932289
h200_80b_fp8_4_20000_5000,RedHatAI/Qwen3-Next-80B-A3B-Instruct-FP8,16,13482.36302,4999,0.3707807,2.108290866,0,0.0494006169,0.04978144279,0.05001476903,0.0502557899,3.471037065,4.268598965,42.99870154,0.4677203672,29.23846483,42.5744462,42.91738963,43.02076936,43.12201428,43.24045205,43.37922001,1324.802891,351.0313698,383.6884499,428.51758,1190.963507,1489.489794,1494.565248,1606.104851,1716.46142,8.336280322,0.1089273856,5.722712459,8.217789121,8.295041033,8.319282799,8.359375132,8.504898125,8.543689004,9273.100319,534301.4907,117.5151908,493.3748437,1016.735836,1468.30999,2234.004554,4357.049699,7080.391869,13482.36302,20000,5000,20008,5000,7434.850388,20284.49303,1011.659089,1015.198802,1021.492088,1024.073651,1027.071259,69960.31322,75913.63107,1854.026775,1340.784777,117.5151908,493.3000786,1016.583809,1468.008162,2233.049071,4349.120696,7027.829564
h200_80b_fp8_4_20000_5000,RedHatAI/Qwen3-Next-80B-A3B-Instruct-FP8,64,6621.433904,5000,0.755123448,1.692336191,0,0.02377216621,0.02976227421,0.02990760532,0.03013195944,3.405244216,4.28731735,84.27769205,2.458473559,37.95437431,80.95992661,84.14615035,84.35737467,84.6605165,84.98608232,87.18444443,1274.438707,840.4967035,406.3513279,458.3556652,1174.049139,1180.017948,1287.599325,1308.029413,4476.424932,16.60373547,0.460102768,7.511073576,15.93564458,16.58857849,16.63370523,16.69659622,16.76039096,16.79691531,18886.50485,1055083.371,60.03269068,909.8168699,2015.661771,3008.039922,4663.526238,8935.148379,14054.75619,6621.433904,20000,5000,20008,5000,15196.59772,28071.38403,596.9588869,597.0033038,601.526896,603.9851595,607.6536646,68270.30541,84158.22299,3776.092621,2669.44493,60.03269068,909.6777281,2015.528674,3007.557103,4662.115954,8921.594396,13974.22879
h200_80b_fp8_4_5000_2500,RedHatAI/Qwen3-Next-80B-A3B-Instruct-FP8,32,3624.517035,5000,1.379494137,7.346887143,0,0.09156323616,0.09273272441,0.0931613901,0.09359274242,9.312046393,18.56630199,23.11501948,0.2977035096,16.91189241,22.77032709,23.02649832,23.12900972,23.21868134,23.3648355,23.46286201,591.7138812,157.9924378,148.0944157,158.0450535,544.8935032,649.9927044,655.7917595,764.5039558,863.3041382,9.012577946,0.1199091584,6.633159112,8.892203007,8.967817187,9.007874085,9.052244364,9.151998736,9.221230855,10357.90246,405396.6119,108.6084554,821.4605625,1838.439625,2741.75235,4250.349424,8166.87029,13078.49607,3624.517035,5000,2500,5008,2500,6940.691579,22565.89078,469.0681194,469.8059426,473.4089455,475.4129629,477.8726399,89074.75566,93318.97353,3448.955267,2461.859489,108.6084554,821.3235859,1838.258744,2741.22102,4248.584506,8147.661256,12953.35878
h200_80b_fp8_4_5000_2500,RedHatAI/Qwen3-Next-80B-A3B-Instruct-FP8,8,9819.493446,5000,0.5091912355,10.10227702,0,0.1268798885,0.1273854414,0.1275661823,0.1277641385,0.1284543768,0.1287971406,15.71029105,0.03957730106,15.53453517,15.62420154,15.68760037,15.70751452,15.7275207,15.77231026,15.80619979,412.6989931,161.4485189,133.2359314,137.4795437,334.7079754,435.3880882,549.1371155,653.5043716,698.5440254,6.121379107,0.06473248255,5.977881055,6.007936107,6.065295953,6.122571461,6.167013867,6.230852708,6.245639812,3823.229787,133822.3599,12.98326888,164.7997657,743.2678147,1033.250892,1521.952652,2957.936328,5357.618701,9819.493446,5000,2500,5008,2500,2554.094615,11808.55275,652.4052745,653.6020496,655.1723068,655.9118458,656.7633514,658.3141899,91334.35269,1273.052007,894.3386113,12.92575472,160.6657278,739.82027,1028.634324,1511.804259,2883.923992,4761.936295
h200_80b_fp8_4_5000_2500,RedHatAI/Qwen3-Next-80B-A3B-Instruct-FP8,16,5801.684115,5000,0.8618187238,7.914549623,0,0.109838024,0.1108774822,0.1112657506,0.111667408,0.112449577,18.51548695,18.49458133,0.1651878193,14.09693623,18.30790949,18.45388556,18.50308609,18.54682279,18.61967421,18.68984509,521.3017128,160.6360796,133.5551739,147.6948261,443.5970783,554.4953346,645.6770897,653.7768841,755.5613518,7.191942896,0.08776473994,5.507543975,7.079047268,7.143578943,7.175908369,7.236846116,7.331046165,7.368279057,6470.847982,237828.7697,16.92155908,475.8574379,1168.936723,1710.185069,2620.088582,5100.379598,8307.550376,5801.684115,5000,2500,5008,2500,4326.461122,16821.4778,566.2775725,567.0167239,569.9373902,571.4568382,573.0745624,44852.9274,93517.56785,2154.651033,1570.083409,16.85874489,475.5512302,1168.457182,1709.087841,2617.414115,5079.803864,8166.161586
h200_80b_fp8_4_5000_2500,RedHatAI/Qwen3-Next-80B-A3B-Instruct-FP8,64,2372.642637,5000,2.107354863,7.378827126,0,0.06542252055,0.07567350947,0.07612544419,0.07668687282,17.85372415,18.41278705,30.18003723,0.6614692579,16.7750051,29.71576667,30.05098391,30.19444299,30.33563638,30.5164752,31.17762709,656.3283059,263.8876881,163.4981632,169.9492931,554.4836521,662.7223492,673.1112003,777.4217129,1277.916193,11.81369171,0.2369994742,6.621941894,11.65357186,11.77184856,11.82057133,11.8810997,11.95566623,12.03590481,15823.20419,536025.5133,82.24907459,1201.574021,2812.683333,4243.938102,6585.403525,12515.30284,18435.7224,2372.642637,5000,2500,5008,2500,10628.55831,26441.81698,380.5429321,380.6916081,385.5898831,387.2419349,390.1038884,90025.92734,92232.29209,5268.781362,3605.716368,82.24907459,1201.185707,2812.315052,4243.077368,6582.298064,12483.69837,18254.27375
h200_80b_fp8_8_10000_5000,RedHatAI/Qwen3-Next-80B-A3B-Instruct-FP8-dynamic,32,9469.183887,4999,0.5279230037,2.661334133,0,0.03458029091,0.0351079016,0.0352755124,0.03546108729,5.864617415,8.835694123,60.41735146,0.8676568667,39.97524738,59.44951749,60.17130017,60.44604063,60.70623469,61.06527138,61.61105895,786.7076079,200.5302799,276.227951,282.8822136,786.8509293,790.555954,798.5091209,912.1527672,1124.109507,11.92831827,0.171697439,7.837738126,11.73355313,11.87379762,11.93576657,11.99114048,12.06281581,12.13651787,7923.413289,386026.7417,83.05722374,670.0509577,1420.67536,2089.644495,3221.604883,6238.752708,10035.14416,9469.183887,10000,5000,10008,5000,5305.637593,18735.91391,347.8561792,349.0260902,353.9377639,355.687678,357.6060735,57864.11229,90993.93563,2639.729907,1901.878435,83.05722374,669.995803,1420.563611,2089.295305,3220.57661,6228.984363,9963.703346
h200_80b_fp8_8_10000_5000,RedHatAI/Qwen3-Next-80B-A3B-Instruct-FP8-dynamic,8,25114.15915,4999,0.19905106,3.37736629,0,0.04942048839,0.04985499002,0.05003521537,0.05025957356,0.05058669926,0.05084534256,40.18138673,0.2188892297,39.46978807,39.64724565,40.03973079,40.18687367,40.33709216,40.52154303,40.64116383,721.9982875,246.4009411,265.5689716,270.4629898,578.6571503,787.0736122,968.1408405,1014.11438,1114.669323,7.893351309,0.06529667087,7.707911411,7.755030916,7.846095844,7.892163378,7.938260673,8.004054996,8.038853283,2987.418101,121059.6132,7.667142986,253.0384257,579.105029,798.4386267,1170.307009,2260.120037,3859.191255,25114.15915,10000,5000,10008,5000,1995.242262,10641.39338,501.3125402,501.9919255,506.3836958,508.3919999,510.6621716,514.4171393,59566.95431,995.2752203,706.1964584,7.601020645,252.5263649,578.6695057,797.7982107,1168.861988,2249.40654,3782.209604
h200_80b_fp8_8_10000_5000,RedHatAI/Qwen3-Next-80B-A3B-Instruct-FP8-dynamic,16,15047.47807,4999,0.3322151378,2.780540567,0,0.04244870682,0.04283251369,0.0430130366,0.04317499265,0.04355273561,8.645642965,47.97565384,0.4619783236,35.98758364,47.33242083,47.81478667,47.97927999,48.15920901,48.43324876,48.59769845,787.8827333,186.1278099,253.8833618,278.3582211,722.3927975,888.8261318,901.1638165,906.8264961,1012.866497,9.439294319,0.09630195438,7.106410334,9.30598498,9.398636472,9.438033008,9.481805543,9.551140374,9.601681059,4986.035528,241693.5645,8.899533316,444.4044735,911.4532864,1312.392733,1994.116335,3910.222556,6429.39078,15047.47807,10000,5000,10008,5000,3332.778069,14433.8779,428.1252307,429.2972271,433.064855,435.032104,436.7797517,441.0361938,90952.53191,1661.125909,1212.88582,8.753744177,444.2834133,911.313406,1312.065628,1993.188299,3902.320063,6377.047183
h200_80b_fp8_8_10000_5000,RedHatAI/Qwen3-Next-80B-A3B-Instruct-FP8-dynamic,64,6290.974447,5000,0.7947894308,2.732036013,0,0.02490521355,0.02781850433,0.02793680774,0.02806179852,5.897569152,8.870450892,79.97141597,1.782515341,46.00883532,78.77205825,79.74341726,80.03697681,80.33231926,80.69501996,81.74398398,825.6694822,427.3598727,280.9295654,299.7341156,794.2273617,801.5363216,807.7318668,921.9985008,2354.308605,15.83215748,0.3433228903,9.141578558,15.59707932,15.79590277,15.85851586,15.90941147,15.98058316,16.06531295,11929.0684,552973.874,62.62177134,942.9687785,2120.47725,3172.176156,4918.018328,9410.309187,14648.48441,6290.974447,10000,5000,10008,5000,8013.044267,22637.50894,273.8223841,274.3182694,279.8955383,280.9766886,282.3710824,58563.71159,89709.48786,3974.236539,2796.042303,62.62177134,942.81236,2120.42707,3171.717813,4916.497077,9396.132132,14567.2863
h200_80b_fp8_8_1000_500,RedHatAI/Qwen3-Next-80B-A3B-Instruct-FP8-dynamic,32,808.7604618,5000,6.182300413,191.4284802,0,0.3938399779,0.3980276568,0.3998319569,0.7981149564,0.8033074563,71.26322496,5.155762672,0.05064222672,4.143065929,5.122857332,5.142858982,5.154248238,5.169189215,5.190184116,5.238288879,340.328598,83.53811612,138.0178928,140.1138306,245.6803322,348.682642,355.453968,458.6260319,464.7812843,9.648728798,0.1852600785,7.835670081,9.358747211,9.576516543,9.634998853,9.803668292,9.905164849,10.06466592,9324.748957,247729.4877,96.67610826,99.62108457,1235.006258,2085.424101,3720.003548,9231.871981,18703.69677,808.7604618,1000,500,1008,500,6263.274941,183026.0679,412.1428316,415.849474,419.2903454,428.3440354,860.044428,35174.55527,91544.45147,3091.760264,3365.46355,96.67610826,99.62108457,1232.169213,2077.859965,3697.592799,9020.008602,17166.31924
h200_80b_fp8_8_1000_500,RedHatAI/Qwen3-Next-80B-A3B-Instruct-FP8-dynamic,8,2418.56193,5000,2.064863396,23.31696386,0,0.5144971829,0.5177498548,0.5192888067,3.618299197,3.632692356,3.637593673,3.869185823,0.1150327424,3.839956045,3.845103025,3.856344938,3.861882687,3.867600679,3.878318548,3.889770746,222.6844587,98.69347586,123.6417294,124.6778965,228.4264565,230.1037312,232.2537899,236.2420559,239.8488522,7.306933363,0.1161288599,7.222960134,7.243461743,7.266856387,7.277524543,7.293374839,7.487383539,7.513092611,3119.470474,76220.14754,16.62585422,118.0576323,513.1357805,808.2108217,1325.45372,2964.172438,16825.90941,2418.56193,1000,500,1008,500,2088.296256,11180.61448,408.2053206,518.6856928,522.0087431,525.1148736,1079.395802,3658.516444,67085.43734,1034.307186,986.9697247,15.1947717,16.88623352,496.6170267,784.8228379,1278.828572,2556.72295,4560.265289
h200_80b_fp8_8_1000_500,RedHatAI/Qwen3-Next-80B-A3B-Instruct-FP8-dynamic,16,1373.603122,5000,3.639333605,99.52713252,0,0.4536507259,0.4577645161,0.4588227161,0.4601177878,0.4615579986,0.5171626621,4.376901959,0.03589767605,3.659405947,4.347700596,4.366502285,4.374459743,4.385533094,4.39948678,4.423251867,272.6695994,66.48192963,124.093771,126.1048317,230.0679684,234.8856926,336.6448879,341.609478,347.3687172,8.224193465,0.137731614,6.863096673,8.042734945,8.094627537,8.275614951,8.312284588,8.490573428,8.542066108,5489.869186,158474.9288,16.73393714,56.32907349,804.7358087,1304.381074,2247.16248,5864.619085,17986.53889,1373.603122,1000,500,1008,500,3678.793903,100856.7873,466.8543752,469.3381835,473.2520717,483.8839317,487.5678076,1953.415366,84830.32228,1820.248404,2012.00305,15.54102102,18.18810357,782.2667041,1271.255973,2164.615861,5043.77837,9857.353702
h200_80b_fp8_8_1000_500,RedHatAI/Qwen3-Next-80B-A3B-Instruct-FP8-dynamic,64,499.6335309,5000,10.00733476,281.3704671,0,0.3051880241,0.3492587325,0.3500935059,0.6962103605,18.0622357,69.48410877,6.352054029,0.1225638575,3.868485689,6.2404778,6.334503174,6.345365524,6.362398863,6.430328369,6.696543455,408.764294,106.7194861,143.9187527,146.9788551,354.7122478,460.8511925,464.5342827,470.7102776,664.6473408,11.90844417,0.2647245322,7.26944459,11.57401511,11.77775071,11.8351427,12.01612725,12.28320192,12.47012878,15095.98545,358912.4939,154.3044662,402.141692,2151.734475,3648.14268,6296.432908,14059.11955,23023.36746,499.6335309,1000,500,1008,500,10164.50593,273970.5739,369.1589689,369.2392153,372.7000281,374.7317101,745.0741481,34830.58597,53107.57238,5005.300214,4440.005372,154.3044662,401.5224966,2148.562493,3642.469822,6279.274962,13926.48193,22120.06556
h200_80b_fp8_8_20000_5000,RedHatAI/Qwen3-Next-80B-A3B-Instruct-FP8-dynamic,32,10906.40656,4999,0.4582627624,1.424247586,0,0.03213988028,0.03252583449,0.03287468013,0.07173851786,3.283500393,4.151723919,69.59248279,1.092377985,43.19058585,68.54468274,69.36797833,69.62866688,69.84410501,70.20176959,70.61666822,1164.163517,378.3615635,398.7965584,415.8256054,1207.724094,1216.498852,1219.922304,1228.183031,1457.71575,13.68814493,0.2080876756,8.55728368,13.48947625,13.64013838,13.69409581,13.74390455,13.83102791,13.90099044,11461.16799,698159.1628,72.29607234,588.8608506,1230.768373,1806.393631,2783.138413,5443.163083,8779.783368,10906.40656,20000,5000,20008,5000,9205.778148,21994.41672,648.3882535,651.4393284,658.4666634,665.2574417,1424.677948,65750.7856,82021.97404,2291.500317,1674.324746,72.29607234,588.8272143,1230.702417,1806.17407,2782.27515,5435.265302,8723.985445
h200_80b_fp8_8_20000_5000,RedHatAI/Qwen3-Next-80B-A3B-Instruct-FP8-dynamic,8,26604.89113,4999,0.1878977807,1.827883077,0,0.04723547822,0.04773871909,0.04794053957,0.04815978318,0.04850555996,3.327603141,42.56650334,0.2239920603,41.81573749,42.013201,42.41760635,42.5606575,42.72449183,42.91957808,43.0608511,1163.294247,398.0974641,430.6080341,438.8904572,992.5603867,1279.082537,1440.550804,1635.055542,1783.50234,8.282117911,0.08920334071,8.050539465,8.112537882,8.214231681,8.266277136,8.348042881,8.443665853,8.483572516,4699.12582,257528.1561,8.271949943,268.4834094,542.4324692,750.5611393,1103.158397,2135.410307,3637.453272,26604.89113,20000,5000,20008,5000,3765.321973,13344.44129,968.2920856,970.9767675,977.475389,981.2256117,984.7154463,993.5637629,67255.0449,939.5245161,672.1483955,8.188161799,268.3429008,542.2779265,750.2949299,1102.483217,2130.176726,3599.284374
h200_80b_fp8_8_20000_5000,RedHatAI/Qwen3-Next-80B-A3B-Instruct-FP8-dynamic,16,16495.68788,4999,0.303048896,1.53114665,0,0.04005397211,0.04046530298,0.04063966813,0.04084276491,3.301068008,4.050440456,52.61286416,0.6461456095,36.91815186,52.08494043,52.46594048,52.63056707,52.8068347,53.04741049,53.22610998,1208.83146,285.3517423,423.1705666,446.6774464,1223.59252,1329.678059,1332.072258,1336.968422,1454.295874,10.28270065,0.1348818912,7.142895244,10.15465039,10.24010215,10.27532233,10.32391313,10.43215621,10.49087085,7579.023532,437376.7001,5.218357145,415.2913106,831.065838,1194.40703,1812.549464,3571.694306,5915.729099,16495.68788,20000,5000,20008,5000,6076.946212,18037.77438,813.5360742,815.7269976,822.4825127,825.7515728,829.0662819,66194.63171,67563.90052,1515.319804,1114.646314,5.204768086,415.1766458,830.9108498,1194.113579,1811.680104,3564.641034,5869.757542
h200_80b_fp8_8_20000_5000,RedHatAI/Qwen3-Next-80B-A3B-Instruct-FP8-dynamic,64,7799.91199,5000,0.641032874,1.459270533,0,0.02029710956,0.02464298377,0.02473619323,0.02489297937,3.246920719,3.960275481,99.24047005,2.72640732,47.79092622,97.97724366,99.0654912,99.36315966,99.57667685,100.1256201,101.8910859,1186.329476,884.7961789,411.0019207,477.3280621,1110.707521,1116.183043,1120.422602,1126.580954,4772.913694,19.61447268,0.5180121735,9.441429387,19.37615893,19.59515138,19.65328922,19.69524631,19.79582752,19.83743817,16032.80195,909078.0356,51.21759656,773.022024,1704.58967,2538.891122,3941.096993,7613.882264,12226.58487,7799.91199,20000,5000,20008,5000,12905.36746,25649.13264,479.0431874,480.0450184,496.3523117,498.1590854,501.1800293,64934.07865,76779.87395,3205.534619,2308.275339,51.21759656,772.9129425,1704.552255,2538.393799,3939.681865,7602.146808,12149.21238
h200_80b_fp8_8_5000_2500,RedHatAI/Qwen3-Next-80B-A3B-Instruct-FP8-dynamic,32,4437.365843,5000,1.126794629,5.887955679,0,0.07384799838,0.074927134,0.07531770581,0.07575091228,9.047813604,18.56885007,28.29697366,0.3561243405,20.86976027,27.8552444,28.19862843,28.31008077,28.43514395,28.59117579,28.81409597,526.9082075,134.0610037,151.6971588,155.6501389,542.2356129,547.819376,552.6697636,658.4272385,773.7805843,11.1120744,0.14246937,8.262302647,10.92854162,11.06568144,11.11472869,11.16776132,11.25912229,11.32559004,8460.429261,347955.6424,88.01861416,692.2484965,1503.719097,2225.224543,3446.17057,6697.364427,10846.96019,4437.365843,5000,2500,5008,2500,5669.674085,19755.3815,374.7438029,375.2055484,380.1718423,381.9966852,384.3251311,45963.26547,92871.30454,2817.13814,2044.179464,88.01861416,692.1688629,1503.589239,2224.875336,3444.683523,6682.78352,10738.62218
h200_80b_fp8_8_5000_2500,RedHatAI/Qwen3-Next-80B-A3B-Instruct-FP8-dynamic,8,12267.10155,4999,0.4075127268,6.644601247,0,0.1009317486,0.102043431,0.1024641076,0.1028593716,0.103650197,0.2034586877,19.6264967,0.1034664062,19.27478909,19.37906718,19.56160903,19.62412786,19.6885078,19.79359198,19.89578199,388.1572659,141.0807092,131.9425106,139.5862103,249.6063709,354.3171883,535.2320671,552.6046753,639.8482323,7.698268209,0.06720377415,7.516197607,7.561199471,7.646973012,7.693809144,7.746533806,7.813233669,7.855145156,3059.747596,106575.1234,13.43301242,255.3174758,590.5420505,816.8608003,1201.567134,2327.308775,4019.147031,12267.10155,5000,2500,5008,2500,2044.107712,10718.32513,514.2584331,516.0511847,520.3209167,522.0630554,523.8698482,527.4776043,91776.11353,1018.829114,729.0689575,13.16607705,254.7837174,589.8785266,815.8945598,1199.265868,2309.860174,3888.138677
h200_80b_fp8_8_5000_2500,RedHatAI/Qwen3-Next-80B-A3B-Instruct-FP8-dynamic,16,7247.383757,5000,0.689904132,6.538594989,0,0.08723841319,0.08830996226,0.08875668849,0.08923773288,0.09001788981,17.60640736,23.10255436,0.2358895535,17.76844215,22.73583102,23.00706363,23.11108422,23.21711922,23.3615973,23.44798017,533.5865043,166.6365479,141.469717,153.5437107,446.5019703,567.923069,659.4669819,758.4865093,816.9834614,9.030889071,0.1066144826,6.974693774,8.858984974,8.974650613,9.02745656,9.085433394,9.183986705,9.243164887,5179.969599,205330.0776,16.46401708,395.2732269,938.3742852,1361.066774,2077.869937,4096.740648,6769.004232,7247.383757,5000,2500,5008,2500,3463.482724,14813.94956,446.6162846,447.7959485,451.7091304,453.3779523,455.4057245,460.1523383,89864.74103,1724.816729,1276.190897,16.2498121,395.0268906,938.1055333,1360.41845,2076.054173,4081.940383,6668.500526
h200_80b_fp8_8_5000_2500,RedHatAI/Qwen3-Next-80B-A3B-Instruct-FP8-dynamic,64,2857.694472,5000,1.749662201,6.082463762,0,0.05515492961,0.06143385781,0.06174525612,0.06224042309,17.87129679,18.6440027,36.34097063,0.719710646,20.84134436,35.80182552,36.19496036,36.38528156,36.54367685,36.70180106,36.86005735,555.9706024,247.3644157,137.0897293,166.7320728,545.9551811,549.1886139,551.0873795,558.6707592,1219.939709,14.3193019,0.2711536524,8.284954034,14.1057244,14.26422143,14.34147286,14.40594014,14.46793994,14.53082931,13137.55936,464810.5039,69.39590419,991.5212712,2331.989606,3501.530587,5433.970942,10421.57896,15909.82908,2857.694472,5000,2500,5008,2500,8826.996304,24508.16008,306.8566721,306.8945158,310.6492788,312.3639323,314.7966888,89748.78305,93390.75225,4374.520299,3056.482052,69.39590419,991.2888089,2331.781666,3500.856946,5431.566626,10395.82989,15766.72278
,,,,,,,,,,,,,,,,,,,,,,,,,,,,,,,,,,,,,,,,,,,,,,,,,,,,,,,,,,,,,,,,,,,,,,,,
h200_35b_fp8_2_5000_2500_lmcache,RedHatAI/Qwen3.5-35B-A3B-FP8-dynamic,32,6333.136257,499,0.07879192548,0.00353873479,0,0.07871700211,0.07877796399,0.07879371175,0.07881277258,0.07883811344,0.07884625868,393.5131555,56.55515912,12.85105681,63.62314057,406.0523646,406.105794,406.152061,406.2466705,406.268292,381253.2834,56555.60478,594.5250988,51362.48159,393793.226,393846.6017,393893.4259,393987.4833,394010.3533,4.905765935,0.001984419694,4.892900878,4.902087578,4.904471478,4.905385273,4.906845742,4.909482848,4.911077934,591.7786956,3217.159398,4.331353459,4.595424849,203.7949565,203.8595129,203.8990589,203.9535133,22937.65364,6333.136257,5000,2500,5009.945892,2500,395.5458053,17.67504939,394.2360637,394.3846449,394.6675257,394.7536037,394.8560565,394.9812498,395.0275161,196.998322,36.28871277,4.291818406,4.562998872,203.7850549,203.8543864,203.8940256,203.9435962,203.9832701
h200_35b_fp8_2_5000_2500_lmcache,RedHatAI/Qwen3.5-35B-A3B-FP8-dynamic,8,5818.977235,500,0.0859257529,1.165044722,0,0.07872936191,0.0787874258,0.07880549598,0.0788196032,0.07883801415,0.1261760043,92.39232879,26.09705313,13.00338268,15.73430014,101.5012727,101.51436,101.5299287,101.5565472,101.580174,79821.35067,27017.23247,131.0055256,138.8220787,89244.23432,89257.23743,89273.16213,89296.5157,89321.75207,5.030283875,0.3826674248,4.898945681,4.90206926,4.903794194,4.904658664,4.906527945,6.194693511,6.297558105,645.3204538,14539.53487,4.217635962,4.577770065,203.8397457,203.8940256,203.9336802,203.993191,22865.2371,5818.977235,5000,2500,5009.946,2500,431.4067633,1560.473985,386.7665021,394.4073849,394.7214665,394.8101049,394.88547,394.9692525,648.2242167,214.8219354,184.5727577,4.217635962,4.555500526,203.8345726,203.8940256,203.9237651,203.9832701,859.1364195
h200_35b_fp8_2_5000_2500_lmcache,RedHatAI/Qwen3.5-35B-A3B-FP8-dynamic,16,6332.220059,499,0.07880332574,0.00354084857,0,0.07872554347,0.07878718012,0.07880756302,0.07882691203,0.0788513681,0.07886309693,199.9851856,19.72674972,12.87089968,63.73152089,202.9854145,203.0168068,203.0531886,203.1354575,203.1677878,187725.8568,19727.1381,617.2399521,51468.91046,190726.2409,190757.5581,190795.2082,190874.8913,190904.5181,4.905576948,0.001900710184,4.900240431,4.902190903,4.904271508,4.905248843,4.906575076,4.909251012,4.910986726,591.8664444,3222.052722,3.813998743,4.612039475,203.8048591,203.8642947,203.9039378,203.9634312,22972.75353,6332.220059,5000,2500,5009.945892,2500,395.6048813,17.58382954,393.4901324,394.4308974,394.7251812,394.8328791,394.9276908,395.0421236,395.1278079,197.0275329,36.2334214,3.813988339,4.572026545,203.8048591,203.8642947,203.9039378,203.9535133,203.993191
h200_35b_fp8_2_5000_2500_lmcache,RedHatAI/Qwen3.5-35B-A3B-FP8-dynamic,64,6333.936865,499,0.0787819662,0.003537774615,0,0.07868186328,0.0787631839,0.07879103414,0.07880942879,0.07883374807,0.07884867472,761.0479254,157.7607302,12.83825755,63.64369965,812.1310785,812.2786887,812.3315396,812.765188,812.910733,748787.9119,157762.6564,580.2960396,51367.19942,799871.8722,800019.0883,800073.1437,800498.9953,800652.5667,4.905857304,0.001990071028,4.90124715,4.902540564,4.904419863,4.905474382,4.907027108,4.909734241,4.911197954,591.7025326,3212.377952,4.174483552,4.58018955,203.7850549,203.8543864,203.9039378,203.9634312,22868.99387,6333.936865,5000,2500,5009.945892,2500,395.4950939,17.67483625,394.0647583,394.1835495,394.5975789,394.7327072,394.8339474,394.9575529,395.0648057,196.972968,36.34481728,4.174246744,4.547183639,203.7850549,203.8452798,203.897274,203.9435962,203.9733502
h200_35b_fp8_1_5000_2500_lmcache_extra,RedHatAI/Qwen3.5-35B-A3B-FP8-dynamic,32,6552.890178,500,0.07630220962,0.003444006904,0,0.07624146288,0.07629191697,0.07630757489,0.07632029082,0.07633974505,0.07634674989,406.3901313,58.33584661,13.33795333,65.76072431,419.329844,419.3596671,419.3943832,419.5532804,419.568068,393606.0634,58335.68892,552.1304607,52978.57881,406546.2034,406576.6468,406610.8117,406771.2803,406784.1504,5.115573151,0.002196842905,5.083223589,5.112446418,5.114473119,5.115470489,5.116628904,5.118635284,5.119952644,573.0737832,3594.617623,4.01329631,6.178406605,195.4384232,195.4839672,195.5204177,195.5751189,30485.77778,6552.890178,5000,2500,5009.946,2500,383.0447839,17.09217618,379.7986188,381.9866087,382.2190557,382.2940229,382.3610391,382.4657147,382.5127716,190.7716058,29.49134242,4.01329631,6.122195657,195.4384232,195.4839672,195.5204177,195.5751189,195.602481
h200_35b_fp8_1_5000_2500_lmcache_extra,RedHatAI/Qwen3.5-35B-A3B-FP8-dynamic,8,5998.510089,499,0.08318732362,1.014791338,0,0.07635408821,0.07639759952,0.07641211895,0.07642695585,0.07645251901,0.1113022655,95.43339321,26.44528733,13.65681958,18.00031567,104.6726122,104.6951575,104.7090724,104.7275226,104.7378216,82192.87585,27839.86989,210.149765,215.2495384,91909.91068,91929.25429,91943.36247,91961.16805,91971.09222,5.29821934,0.580120263,5.102314344,5.103616535,5.106593762,5.107938409,5.109675077,7.06331374,7.146394935,624.7632001,13000.05596,5.909909301,6.15678353,195.7302721,195.7913885,195.8307965,195.922272,30368.82636,5998.510089,5000,2500,5009.945892,2500,417.6732994,1983.806754,371.8713171,382.5337591,382.7378774,382.8242556,382.9058236,383.036448,564.9453614,207.9785957,168.0058949,5.909909301,6.092227961,195.7302721,195.7850908,195.8307965,195.8948204,819.2
h200_35b_fp8_1_5000_2500_lmcache_extra,RedHatAI/Qwen3.5-35B-A3B-FP8-dynamic,16,6552.829733,500,0.07630291346,0.003446426634,0,0.07626070916,0.0762900908,0.07630528153,0.07631977977,0.07634038559,0.0763504425,206.5463606,20.35687604,13.38109732,65.79843378,209.6563325,209.6907742,209.7087255,209.726887,209.7345908,193762.9437,20356.71839,601.3190746,53016.0749,196872.0846,196906.7357,196925.2665,196944.7846,196950.3179,5.11516088,0.003245240863,5.075832232,5.111062942,5.114206461,5.115178834,5.116340493,5.118427872,5.119956651,573.0833679,3590.398748,4.644558973,6.170852852,195.4475303,195.4988652,195.538648,195.5933594,30374.09293,6552.829733,5000,2500,5009.946,2500,383.051097,17.09228501,381.9473038,382.0454806,382.2113666,382.285385,382.3616444,382.4724811,382.5275475,190.7747965,29.53224085,4.634958803,6.105885915,195.4475303,195.4930785,195.5340956,195.5842388,195.6534116
h200_35b_fp8_1_5000_2500_lmcache_extra,RedHatAI/Qwen3.5-35B-A3B-FP8-dynamic,64,6553.034067,500,0.07630053421,0.003445612192,0,0.07625520765,0.07628946081,0.07630299247,0.07631517089,0.07633247338,0.07634756148,785.5869021,162.7616155,13.34548068,65.76173997,838.7438314,838.7835071,838.8071742,838.8477964,838.8773155,772802.5568,162761.492,559.4620705,52977.04554,825959.3301,825996.911,826022.9774,826065.4309,826089.349,5.115535838,0.003038705788,5.080278514,5.112132534,5.114670036,5.115550248,5.116699027,5.118576323,5.119766126,573.0618347,3592.464685,4.802268819,6.170725751,195.4357339,195.4839672,195.5204177,195.5751189,30463.37515,6553.034067,5000,2500,5009.946,2500,383.0366869,17.0919165,381.9618417,381.9917883,382.2110399,382.2734302,382.339235,382.4302156,382.5150833,190.7676283,29.50858564,4.780988683,6.113406104,195.4293169,195.4839672,195.5204177,195.5659999,195.6116034
,,,,,,,,,,,,,,,,,,,,,,,,,,,,,,,,,,,,,,,,,,,,,,,,,,,,,,,,,,,,,,,,,,,,,,,,
h200_9b_fp8_1_10000_5000_lmcache,RedHatAI/Qwen3.5-9B-FP8-dynamic,32,2089.293861,100,0.04786306122,0.1045671892,0,0.04394221479,0.04556910937,0.04557370622,0.04557896323,0.04560585708,0.09093673814,562.5801705,179.4760787,22.22660756,22.22660756,548.5097346,659.9365797,660.12872,681.911788,702.1918292,541036.3137,179420.7498,748.4586239,748.4586239,527066.2503,638482.5535,638681.8819,659713.2125,680741.8299,4.309196454,0.06564497976,4.282553402,4.282553402,4.289389134,4.289905747,4.291063882,4.455012878,4.605888343,718.6806332,12535.21714,3.719258447,4.073706162,233.0532317,233.1113645,233.1450199,443.2541536,39182.24003,2089.293861,10000,5000,10009.96,5000,484.2474323,861.5825958,440.3379678,440.3379678,456.1477958,456.1892106,456.2398344,849.6911106,909.4666481,239.4012486,74.42846457,3.535838871,3.993832386,233.0526515,233.1095089,233.1414346,233.5052668,454.531773
h200_9b_fp8_1_10000_5000_lmcache,RedHatAI/Qwen3.5-9B-FP8-dynamic,8,1258.729243,99,0.07865075078,1.967410212,0,0,0.04553539764,0.04554209763,0.04554677954,0.07601781776,0.09091973824,95.50282268,72.43184311,22.41833901,22.41833901,26.74326634,26.8645215,175.6658883,175.6749575,175.6844316,71575.80026,74787.48499,65.39416313,65.39416313,181.8699837,461.6470337,154212.0442,154229.7173,154236.0156,4.786187266,0.5041960626,4.284191237,4.284191237,4.291640303,4.454550445,5.305790143,5.31808451,5.327024372,1180.783145,73884.04815,3.59159776,13.71548002,232.9683286,233.0400732,233.147182,1575.800619,35326.64311,1258.729243,10000,5000,10009.9596,5000,801.1106248,9131.333389,447.2176118,447.2176118,455.8101667,455.8631021,455.9630526,760.8991492,911.6766014,393.333219,560.9728646,3.52878265,3.925008184,232.9680283,233.0357686,233.1464665,1392.947511,2888.653445
h200_9b_fp8_1_10000_5000_lmcache,RedHatAI/Qwen3.5-9B-FP8-dynamic,16,2172.710754,99,0.04556519998,0.00458674826,0,0.04537919042,0.04556457978,0.04557070064,0.04557767152,0.04558405797,0.0455864217,324.5477792,72.90270258,22.08837938,22.08837938,351.0435336,351.0910037,351.1471646,351.1986318,351.3433759,303103.0868,72905.83947,618.2906628,618.2906628,329599.0164,329648.2568,329703.4824,329749.2392,329899.0397,4.289318453,0.002020445498,4.28158604,4.28158604,4.289131352,4.289540035,4.289975999,4.291072992,4.295497733,684.1265791,6235.305908,3.770011171,4.080684412,233.0965928,233.1257804,233.1521442,233.4686919,38686.90207,2172.710754,10000,5000,10009.9596,5000,460.7860619,45.78797059,455.4210617,455.4210617,456.0979455,456.1680711,456.2284614,456.3054906,910.775309,227.8908796,34.27491466,3.657984888,3.972322665,233.095577,233.1257804,233.1493442,233.4438497,233.502747
h200_9b_fp8_1_10000_5000_lmcache,RedHatAI/Qwen3.5-9B-FP8-dynamic,64,2151.939098,100,0.04646971659,0.007766716334,0,0.04473447004,0.04557031989,0.04558015842,0.04558714509,0.0456071246,0.09088674811,925.2706401,454.2143101,22.23823404,22.23823404,506.621891,1053.543109,1361.81269,1382.852388,1403.809483,903791.2849,454262.239,754.5363903,754.5363903,485172.2214,1032099.168,1340370.63,1361415.341,1382365.975,4.296486676,0.03174096192,4.2830724,4.2830724,4.289519145,4.289920818,4.290713241,4.296203737,4.451973769,697.75331,9028.74391,3.878027158,4.107659529,233.0672104,233.1049684,233.12957,233.3860498,39431.04863,2151.939098,10000,5000,10009.96,5000,470.003008,77.27832619,447.8936523,447.8936523,456.1664454,456.2613128,456.318147,459.3926148,910.9196,232.4301031,46.24870336,3.711651919,4.019080144,233.0661534,233.1029988,233.1288131,233.3806413,449.8544941
h200_9b_fp8_1_1000_500_lmcache,RedHatAI/Qwen3.5-9B-FP8-dynamic,32,14.63645196,100,6.832256907,22.96135795,0,0,0.4883157332,0.6406563365,0.9535482428,28.27512657,113.350377,4.066769729,0.5157474342,2.250765324,2.250765324,3.941747189,4.089287996,4.209387541,4.880324602,5.024712086,310.1341558,269.258187,39.18433189,39.18433189,176.5656471,179.479599,297.3325253,962.1767998,1082.624912,7.527870883,0.7406077799,4.431698748,4.431698748,7.544673278,7.838217194,7.848891562,7.96048388,8.032919649,10351.60162,150710.469,123.7075358,288.2485053,1529.651349,2674.938776,4419.709168,9279.433628,16131.93846,14.63645196,1000,500,1009.92,500,8161.019697,13619.04432,649.6018185,649.6018185,651.1124582,656.0914039,18218.06666,28964.00933,56932.42557,3427.864264,2898.686284,123.7075358,283.1310922,1522.986202,2668.132316,4387.34728,9026.479197,14438.22375
h200_9b_fp8_1_1000_500_lmcache,RedHatAI/Qwen3.5-9B-FP8-dynamic,8,125.1312628,100,0.7991607995,5.595110996,0,0,0.4646494837,0.4647517858,0.4648447565,0.8292904564,0.9405068278,9.409341466,7.133162865,2.200710297,2.200710297,2.550735712,2.714919329,17.21429873,17.2188096,17.22120166,7143.571498,7262.503372,58.38823318,58.38823318,156.2795639,288.7375355,15082.35931,15088.04631,15089.05959,4.540170615,0.2831752773,4.224565559,4.224565559,4.271241133,4.27714904,4.79717484,4.961592401,4.966151977,1207.585578,24680.96846,74.97325897,233.7962096,234.0571429,234.1355365,234.2009046,1542.590658,3869.284133,125.1312628,1000,500,1009.92,500,821.552645,3470.498999,465.5804387,465.5804387,469.2640594,469.3744952,469.477907,856.4563134,939.8147723,399.8839601,580.4660814,74.97325897,201.5329618,234.0571429,234.1355365,234.2009046,1439.610091,2974.683688
h200_9b_fp8_1_1000_500_lmcache,RedHatAI/Qwen3.5-9B-FP8-dynamic,16,20.52254891,100,4.872689081,17.84016844,0,0,0.7563034696,0.7574160081,1.496226618,28.49430019,57.40667643,3.01781765,0.1712411498,2.322430849,2.322430849,3.029876947,3.032155752,3.035084486,3.273378611,3.377269506,184.1531205,91.59561817,74.70273972,74.70273972,141.890049,174.703598,176.6886711,424.7410297,518.5515881,5.678241807,0.2742689954,4.410661055,4.410661055,5.714551719,5.725116672,5.784862744,5.885721447,5.92521914,7387.446212,121749.2032,169.8992992,503.5783407,1220.338667,1943.607044,3026.193362,6141.001464,11008.67192,20.52254891,1000,500,1009.92,500,5537.722662,14028.90712,773.9410889,773.9410889,775.4219204,783.7760855,1569.920011,29023.54113,33774.87156,2446.303848,1931.622663,169.8992992,502.5526,1219.983711,1940.011101,3015.3156,6043.665706,10022.23178
h200_9b_fp8_1_1000_500_lmcache,RedHatAI/Qwen3.5-9B-FP8-dynamic,64,10.28384972,100,9.723984963,31.60149744,0,0,0,0.3549901403,0.6859213321,27.49876415,176.8852901,5.62921237,1.270571556,3.407956839,3.407956839,4.254955053,5.949847937,6.83177042,7.099041462,7.110408545,852.4701476,672.1261253,130.9192181,130.9192181,292.8576469,539.233923,1385.163784,2136.143446,2222.524881,9.572101552,1.56516473,6.549237486,6.549237486,7.999031721,10.46904581,10.87791456,10.91744092,10.96763066,14871.96162,182355.4736,90.80742168,255.797036,2522.131088,3968.121097,6260.155224,12748.64438,22270.64071,10.28384972,1000,500,1009.92,500,14668.99123,16312.48182,577.2508356,577.2508356,577.2508356,582.2388527,27605.6136,29354.7802,58055.83286,4924.751517,3683.242386,90.80742168,249.4382397,2501.07573,3940.163457,6195.426883,12264.04678,18342.43732
h200_9b_fp8_1_20000_5000_lmcache,RedHatAI/Qwen3.5-9B-FP8-dynamic,32,2296.422049,100,0.04354600238,0.00438767676,0,0.04299640902,0.04355049758,0.04355511453,0.04356336634,0.04357513899,0.04359852663,613.8332966,202.6062025,23.52208686,23.52208686,572.8905172,734.6061728,734.7328441,734.7689521,734.7947605,591913.7226,202607.83,1553.391457,1553.391457,550981.5111,712684.577,712816.2894,712849.2317,712899.317,4.384240126,0.00272454689,4.376455983,4.376455983,4.383569766,4.384839361,4.385568686,4.386209826,4.391004668,1089.81805,10508.41126,1.8542971,1.926267506,228.0177551,228.0555863,228.1310679,228.4673838,38327.43604,2296.422049,20000,5000,20009.89,5000,880.3411188,87.03472638,869.7992958,869.7992958,871.4170996,871.5644596,871.7714125,871.9784998,1738.962524,217.8774177,46.963376,1.838436224,1.906322451,228.0147646,228.0517118,228.1221723,228.3842187,228.4858695
h200_9b_fp8_1_20000_5000_lmcache,RedHatAI/Qwen3.5-9B-FP8-dynamic,8,1395.618376,100,0.07165282554,1.507133402,0,0,0.04353422823,0.04354161646,0.04355305987,0.08107087443,0.08721782535,105.219614,72.07229607,22.0990932,22.0990932,29.9244628,79.91619563,183.7397623,183.7637095,183.7774582,80054.26035,75180.89838,100.0692844,100.0692844,507.0226192,50453.25136,161814.4898,161838.5026,161856.2765,5.033664293,0.7203093244,4.376417781,4.376417781,4.385345529,4.38679736,5.882292753,5.937890449,5.945719249,1792.634873,116725.82,1.783805864,1.920888984,228.0060467,228.0402082,228.3284543,1529.760496,38234.7768,1395.618376,20000,5000,20009.89,5000,1457.110835,14555.3441,768.795421,768.795421,871.118406,871.2769349,871.5258592,1588.793653,1742.749335,358.3851974,470.8672881,1.778525584,1.896430908,228.0021838,228.0353571,228.2140909,1172.01904,2427.480699
h200_9b_fp8_1_20000_5000_lmcache,RedHatAI/Qwen3.5-9B-FP8-dynamic,16,2296.392978,100,0.04354655364,0.004369932598,0,0.04330315351,0.04354371163,0.04355003408,0.04355753126,0.04356874815,0.04358231739,336.6157,78.07860325,23.18754005,23.18754005,367.3392639,367.3641284,367.4090753,367.431843,367.4363198,314695.3335,78082.11388,1231.707335,1231.707335,345419.7035,345443.2123,345488.0912,345512.7532,345516.5164,4.384381166,0.002647985207,4.375369913,4.375369913,4.384243958,4.385038146,4.385561198,4.385975319,4.390873797,1089.679087,10519.28617,1.857098966,1.923656572,228.0177551,228.0478573,228.0927551,228.4163736,38327.43604,2296.392978,20000,5000,20009.89,5000,880.2267145,87.02604691,870.1164798,870.1164798,871.3118407,871.4467052,871.6336231,871.8707984,1739.661189,217.8496362,47.00775802,1.811216204,1.907612569,228.0165177,228.0434722,228.0853313,228.3872388,228.5332216
h200_9b_fp8_1_20000_5000_lmcache,RedHatAI/Qwen3.5-9B-FP8-dynamic,64,2295.644059,100,0.04356076004,0.004386899687,0,0.04304218415,0.04356379166,0.04357043315,0.04357773316,0.04358746245,0.04361072548,1003.628136,483.5328694,23.4737587,23.4737587,572.8996296,1144.054544,1468.785938,1468.96363,1468.987496,981706.7812,483531.6755,1540.902615,1540.902615,550981.4909,1122130.172,1446861.553,1447037.108,1447058.978,4.384660891,0.002180686037,4.375469592,4.375469592,4.384774212,4.385358025,4.385677713,4.386139383,4.387027146,1090.181792,10556.124,1.851098939,1.942433519,228.0133711,228.0314784,228.0640947,228.4282387,38740.1934,2295.644059,20000,5000,20009.89,5000,880.6370268,87.09147406,870.7722667,870.7722667,871.6987505,871.8690385,871.9861461,872.2567064,1740.445661,217.9501372,46.7516666,1.843699545,1.923032027,228.010718,228.0300995,228.0578584,228.3400964,228.4944101
h200_9b_fp8_1_5000_2500_lmcache,RedHatAI/Qwen3.5-9B-FP8-dynamic,32,69.74475408,100,1.433799593,18.82155772,0,0,0.103052104,0.1053574103,0.1069901545,0.1748648242,19.57668145,18.98649725,1.649679993,11.73270512,11.73270512,19.20075154,19.36132669,19.45507836,19.65058041,19.65304232,397.2532201,186.1037196,50.91834068,50.91834068,236.2232208,411.7598534,514.5237446,749.7541904,810.0802898,7.438554294,0.6311472191,4.674498393,4.674498393,7.540179806,7.577436645,7.625333783,7.663225546,7.671456186,10798.25255,359348.0701,130.1326053,475.9763958,1460.289364,2619.562987,4533.11463,10023.59152,17081.03691,69.74475408,5000,2500,5009.93,2500,8657.802364,51437.34086,533.0816933,533.0816933,536.4179928,540.3681314,544.8277337,548.5249757,262801.3312,3594.65819,3342.428676,130.1326053,475.7604356,1458.768757,2615.366651,4525.156499,9965.711385,16730.48326
h200_9b_fp8_1_5000_2500_lmcache,RedHatAI/Qwen3.5-9B-FP8-dynamic,8,631.2782409,100,0.1584087547,4.201016917,0,0.09166636143,0.09168979877,0.09170214146,0.09171666546,0.1619611682,0.1838064333,47.44907035,36.37033135,10.99328256,10.99328256,12.49848986,12.56379056,87.2389648,87.24730134,87.25058866,35977.86939,37148.93156,53.35879326,53.35879326,174.5185852,276.2572765,76575.97971,76585.7985,76588.12571,4.590210641,0.3331211674,4.257822571,4.257822571,4.266663712,4.268689936,4.932577489,4.960536003,4.964420919,1189.968005,47415.65408,7.851039326,201.4297472,234.3538657,234.3710326,234.4323848,1620.987053,39279.61408,631.2782409,5000,2500,5009.93,2500,807.4499508,12305.9606,453.8574929,453.8574929,459.3691857,459.4245446,459.5269214,816.6560047,918.6968593,396.1315234,610.0681649,7.838677725,8.098784884,234.344843,234.3710326,234.4234295,1413.6515,3159.625802
h200_9b_fp8_1_5000_2500_lmcache,RedHatAI/Qwen3.5-9B-FP8-dynamic,16,99.12946463,100,1.008781802,15.30887589,0,0,0.1396040824,0.141038679,0.275722615,0.3600648825,11.33776467,14.50947018,0.6223021493,11.46773243,11.46773243,14.55783153,14.61908937,14.70923257,14.85142851,14.9273715,232.9938936,119.1675021,52.03819275,52.03819275,140.3231621,222.3420143,327.4505138,451.0998726,482.000351,5.712769098,0.2337306135,4.56271328,4.56271328,5.7365901,5.76117116,5.780322879,5.80436652,5.806647477,7587.915234,263446.2097,63.39923191,471.4820144,1177.560322,1902.417284,3078.69885,6595.020934,12042.08856,99.12946463,5000,2500,5009.93,2500,5721.055887,43092.5088,700.5850318,700.5850318,706.6726698,713.4362083,1398.559238,1433.440699,183807.8343,2525.960706,2250.478169,31.53090466,470.4244056,1175.674717,1899.494371,3071.729916,6535.799166,11593.43445
h200_9b_fp8_1_5000_2500_lmcache,RedHatAI/Qwen3.5-9B-FP8-dynamic,64,48.47208953,100,2.042412468,19.80219108,0,0,0,0.07667336867,0.09542830964,0.09559094453,49.13894747,24.91393355,2.2989334,21.55509448,21.55509448,21.8661027,26.52980733,26.74334574,26.93491006,26.94537139,634.2897511,349.1105954,91.37368202,91.37368202,300.2858162,590.0073051,984.3556881,1119.307041,1138.343334,9.715541361,0.8130028027,8.51079787,8.51079787,8.682026201,10.31587123,10.32748209,10.37356891,10.38992181,15559.40457,480893.9416,96.6023859,755.1861721,2289.467249,3749.936522,6393.756098,14496.4424,23831.27273,48.47208953,5000,2500,5009.93,2500,18562.3576,138827.1175,406.5586084,406.5586084,406.5586084,408.1204298,408.1204298,236496.9448,273232.125,5179.610386,4564.484989,96.6023859,747.9805363,2285.724251,3744.914286,6378.152911,14387.09258,23258.61738
h200_9b_fp8_2_10000_5000_lmcache,RedHatAI/Qwen3.5-9B-FP8-dynamic,32,109.8343778,100,0.9104617519,12.49334761,0,0,0.0652004378,0.06633121068,0.07013560005,0.1103256016,19.45067196,29.74974533,2.872080601,18.6528163,18.6528163,29.71862888,30.61035919,30.83206105,31.43324471,31.57640934,579.6691775,342.3976521,108.6571217,108.6571217,298.7706661,445.5559254,871.2005615,1171.147346,1314.20517,5.834823803,0.5477364243,3.672677151,3.672677151,5.889674191,5.970066465,6.053590422,6.069603527,6.081860789,13699.20723,520519.0252,164.4181276,692.0881592,2224.360125,3631.98586,5854.701586,11456.89532,17201.24906,109.8343778,10000,5000,10009.96,5000,10974.82502,49460.43602,682.4190043,682.4190043,682.4484769,689.8564175,701.2197376,701.7074108,256622.5141,4563.372332,3452.274218,164.4181276,689.3212038,2223.039211,3629.790601,5849.344326,11417.74274,17013.89995
h200_9b_fp8_2_10000_5000_lmcache,RedHatAI/Qwen3.5-9B-FP8-dynamic,8,974.3288317,100,0.102634754,2.399834531,0,0,0.05940393001,0.05942247889,0.05944039577,0.1057848892,0.1221623131,73.23006158,56.09976431,16.64683747,16.64683747,19.37112451,19.58916092,134.6284399,134.6845222,134.7091737,55605.37486,57469.37023,60.4865551,60.4865551,189.1429424,617.855072,118426.2285,118477.5879,118505.7623,3.525548632,0.2936872623,3.234882263,3.234882263,3.240668266,3.245417798,3.83162012,3.845770613,3.850733383,1540.936464,92976.61485,3.004841913,3.187525457,308.4663661,308.6309595,308.7608556,2337.07575,31633.06313,974.3288317,10000,5000,10009.96,5000,1045.037483,8743.427214,588.5002566,588.5002566,594.6638026,594.8355901,595.0066506,1061.91948,1188.494178,513.3046536,737.0899492,3.001714016,3.160146167,308.434503,308.6108901,308.7426469,1895.01093,3832.631331
h200_9b_fp8_2_10000_5000_lmcache,RedHatAI/Qwen3.5-9B-FP8-dynamic,16,153.9875929,100,0.6494029687,10.53780276,0,0,0.08874802143,0.09077170571,0.09141152064,0.1178839537,6.386901861,22.56129094,1.012109461,17.51058388,17.51058388,22.63308406,22.73605442,22.90817833,22.95535445,22.95674777,374.5372701,223.9308315,77.06952095,77.06952095,163.5632515,356.3399315,524.5811939,810.128212,889.6174431,4.438086506,0.1921575304,3.484432925,3.484432925,4.450023258,4.478224565,4.499562098,4.510806641,4.516419708,9768.525453,407019.9013,40.26789555,618.0304479,1689.531217,2608.70956,4082.804798,7807.956036,12523.51839,153.9875929,10000,5000,10009.96,5000,7347.424364,36939.17002,905.8458471,905.8458471,916.9515647,925.3964833,926.2552908,928.111179,250417.4105,3254.014486,2387.171793,38.90062233,616.4804355,1688.162611,2606.81314,4078.452634,7778.122426,12354.76839
h200_9b_fp8_2_10000_5000_lmcache,RedHatAI/Qwen3.5-9B-FP8-dynamic,64,79.62568688,100,1.255876136,11.58634389,0,0,0,0.04711690281,0.05944531478,0.05944531478,25.20615385,40.65564997,3.714393355,34.90315104,34.90315104,36.01140904,43.28082204,43.57581735,43.7757864,43.81603479,714.4195223,329.1670737,115.4518127,115.4518127,438.9283657,755.6283474,993.6761856,1180.770636,1218.125105,7.989749639,0.6895098006,6.936404437,6.936404437,7.122496458,8.478661732,8.518916794,8.539910411,8.565630668,18878.06017,667532.9981,118.1099252,1001.751961,3248.602078,5032.665108,7980.347852,15141.95426,22476.74405,79.62568688,10000,5000,10009.96,5000,22326.2232,69437.99565,506.2437177,506.2437177,506.2437177,506.5285572,506.5285572,238755.8817,258569.6173,6288.511153,4421.626446,118.1099252,972.7114622,3246.216233,5027.825296,7970.033897,15084.76222,22138.11741
h200_9b_fp8_2_1000_500_lmcache,RedHatAI/Qwen3.5-9B-FP8-dynamic,32,12.33103848,100,8.109617061,29.72147362,0,0,0.5635362575,0.8341933215,1.24038329,24.49242915,164.3922552,3.459783635,0.539092572,1.851477146,1.851477146,3.351369381,3.519839048,3.594579697,4.347119093,4.524322987,429.8894835,319.6157276,47.95360565,47.95360565,254.285574,327.4540901,401.0300636,1194.704533,1370.495558,6.071419501,0.7335654228,3.398039059,3.398039059,6.120741965,6.319041243,6.39955362,6.74946848,6.907620268,12341.25698,173633.0251,144.7609581,466.1373639,1635.843994,3030.566474,5256.02005,11650.84444,20695.57895,12.33103848,1000,500,1009.92,500,9582.590286,11870.22657,901.7395449,901.7395449,907.6749642,911.3732665,22895.78615,24730.99917,45273.73296,4086.725448,3717.532414,144.7609581,336.8918876,1627.591773,3017.484892,5223.292653,11351.29635,18183.39884
h200_9b_fp8_2_1000_500_lmcache,RedHatAI/Qwen3.5-9B-FP8-dynamic,8,96.41674519,100,1.037164237,8.302985755,0,0,0.6110118083,0.612098057,0.6130820532,1.024476472,1.246494377,7.255916595,5.319389561,1.665648699,1.665648699,2.038484812,2.85911727,13.07328939,13.09735012,13.10061288,5531.674838,5454.270753,39.50667381,39.50667381,206.5224648,1109.14278,11491.48226,11512.63738,11515.95354,3.454982675,0.336689898,3.16778548,3.16778548,3.172304444,3.185834579,3.673557767,3.985388723,4.012135561,1570.840666,27171.84844,32.35621659,37.82400577,314.9586243,315.3137874,315.5510081,2267.191351,36709.01047,96.41674519,1000,500,1009.92,500,1068.25981,2898.521279,612.6103372,612.6103372,617.112487,618.1273875,619.2116066,1144.630626,22787.77321,520.1734746,730.6359978,32.35571738,36.30960481,314.9349752,315.2900849,315.5510081,1865.793594,3809.540418
h200_9b_fp8_2_1000_500_lmcache,RedHatAI/Qwen3.5-9B-FP8-dynamic,16,16.57757711,100,6.032244598,25.8063205,0,0,0.9276543944,0.9455564435,0.9653000475,24.36155173,73.58557168,2.447050667,0.1448539045,1.81185627,1.81185627,2.441613913,2.467094183,2.477913141,2.587458611,2.711143017,248.2885289,121.160188,38.93637657,38.93637657,157.9642296,255.7792664,309.8227978,462.5351429,586.3144398,4.405881924,0.2751524126,3.3142237,3.3142237,4.321754815,4.391347239,4.542842418,4.803748312,4.863611443,9135.040751,131813.3995,208.7237621,618.7201652,1539.759178,2376.376204,3778.652252,7557.304505,13530.0129,16.57757711,1000,500,1009.92,500,6789.340173,10209.06783,1051.556277,1051.556277,1057.022763,1072.480638,2136.420897,24766.71211,30181.5134,3025.008196,2331.156909,208.7237621,617.4450169,1537.501466,2371.002826,3758.336918,7384.338028,12210.49199
h200_9b_fp8_2_1000_500_lmcache,RedHatAI/Qwen3.5-9B-FP8-dynamic,64,8.92131567,100,11.20910903,39.13521313,0,0,0,0.3993058256,0.9391758646,24.39541674,239.1279361,4.994746962,1.285054519,2.750315428,2.750315428,3.701050043,5.212480307,6.163999796,6.589602709,6.597826958,995.9907913,730.7212695,73.74739647,73.74739647,454.5428753,601.4723778,1543.394804,2409.819126,2525.148392,8.013004182,1.602201803,4.713967233,4.713967233,6.504120473,9.070925818,9.25522099,9.523199651,9.806137047,17066.19844,203918.0266,101.2163421,273.8153806,2896.618785,4655.165372,7427.929162,14266.34014,23741.3434,8.92131567,1000,500,1009.92,500,15548.80726,12449.0507,797.6566981,797.6566981,801.6300829,23876.67279,24479.19471,24896.40058,48568.00431,5651.358497,4106.77059,101.2163421,233.0168889,2863.006143,4624.370452,7339.114611,13797.05263,19753.39403
h200_9b_fp8_2_20000_5000_lmcache,RedHatAI/Qwen3.5-9B-FP8-dynamic,32,129.9376082,100,0.7696001285,10.69651716,0,0,0.05307674296,0.05773378344,0.058490121,0.1180556988,2.745067548,36.19648982,3.552595288,18.81105852,18.81105852,36.33540893,37.02547002,37.33529902,37.70989394,37.72886848,874.5426273,538.4547846,101.8819809,101.8819809,431.7109585,831.3920498,1380.907536,1699.18704,1800.964832,7.06570229,0.6796570279,3.719507921,3.719507921,7.125880294,7.180015477,7.247184939,7.395730922,7.434406384,19315.54359,878392.826,134.3155155,558.8682377,1854.168241,3080.144008,4978.120334,9694.450739,15173.38676,129.9376082,20000,5000,20009.89,5000,18045.32722,87589.64896,1150.55947,1150.55947,1162.738706,1168.217546,1168.274868,60217.04178,507173.1248,3861.581077,3012.0695,134.3155155,557.4941125,1852.379454,3077.258988,4972.630882,9657.038898,14974.53158
h200_9b_fp8_2_20000_5000_lmcache,RedHatAI/Qwen3.5-9B-FP8-dynamic,8,1030.600752,100,0.09703078505,1.807873911,0,0,0.05627596269,0.05630281287,0.0563203806,0.09852271273,0.1188262663,77.47435597,59.0118268,17.16384816,17.16384816,20.83816004,21.16117644,142.0965459,142.1645641,142.1872249,58989.73455,60930.11345,94.95925903,94.95925903,190.3727055,650.6557465,125603.4455,125671.7238,125694.4306,3.69752989,0.4118632128,3.294907467,3.294907467,3.298356166,3.303258556,4.124168158,4.140831848,4.149209835,2427.583669,175864.6227,1.552161932,1.567772413,303.0903445,303.1998503,303.4169613,2823.521012,31395.49625,1030.600752,20000,5000,20009.89,5000,1973.82562,15985.84131,1111.750146,1111.750146,1126.153755,1126.557085,1127.009512,1972.241082,2254.740683,485.3247392,692.797694,1.543728441,1.559700324,303.0650403,303.1896042,303.4010326,1766.941433,3603.902999
h200_9b_fp8_2_20000_5000_lmcache,RedHatAI/Qwen3.5-9B-FP8-dynamic,16,190.2506933,100,0.5256222632,10.47359865,0,0,0.07499434007,0.07918826769,0.08163179989,0.1243480833,1.497782236,28.05576824,6.401212303,16.82961369,16.82961369,25.80479383,25.96813917,25.97641015,42.80234051,42.80347729,3211.309617,6073.170849,94.13552284,94.13552284,604.5517921,761.4886761,938.5106564,17738.44504,17843.48416,4.969788903,0.2990656336,3.342297631,3.342297631,5.003755821,5.029505504,5.052085303,5.07333489,5.081941948,13174.23725,643336.5752,1.547586424,299.1761788,1228.123245,2132.675618,3471.339698,6922.911451,12274.94765,190.2506933,20000,5000,20009.89,5000,11617.11513,75438.6559,946.1032113,946.1032113,1583.999672,1606.50988,1645.48577,2219.863174,504320.5846,2633.805516,2195.642941,1.539640483,198.768891,1211.186581,2116.816929,3439.207122,6742.774108,10792.08367
h200_9b_fp8_2_20000_5000_lmcache,RedHatAI/Qwen3.5-9B-FP8-dynamic,64,104.3824785,100,0.9580151905,7.876442206,0,0,0,0.03511066239,0.04767941747,4.411290993,18.70277935,52.5155976,4.791812587,44.12709141,44.12709141,46.74335122,55.50892711,56.21809387,57.01236725,57.04082346,420.0328469,329.6453293,102.8952599,102.8952599,138.1075382,202.796936,688.6124611,1066.728115,1096.951008,10.42101499,0.9913334376,8.802574953,8.802574953,9.17958288,11.08064664,11.21241132,11.27069706,11.29205805,24069.81029,1128459.285,88.51257324,803.4019579,2484.905644,3824.196168,6044.874923,11767.19488,17761.11747,104.3824785,20000,5000,20009.89,5000,33404.61916,96949.39853,797.5484897,797.5484897,797.5484897,805.4228319,805.4228319,190004.4894,506897.4406,4812.058408,3472.363455,88.51257324,788.955268,2483.449929,3821.059346,6037.938169,11724.00476,17534.14532
h200_9b_fp8_2_5000_2500_lmcache,RedHatAI/Qwen3.5-9B-FP8-dynamic,32,50.29893684,100,1.988113592,26.50728865,0,0,0.1428661157,0.1530980656,0.1671106824,1.841880286,12.35472032,13.28439619,1.136678881,8.974503994,8.974503994,13.48916531,13.56203699,13.72535825,14.02761149,14.03527141,414.8387647,240.5722327,48.30813408,48.30813408,186.8634224,427.6785851,548.5527515,854.3350697,938.5659695,5.149746136,0.416728008,3.569980963,3.569980963,5.200129693,5.25935386,5.314290786,5.353523283,5.367108468,14945.02201,447226.0051,188.0089195,193.4820555,2103.462387,3698.680776,6316.722892,13808.40823,22459.45917,50.29893684,5000,2500,5009.93,2500,12122.07065,47844.82918,780.5750579,780.5750579,793.2626685,851.9732637,869.9399157,59176.10096,246816.4984,4975.086988,4399.974797,188.0089195,193.4820555,2101.354709,3695.422026,6307.22406,13709.61939,21921.44948
h200_9b_fp8_2_5000_2500_lmcache,RedHatAI/Qwen3.5-9B-FP8-dynamic,8,480.8070917,100,0.2079836211,6.034657317,0,0.1197451082,0.1198771591,0.1199351482,0.1199982777,0.2171889992,0.2401174968,36.12882569,27.80619769,8.095281601,8.095281601,9.242513418,16.60378909,66.69950342,66.73950768,66.74861217,27591.36897,28310.72562,75.18863678,75.18863678,160.0389481,8441.951513,58683.86292,58725.44909,58730.93033,3.416247751,0.2158711787,3.195810814,3.195810814,3.207240881,3.214568317,3.637162148,3.665445041,3.680460546,1562.368795,65739.06917,5.655185432,6.150204259,311.6356341,311.8389031,312.0656912,2466.512202,30580.61238,480.8070917,5000,2500,5009.93,2500,1059.930036,10064.94361,573.6332864,573.6332864,600.5845843,600.8656083,601.1884816,1100.107126,1201.972559,520.1009845,805.3527404,5.655185432,6.070414014,311.6124814,311.8298948,312.0475375,1940.011101,4077.418017
h200_9b_fp8_2_5000_2500_lmcache,RedHatAI/Qwen3.5-9B-FP8-dynamic,16,71.67999458,100,1.395089391,19.69598371,0,0,0.1917214165,0.195783062,0.3915617373,0.485547163,16.8759063,10.46556557,0.3845783078,8.541390657,8.541390657,10.46775222,10.5507803,10.61211729,10.62761545,10.63146496,218.2170415,131.822796,45.52841187,45.52841187,98.17886353,206.2051296,305.9942722,459.0702057,512.3281479,4.100443184,0.1439377583,3.397748202,3.397748202,4.101060113,4.132242096,4.15426018,4.176101192,4.18137674,10510.79945,357971.1348,26.24096898,645.6748768,1652.602049,2688.65641,4348.682219,8971.773262,15563.28015,71.67999458,5000,2500,5009.93,2500,7957.488593,35173.90263,980.3022985,980.3022985,994.2163762,1008.826039,2003.2406,2020.328694,242369.8159,3498.967184,2912.418857,26.11548759,642.0180621,1650.001574,2685.213828,4339.683394,8892.517314,15073.86882
h200_9b_fp8_2_5000_2500_lmcache,RedHatAI/Qwen3.5-9B-FP8-dynamic,64,33.12074709,100,3.019255566,29.36752271,0,0,0,0.1127840762,0.1423627303,0.1423627303,48.59467977,16.97934102,1.538796563,14.79010844,14.79010844,14.89053321,18.03738546,18.22166085,18.31308103,18.31985569,650.6781101,334.4085916,84.84005928,84.84005928,318.5398579,569.6709156,971.1339474,1137.650013,1155.79915,6.53396461,0.5264817145,5.704074919,5.704074919,5.89393892,6.845358898,6.951383134,7.034670023,7.061912995,22818.84105,638889.6381,285.2234756,1035.852302,3504.013367,5761.406593,9799.775701,19691.56808,29873.96011,33.12074709,5000,2500,5009.93,2500,26853.3783,75766.28139,616.4586593,616.4586593,616.4586593,620.2079211,620.2079211,241656.2749,257174.3999,7596.222952,6000.491158,285.2234756,1022.252986,3501.088481,5753.503429,9776.932401,19531.10128,29194.69142
h200_9b_fp8_4_10000_5000_lmcache,RedHatAI/Qwen3.5-9B-FP8-dynamic,32,82.03681278,100,1.218964957,17.30290479,0,0,0.08888901322,0.09099722168,0.09341233743,0.1460499266,4.547568192,22.09270885,1.708283892,14.31409621,14.31409621,22.49658322,22.56446242,22.61541176,22.62363172,22.62905431,798.0716777,363.7032926,94.21396255,94.21396255,542.7529812,818.8464642,1078.274012,1327.293873,1410.195351,4.259628296,0.3147870086,2.844478827,2.844478827,4.270230181,4.326244859,4.369941514,4.422819932,4.439444989,18355.60437,627093.157,224.8430632,662.6501123,2767.760636,4924.173348,8158.790864,15393.01035,22593.72009,82.03681278,10000,5000,10009.96,5000,14817.79895,56677.64298,945.5475859,945.5475859,945.9774243,959.5028838,990.3226448,68217.90587,265163.848,6114.474778,4699.791651,224.8430632,653.1047049,2764.231802,4919.235349,8147.512168,15338.36416,22292.37791
h200_9b_fp8_4_10000_5000_lmcache,RedHatAI/Qwen3.5-9B-FP8-dynamic,8,795.1143043,100,0.1257680807,4.388102977,0,0.07182401522,0.07223387475,0.07258922506,0.07272969908,0.1335935448,0.1478445742,59.74769066,46.3038041,13.54472303,13.54472303,15.24281001,15.40498352,110.2890015,110.8591006,111.0857935,45664.41052,47152.49171,79.45561409,79.45561409,195.8038807,477.7538776,97150.07043,97612.09059,97831.48265,2.817102406,0.1827891508,2.618172188,2.618172188,2.639849297,2.670385428,3.008945772,3.022988288,3.032162562,1888.280059,103340.2104,3.168013261,3.361241073,377.5942557,379.1976712,380.7958951,3065.828785,33330.98687,795.1143043,10000,5000,10009.96,5000,1280.461251,11167.06709,718.8518145,718.8518145,723.2235779,726.5811356,728.1530251,1338.819537,1445.459904,629.0090242,910.390273,3.159746214,3.299746125,377.526404,379.164105,380.7495373,2379.170146,4788.305839
h200_9b_fp8_4_10000_5000_lmcache,RedHatAI/Qwen3.5-9B-FP8-dynamic,16,120.017566,100,0.8332113653,12.68586941,0,0,0.1136156973,0.1173351258,0.119432497,0.1496025156,8.413022592,17.58465108,0.7370511583,14.01194715,14.01194715,17.56991768,17.69036031,17.84434414,18.01462126,18.01752591,377.743454,231.249969,79.38218117,79.38218117,162.9478931,347.5813866,549.877882,814.003706,900.3810883,3.441953857,0.1382455595,2.770307422,2.770307422,3.446729452,3.475065207,3.491368669,3.500954727,3.511113104,12544.96364,505835.0749,37.04375678,786.0893734,2181.690431,3396.141461,5298.488635,9981.381496,15179.85496,120.017566,10000,5000,10009.96,5000,9461.162993,43267.89865,1171.432009,1171.432009,1183.296926,1204.011476,1210.858672,43227.11285,264370.7491,4178.879771,2956.011145,36.32753036,784.76698,2179.818533,3393.225775,5292.210623,9941.739976,14984.4328
h200_9b_fp8_4_10000_5000_lmcache,RedHatAI/Qwen3.5-9B-FP8-dynamic,64,57.19141626,100,1.74851414,16.56852643,0,0,0,0.06424844903,0.08218004527,0.08393940838,25.88293664,28.94661919,2.438674617,25.05471396,25.05471396,25.87785482,30.36939836,31.12361622,31.3108952,31.379457,695.5072856,252.2831374,118.6494827,118.6494827,548.2945442,710.43396,863.6240959,1072.066545,1107.090473,5.651061301,0.48979523,4.880079867,4.880079867,5.050447279,5.956643485,6.022019824,6.127224466,6.165244623,26365.30919,864277.2148,161.9664054,1289.724884,4557.393025,7154.695013,11571.92723,20395.04665,28949.73433,57.19141626,10000,5000,10009.96,5000,30766.55494,80897.2113,704.8484501,704.8484501,704.8484501,715.285382,715.285382,251677.3503,275486.5917,8782.604748,5877.29313,161.9664054,1255.877423,4553.691262,7148.478001,11556.64218,20314.25579,28584.81343
h200_9b_fp8_4_1000_500_lmcache,RedHatAI/Qwen3.5-9B-FP8-dynamic,32,10.03448653,100,9.965631991,38.80468159,0,0,0.7012762838,1.012349088,1.543895503,26.13631775,264.0418004,2.817139554,0.4122219532,1.490603685,1.490603685,2.804377556,2.830189466,2.869787455,3.518170357,3.671132803,414.7759056,261.298578,44.16370392,44.16370392,275.0957012,385.1149082,391.3543224,1028.557539,1184.592247,4.813862392,0.5831010445,2.71098265,2.71098265,4.908285065,4.952005012,5.008597173,5.447520999,5.567728876,15153.27782,196013.4679,179.5968143,484.2188871,2362.988169,3883.614815,6408.409473,13530.0129,22550.02151,10.03448653,1000,500,1009.92,500,11727.5294,13512.9624,1168.732071,1168.732071,1171.676899,1183.164143,26028.84782,26534.25601,52268.37232,5017.907511,4019.362271,179.5968143,462.1313354,2349.75014,3862.158379,6355.006061,13203.47534,19878.21801
h200_9b_fp8_4_1000_500_lmcache,RedHatAI/Qwen3.5-9B-FP8-dynamic,8,78.72801018,100,1.270195954,10.40605693,0,0,0.7475722151,0.7509016791,0.7545891853,1.241024087,1.506863203,5.925172353,4.333157887,1.370678663,1.370678663,1.655132294,2.473037958,10.64677858,10.72697449,10.73589015,4529.974606,4438.854027,37.3210907,37.3210907,181.481123,1061.164379,9364.701986,9439.932346,9446.317434,2.795576414,0.3023296612,2.547580876,2.547580876,2.574910621,2.609186039,2.95210458,3.227445071,3.247045563,1919.375652,32274.14206,34.64820659,39.53347472,387.5003695,388.7934742,390.4583876,2891.626336,39580.3551,78.72801018,1000,500,1009.92,500,1305.019633,3388.912053,749.0596702,749.0596702,755.4812515,758.4776401,761.9428914,1429.962599,26022.61206,635.5885253,893.3063442,34.64820659,38.75397537,387.4287826,388.7934742,390.3130467,2312.185226,4691.615213
h200_9b_fp8_4_1000_500_lmcache,RedHatAI/Qwen3.5-9B-FP8-dynamic,16,13.60478783,100,7.350353513,31.47732001,0,0,1.093021535,1.181551997,1.530390871,26.02070835,78.32207947,2.011812246,0.128950481,1.461155653,1.461155653,2.002206087,2.006523132,2.052523136,2.139347315,2.240243435,248.4217453,122.6426374,38.44356537,38.44356537,149.459362,267.5187588,297.6753712,478.2121181,594.7849751,3.533433071,0.2439744755,2.654342231,2.654342231,3.441231523,3.497313402,3.680786771,3.930542894,3.952238985,11173.40323,160138.1073,252.091838,720.5469851,1693.983845,2777.684768,4616.735278,9915.612293,17500.57302,13.60478783,1000,500,1009.92,500,8285.501614,12117.44604,1310.54506,1310.54506,1327.630446,1366.329439,24635.78867,26396.03609,33305.39994,3699.998419,3117.207257,252.091838,705.8741165,1689.888799,2767.604091,4588.954048,9675.441753,15847.49622
h200_9b_fp8_4_1000_500_lmcache,RedHatAI/Qwen3.5-9B-FP8-dynamic,64,7.692043066,100,13.00044723,47.93586682,0,0,0,0.4558012425,1.203306472,26.22177487,317.6540442,4.336667278,1.125962492,2.454312325,2.454312325,3.190274,4.436650753,5.307472706,5.870198965,5.878571749,1008.662803,658.6007889,105.2541733,105.2541733,529.787302,655.5233002,1488.149166,2298.084736,2417.004585,6.668826483,1.451759958,3.632200505,3.632200505,5.325044085,7.635714296,7.660110393,8.242545959,8.49440007,19902.41877,245980.0357,116.6315555,239.7019088,3002.365068,5282.498741,8962.188034,17331.83471,28493.91304,7.692043066,1000,500,1009.92,500,17490.37409,12999.32911,975.8664606,975.8664606,999.3998801,25609.65711,26220.56573,26438.5386,52067.93314,6590.55406,5158.389507,116.6315555,235.4498709,2959.988709,5229.805486,8830.113684,16710.3745,24197.90769
h200_9b_fp8_4_20000_5000_lmcache,RedHatAI/Qwen3.5-9B-FP8-dynamic,32,93.64604545,100,1.067850751,14.10380431,0,0,0.07473636005,0.0851763449,0.0875912421,1.398245819,6.035021885,25.48986135,2.274883297,14.28841949,14.28841949,25.31491542,26.13564777,26.37939477,26.7798152,26.79524088,835.2404666,545.6299354,96.89760208,96.89760208,197.5278854,902.119875,1289.388895,1637.092113,1778.343678,4.931711172,0.4205518812,2.828119421,2.828119421,4.933308496,4.989128204,5.047556877,5.2067458,5.241619107,26840.5919,1177018.786,190.1323858,667.6051168,2472.408633,4307.783371,7083.462193,13630.84011,20188.95313,93.64604545,20000,5000,20009.89,5000,25315.64888,103012.249,1721.288522,1721.288522,1732.655096,1739.17178,1806.997273,86586.57731,537955.3181,5365.995592,4169.862048,190.1323858,666.1290474,2470.268255,4304.579243,7075.910394,13589.20528,19965.94309
h200_9b_fp8_4_20000_5000_lmcache,RedHatAI/Qwen3.5-9B-FP8-dynamic,8,835.8486311,100,0.1196388871,2.427341681,0,0.06855271582,0.06888276832,0.06896896017,0.06903059173,0.1272569982,0.1493712156,62.80559528,48.63313705,13.67003155,13.67003155,16.06971622,16.45676899,116.0378237,116.1909249,116.3474081,48283.52698,49794.42601,101.0541916,101.0541916,256.144762,750.6084442,102724.6022,102866.6053,103042.1243,2.90488364,0.2499307071,2.655730531,2.655730531,2.661420431,2.690899298,3.163353065,3.184529347,3.196796576,2993.528219,199534.8602,1.591015758,1.670587804,375.2816483,375.7951886,376.249875,4038.196484,33536.30463,835.8486311,20000,5000,20009.89,5000,2433.922841,19363.76978,1367.864019,1367.864019,1378.692929,1379.960247,1381.102954,2557.448744,2760.176092,598.4688896,876.0777174,1.575131993,1.663077207,375.19173,375.7739331,376.1900514,2246.395656,4545.293589
h200_9b_fp8_4_20000_5000_lmcache,RedHatAI/Qwen3.5-9B-FP8-dynamic,16,130.8235202,100,0.7643885431,13.97759925,0,0,0.1083591585,0.1143129281,0.1571032824,1.89514987,4.764500343,19.08060577,0.9621761361,14.26459861,14.26459861,19.06420517,19.26037812,19.52832198,19.53892589,19.54464817,519.9387288,271.1851922,88.59992027,88.59992027,201.4870644,580.4104805,720.9775448,901.7107487,975.6538868,3.71272669,0.172994097,2.824996753,2.824996753,3.719115071,3.747884072,3.771292398,3.790451827,3.797739071,19173.75986,902996.3025,264.9513903,699.9242769,1994.267694,3101.880967,4855.935116,9168.189423,14246.64889,130.8235202,20000,5000,20009.89,5000,17203.04891,82976.67157,2201.703887,2201.703887,2217.475888,2327.953784,2368.116279,49647.56852,535928.5776,3833.235544,2763.80613,264.9513903,699.9242769,1993.00465,3100.288977,4852.323444,9139.148718,14101.57954
h200_9b_fp8_4_20000_5000_lmcache,RedHatAI/Qwen3.5-9B-FP8-dynamic,64,71.65392613,100,1.395596939,10.10889504,0,0,0,0.05211163362,0.07587329275,7.659891849,22.20700682,35.83810456,3.306029492,29.21833324,29.21833324,32.47820902,37.83082342,38.4313004,38.8678062,38.93220997,372.3983502,332.5367474,92.49138832,92.49138832,122.2403049,163.9790535,615.7722473,1086.255074,1126.169205,7.094433829,0.686332638,5.818522341,5.818522341,6.305034935,7.505151409,7.642752029,7.754822163,7.767030682,35135.56124,1464148.112,131.9001689,997.0112806,3636.524187,5650.504136,9011.468285,16683.73036,24511.14123,71.65392613,20000,5000,20009.89,5000,47535.82279,109781.9031,1288.765262,1288.765262,1288.765262,1294.328128,62007.82341,194116.5167,532457.1324,7024.333421,4877.817238,131.9001689,976.4975312,3633.378405,5645.976035,8998.954591,16623.72924,24201.85619
h200_9b_fp8_4_5000_2500_lmcache,RedHatAI/Qwen3.5-9B-FP8-dynamic,32,37.73538136,100,2.650032844,28.6735839,0,0,0.1943038358,0.2077302338,0.3979258881,0.5793946607,55.40984993,10.09421009,0.716522785,7.055275917,7.055275917,10.09618497,10.29315209,10.34271502,10.55460095,10.62720251,332.685957,195.8299572,50.81605911,50.81605911,175.9803295,257.6663494,516.1406994,672.5580692,747.1663952,3.906048566,0.2592695337,2.777226022,2.777226022,3.904680483,3.977483156,3.998892457,4.030013094,4.04349047,19979.10852,584148.5226,246.3614684,789.7390322,2603.540658,4891.316618,8653.997249,18396.07018,28441.65107,37.73538136,5000,2500,5009.93,2500,16346.34423,60304.33901,1036.703878,1036.703878,1044.411072,1049.668567,1054.747324,184201.7825,270823.4594,6650.897054,5860.898008,246.3614684,788.6995111,2600.213765,4887.87904,8639.143151,18287.4019,28024.3029
h200_9b_fp8_4_5000_2500_lmcache,RedHatAI/Qwen3.5-9B-FP8-dynamic,8,389.4076099,100,0.256800323,6.08828934,0,0.1463138217,0.1474890836,0.1485227712,0.1489355061,0.290875823,0.5417139561,29.25610101,22.63582874,6.789409399,6.789409399,7.383320332,7.71095252,53.85699797,54.30825591,54.50040936,22381.20325,23039.25331,64.54849243,64.54849243,161.0734463,294.4624424,47416.5554,47880.03016,47987.87045,2.75096056,0.1726542448,2.563067082,2.563067082,2.581004955,2.61877126,2.911024258,3.002716475,3.024493565,1929.354205,81984.218,6.589171229,6.716377663,384.5163183,387.6436229,389.6241523,3236.489581,33643.8625,389.4076099,5000,2500,5009.93,2500,1308.826254,10649.32555,724.5192538,724.5192538,738.7843105,743.9422875,746.1240182,1399.27093,2687.532195,642.267706,969.0504126,6.589171229,6.686099691,384.3753666,387.5838781,389.5156018,2449.045201,4986.313803
h200_9b_fp8_4_5000_2500_lmcache,RedHatAI/Qwen3.5-9B-FP8-dynamic,16,57.05527568,100,1.7526863,25.89357918,0,0,0.2413281499,0.248813653,0.304132428,0.5221853229,12.46768565,8.320652146,0.3046762813,6.803570509,6.803570509,8.313428879,8.361700296,8.467612028,8.474796534,8.478770971,241.0617685,136.92369,48.21109772,48.21109772,116.6901588,249.8583794,352.3352146,475.9378433,496.8616962,3.232992242,0.1078188301,2.703097497,2.703097497,3.225602165,3.255002734,3.276105784,3.301530421,3.307186923,13210.96327,402518.1824,42.16567476,705.6366083,2035.081999,3432.296986,5608.952871,11244.78284,18396.07018,57.05527568,5000,2500,5009.93,2500,10001.62607,41595.35721,1219.971954,1219.971954,1261.223885,1284.272102,2608.490938,42257.31295,268776.2278,4397.831693,3544.471608,41.09081647,611.5928842,2031.613561,3425.193797,5598.011193,11152.63135,17886.15778
h200_9b_fp8_4_5000_2500_lmcache,RedHatAI/Qwen3.5-9B-FP8-dynamic,64,25.44559813,100,3.929952816,51.75201449,0,0,0,0.1459515203,0.1845352376,0.1855202927,54.32473319,13.01323632,1.281626145,11.1991272,11.1991272,11.29373312,13.71633673,14.11699271,14.15934277,14.16999316,614.3603587,283.7871565,92.02504158,92.02504158,320.2879429,614.1409874,872.5709915,1028.439999,1049.418211,4.961390679,0.4500825447,4.242306568,4.242306568,4.421088447,5.205791538,5.338934719,5.417158528,5.443055995,29698.31636,783155.6212,184.5554803,1160.216549,4523.344261,7536.200134,13283.74517,25175.89839,36566.30415,25.44559813,5000,2500,5009.93,2500,34113.95,84050.74437,812.749259,812.749259,812.749259,818.3687804,818.3687804,260748.527,272919.8395,9886.34926,7521.978752,184.5554803,1154.645863,4518.475215,7524.921737,13257.45257,25045.63303,35924.51715
h200_9b_fp8_8_10000_5000_lmcache,RedHatAI/Qwen3.5-9B-FP8-dynamic,32,86.15385675,100,1.160714143,15.29318671,0,0,0.08292343347,0.08578960375,0.08757621596,0.1438548128,12.8429955,23.45231206,2.058304398,14.55033064,14.55033064,23.56204772,23.93030238,24.20388055,24.32668209,24.34257531,452.5628185,225.9283325,87.84556389,87.84556389,272.7870941,422.1484661,634.7029209,825.4857063,878.1766891,4.600702552,0.3938413282,2.88177624,2.88177624,4.65099605,4.691603089,4.727610447,4.752218163,4.765246338,17477.71713,658588.0744,209.6951953,831.2729525,2756.579388,4659.289746,7640.72287,14535.01878,21470.62829,86.15385675,10000,5000,10009.96,5000,14004.92846,73491.10818,868.5334964,868.5334964,872.4160115,884.3724866,896.5479365,897.0180561,424000.7982,5822.039876,4390.605558,209.6951953,829.4472786,2754.092976,4654.936971,7632.714301,14490.33507,21205.20883
h200_9b_fp8_8_10000_5000_lmcache,RedHatAI/Qwen3.5-9B-FP8-dynamic,8,785.194514,100,0.1273569774,2.852626529,0,0.07227553684,0.07290934609,0.07324201051,0.0736509348,0.1406036299,0.2771517316,58.9802736,46.04856969,13.52715564,13.52715564,14.66819572,14.89567137,109.1643324,109.9562142,110.1014872,45214.21403,46742.01109,62.32762337,62.32762337,133.9964867,393.1086063,96134.31597,96838.95874,97028.98979,2.753668924,0.1478042532,2.573343581,2.573343581,2.609092203,2.651607163,2.905471489,2.916456533,2.927692539,1912.12629,128017.4702,2.70858176,3.216583371,381.8525635,383.5359186,385.8312514,3179.474699,31991.90042,785.194514,10000,5000,10009.96,5000,1296.750382,11603.4105,722.8486221,722.8486221,730.0863886,732.7157595,737.0238251,1407.744689,2769.367286,636.9524935,948.4332032,2.702630395,3.153699849,381.6845678,383.4950076,385.7290826,2402.465528,4979.106641
h200_9b_fp8_8_10000_5000_lmcache,RedHatAI/Qwen3.5-9B-FP8-dynamic,16,117.1192634,100,0.8538305065,13.82918759,0,0,0.1199441754,0.12027888,0.1507885772,0.2423482245,9.320302743,17.11424103,0.6760700679,13.81537604,13.81537604,17.15581894,17.27732849,17.32359838,17.38782954,17.39275622,234.9319673,126.9704296,67.50822067,67.50822067,142.3397064,208.8451385,297.6944447,478.5966873,571.4612007,3.376426118,0.1290510776,2.74083218,2.74083218,3.39058748,3.402087946,3.413101701,3.426063011,3.430437054,12829.67179,535244.8823,294.7942591,825.6901258,2219.652485,3454.029308,5416.339099,10193.60395,15522.07912,117.1192634,10000,5000,10009.96,5000,9690.869945,54349.70451,1201.277238,1201.277238,1210.900964,1217.081301,1228.224438,2451.150326,384985.5399,4273.719512,3031.141577,294.7942591,825.4722641,2218.637845,3452.644928,5413.393768,10168.88738,15406.43938
h200_9b_fp8_8_10000_5000_lmcache,RedHatAI/Qwen3.5-9B-FP8-dynamic,64,63.12383938,100,1.584187543,14.00793691,0,0,0,0.05734602369,0.07785265061,0.07831420886,38.52934044,32.2844395,3.56944376,27.06189227,27.06189227,27.52518153,34.5631218,35.04273748,35.50586367,35.58074927,372.5063896,190.6592496,74.79429245,74.79429245,228.1904221,353.069067,433.3934784,726.5737057,782.1061611,6.383397718,0.7054601568,5.357479043,5.357479043,5.469092895,6.883535463,6.926035638,6.962246741,6.969074126,23893.37327,802995.6213,144.6207477,1632.061743,4170.072699,6482.389149,10315.89428,18380.1791,26657.62769,63.12383938,10000,5000,10009.96,5000,27775.69329,99025.90149,624.9930767,624.9930767,624.9930767,629.7153099,629.7153099,225586.2399,445653.1476,7959.172866,5305.867108,144.6207477,1615.055757,4166.815024,6475.485969,10302.83134,18314.55672,26349.8319
h200_9b_fp8_8_1000_500_lmcache,RedHatAI/Qwen3.5-9B-FP8-dynamic,32,9.088460207,100,11.00296395,47.1848911,0,0,0.7904850143,0.9529446673,1.448119377,42.88040567,275.2529203,2.493893886,0.2479874618,1.541366339,1.541366339,2.479293823,2.529850245,2.545665741,2.827933073,2.898522854,248.0989671,131.7292131,45.40848732,45.40848732,171.9796658,215.5599594,264.2455101,557.6360226,631.0424805,4.500092366,0.3832021312,2.867153508,2.867153508,4.549349477,4.571772768,4.632967985,4.843103145,4.885220575,16738.95958,224762.9776,203.0353374,683.333985,2449.943925,4266.840285,7231.558621,15060.33752,24769.51181,9.088460207,1000,500,1009.92,500,13306.48325,23713.62447,1033.772329,1033.772329,1036.471856,1055.087246,1057.856861,81569.82016,85584.20623,5542.995515,4549.637133,203.0353374,638.7913494,2437.1319,4245.246964,7182.027397,14665.3986,22310.12766
h200_9b_fp8_8_1000_500_lmcache,RedHatAI/Qwen3.5-9B-FP8-dynamic,8,80.07534647,100,1.248823819,13.49269659,0,0,0.73195612,0.7356734731,0.7377879786,1.280474004,1.473209999,6.021739733,4.455214135,1.393691778,1.393691778,1.59527874,2.605754137,10.87657809,10.93416095,10.94780493,4612.585676,4560.809898,33.48684311,33.48684311,98.4954834,1115.81111,9582.136869,9627.806187,9642.711639,2.823516873,0.3051635968,2.577751576,2.577751576,2.597703723,2.650072675,3.010868787,3.119749631,3.175681961,1887.164032,31591.52939,28.57272096,29.98651634,383.0764453,385.1872532,387.071244,3183.532448,30448.94118,80.07534647,1000,500,1009.92,500,1283.204561,5139.128028,730.1983245,730.1983245,739.3750341,742.4306153,744.9113948,1374.1191,2159.897008,624.9218606,927.0545467,28.57272096,29.7595005,382.7618178,385.0104645,386.6430678,2284.479303,4877.097674
h200_9b_fp8_8_1000_500_lmcache,RedHatAI/Qwen3.5-9B-FP8-dynamic,16,16.50371814,100,6.059240661,52.7525836,0,0,1.100796694,1.189428072,1.380395007,5.51959089,88.60706439,2.458466678,1.375355423,1.570628405,1.570628405,1.825095415,1.890130043,1.948426247,5.643624544,5.676860094,311.491282,743.8323311,42.02961922,42.02961922,122.2715378,155.5643082,185.4000092,337.8567696,3958.648682,4.302028143,2.414997875,2.934114728,2.934114728,3.340239037,3.407426731,3.558167475,10.86043213,11.00007183,9192.750471,141952.1002,127.1829056,316.8309027,1107.914361,2081.540447,3964.37051,9000.652361,16743.72854,16.50371814,1000,500,1009.92,500,6750.353832,18074.99056,374.9295645,374.9295645,376.3294947,1251.122885,1294.558843,46329.1743,92142.40435,3044.118388,2974.253863,56.93676866,288.9535633,1102.024172,2068.197239,3922.354115,8715.436883,14820.86219
h200_9b_fp8_8_1000_500_lmcache,RedHatAI/Qwen3.5-9B-FP8-dynamic,64,6.515336514,100,15.34840139,56.25682202,0,0,0,0.5419134645,1.062162385,84.52508968,325.0138706,3.560764239,0.8062014392,2.222403765,2.222403765,2.642159462,3.830347061,4.282788992,4.480396986,4.49069643,463.40626,343.0445113,56.25605583,56.25605583,182.179451,289.1497612,744.8611259,1109.269381,1155.420303,6.206552385,1.1355076,4.09085526,4.09085526,4.968459716,7.021245593,7.096349357,7.123644223,7.21638905,23377.38212,265908.498,138.0840823,468.9516995,3862.158379,6241.52381,10288.56255,19358.32615,31714.96408,6.515336514,1000,500,1009.92,500,22861.51084,27419.24635,806.3268681,806.3268681,806.3268681,808.6278847,44417.21056,85517.68978,91110.90407,7741.26514,5585.299631,138.0840823,444.4060182,3826.919708,6195.426883,10168.0097,18641.35111,26681.32316
h200_9b_fp8_8_20000_5000_lmcache,RedHatAI/Qwen3.5-9B-FP8-dynamic,32,99.00395083,100,1.010060701,17.09306287,0,0,0.06781006345,0.07831510815,0.1596380521,1.25505141,7.817901212,27.22570608,2.939758214,14.30745077,14.30745077,27.39508104,27.73490119,27.97859025,29.50615716,29.51509833,826.6662312,421.1477367,112.4897003,112.4897003,402.8761387,1000.859499,1158.964634,1355.51548,1373.720407,5.28075781,0.5660992643,2.826182216,2.826182216,5.263720782,5.301977019,5.555763271,5.786651562,5.798891416,25383.21345,1283643.651,172.2854105,544.1706953,2455.198412,4083.854485,6593.536119,12701.71799,18588.58405,99.00395083,20000,5000,20009.89,5000,23708.07302,154006.5622,1507.338585,1507.338585,1515.299816,1629.842987,1739.043273,49816.07034,772844.8377,5074.635165,3817.90084,172.2854105,540.7114756,2453.697457,4081.731813,6588.538596,12671.61413,18458.25813
h200_9b_fp8_8_20000_5000_lmcache,RedHatAI/Qwen3.5-9B-FP8-dynamic,8,817.2684076,100,0.1223588225,2.744490786,0,0.06885298276,0.070105585,0.07040996243,0.07072084934,0.1324133974,0.1519061903,61.37716843,47.94524959,13.38055992,13.38055992,15.32080626,15.51864266,113.7476895,114.3488631,114.482775,47418.58965,48923.28482,158.6556435,158.6556435,271.91782,529.3529034,100770.4678,101404.2044,101593.0073,2.792204857,0.2108781055,2.564722692,2.564722692,2.583628584,2.642783386,3.01034347,3.022673035,3.032123406,3061.67614,234552.3159,1.162718702,1.547566246,385.4062307,387.8348401,389.0560278,4786.213569,31526.60829,817.2684076,20000,5000,20009.89,5000,2490.017237,28777.30735,1382.781984,1382.781984,1404.870549,1407.95238,1414.164885,2674.648769,2795.398087,612.093084,913.1516145,1.160122343,1.512880666,384.5816764,387.3358406,388.9676143,2313.92113,4771.533725
h200_9b_fp8_8_20000_5000_lmcache,RedHatAI/Qwen3.5-9B-FP8-dynamic,16,129.6042469,100,0.7715796544,14.08285345,0,0,0.106837921,0.1110972728,0.1175528493,1.765101168,3.995587454,18.9322302,1.022810348,13.82315373,13.82315373,18.87882948,19.24054623,19.31873775,19.42776561,19.43354201,447.2584772,230.4899178,96.25172615,96.25172615,156.8272114,560.2729321,633.8741779,736.9835377,752.7463436,3.697588316,0.1876529679,2.72855193,2.72855193,3.715518428,3.735948262,3.749781691,3.77139036,3.774803003,19352.61209,1055050.494,264.9920885,716.4681473,1990.559926,3104.432741,4874.797302,9355.372592,14721.38001,129.6042469,20000,5000,20009.89,5000,17310.69893,125410.5321,2150.694115,2150.694115,2210.515636,2295.931287,2407.977776,44943.37528,234763.7008,3868.991845,2841.908956,264.9920885,716.4681473,1989.715332,3102.9793,4871.436613,9333.207371,14598.75512
h200_9b_fp8_8_20000_5000_lmcache,RedHatAI/Qwen3.5-9B-FP8-dynamic,64,78.01543069,100,1.281797705,10.34853278,0,0,0,0.04622274375,0.07060336929,7.659150506,22.98399895,39.06504141,4.892579775,30.5106616,30.5106616,33.42945457,42.0083375,43.25072718,43.38404608,43.44804907,291.3509417,230.2367493,97.2070694,97.2070694,119.6789742,155.4441452,526.3957977,772.8645802,830.186367,7.756133269,0.9905938623,6.081452916,6.081452916,6.528747299,8.376284966,8.552545689,8.646400482,8.669046813,32257.27206,1393811.267,164.4269288,841.5528939,3334.85004,5179.649729,8227.196101,15449.04892,22746.26778,78.01543069,20000,5000,20009.89,5000,42455.55671,144753.411,1116.438514,1116.438514,1116.438514,1122.797397,1122.797397,178245.6272,513798.902,6448.903225,4507.26609,164.4269288,819.3113974,3332.069257,5175.484303,8217.19588,15395.33708,22441.47046
h200_9b_fp8_8_5000_2500_lmcache,RedHatAI/Qwen3.5-9B-FP8-dynamic,32,39.76024127,100,2.515075281,46.59242862,0,0,0.1820578696,0.1887894558,0.1934489841,0.3095205274,11.5146517,10.82087881,0.7761933648,6.932552814,6.932552814,10.99920607,11.01237249,11.02066183,11.03433108,11.03509259,409.38236,177.5625279,58.2690239,58.2690239,321.5210438,445.5633163,512.7892494,675.9603024,733.1717014,4.166128986,0.2844969634,2.750719963,2.750719963,4.1878772,4.220427776,4.254184851,4.286849818,4.317349556,18961.98143,513173.8412,230.900257,535.9041897,2394.967503,4670.717149,8196.377822,17889.73788,29026.32526,39.76024127,5000,2500,5009.93,2500,15306.30734,92963.21428,964.4764896,964.4764896,969.6764648,993.6517507,1003.452005,65230.73951,426907.6751,6312.302987,5798.338318,52.50361766,524.0011518,2385.320476,4655.165372,8160.36617,17704.56989,28008.83255
h200_9b_fp8_8_5000_2500_lmcache,RedHatAI/Qwen3.5-9B-FP8-dynamic,8,394.2279503,100,0.2536603504,5.827445125,0,0.1432140594,0.1452442534,0.1459780972,0.1466814503,0.2787768181,0.8133176378,29.61558666,22.90011202,6.778423309,6.778423309,7.375038862,13.4855268,54.79410172,55.19110036,55.23387504,22748.26047,23217.20753,63.80009651,63.80009651,157.3922634,6986.194134,48259.2957,48619.43078,48683.97307,2.747924636,0.1333836529,2.592685748,2.592685748,2.616098853,2.682554002,2.881871743,2.906927255,2.913880224,1905.608728,87199.6055,4.109796867,6.213160297,381.071934,382.4820522,384.599731,3281.988643,31146.68336,394.2279503,5000,2500,5009.93,2500,1292.959991,10603.87494,708.8499633,708.8499633,726.9463502,731.0456352,734.5486207,1405.998875,4136.336125,634.3630129,992.2408629,4.104545793,6.088893728,380.7601604,382.4191996,384.5515724,2394.967503,5102.559611
h200_9b_fp8_8_5000_2500_lmcache,RedHatAI/Qwen3.5-9B-FP8-dynamic,16,56.2077179,100,1.779115106,26.99253692,0,0,0.2514610241,0.2573780028,0.4847622999,0.6039185048,22.37439454,8.177045627,0.2587326256,6.895793438,6.895793438,8.160930872,8.251586437,8.274722099,8.303390741,8.308956861,189.6745443,94.53957626,50.12464523,50.12464523,90.17419815,194.7193146,264.7817135,342.5076008,365.2787209,3.196097984,0.09397399277,2.739251924,2.739251924,3.196536946,3.214952325,3.231459973,3.253981036,3.26188434,13415.47431,454492.9135,20.44175379,727.2939136,2142.994415,3434.200873,5579.764714,11581.65315,19641.46506,56.2077179,5000,2500,5009.93,2500,10196.4175,53316.58907,1277.880185,1277.880185,1303.345836,2498.4385,2540.266967,2584.980361,359106.2793,4465.911901,3700.132365,20.44175379,725.0309421,2136.759213,3426.456826,5562.86458,11464.4346,18819.83529
h200_9b_fp8_8_5000_2500_lmcache,RedHatAI/Qwen3.5-9B-FP8-dynamic,64,27.67978501,100,3.612744823,55.17322629,0,0,0,0.132548918,0.1747112433,0.1753910123,36.97832948,14.16848993,1.612712913,11.9061358,11.9061358,12.04712915,15.09284854,15.59404421,15.63900113,15.647542,479.0743542,232.3562218,94.58041191,94.58041191,256.1445236,467.5004482,646.9385624,858.6485386,902.7812481,5.47779905,0.5921339321,4.612927725,4.612927725,4.714431263,5.8379989,5.950451947,6.022335101,6.037514703,27291.08703,685618.321,167.4644329,1263.215009,4162.682279,6966.879494,12114.47667,23332.05586,34371.22327,27.67978501,5000,2500,5009.93,2500,31331.29439,101787.7691,720.6662921,720.6662921,720.6662921,722.1249863,722.1249863,297978.7725,446980.8355,9085.000468,6970.890183,167.4644329,1252.169399,4157.879709,6955.344926,12087.33141,23214.30198,33656.32839
,,,,,,,,,,,,,,,,,,,,,,,,,,,,,,,,,,,,,,,,,,,,,,,,,,,,,,,,,,,,,,,,,,,,,,,,
h200_35b_fp8_1_10000_5000_lmcache,RedHatAI/Qwen3.5-35B-A3B-FP8-dynamic,32,221.7290189,100,0.4510009582,6.896371225,0,0,0.03221045613,0.03282495001,0.03301331446,0.05682950957,19.10026686,60.51675323,6.314647087,35.4945128,35.4945128,61.82655358,62.17575955,62.18547726,62.83902526,62.93031907,679.7263694,318.106281,239.1278744,239.1278744,516.5400505,592.7541256,661.5111828,1425.866127,1513.74507,11.96973165,1.242108213,7.052192213,7.052192213,12.26125738,12.28572693,12.31988312,12.34946606,12.36630855,6780.52966,442817.2552,80.99444075,381.5241897,1013.116908,1654.222964,2766.691293,6043.665706,10618.49114,221.7290189,10000,5000,10009.96,5000,5378.384038,45435.73543,328.9255339,328.9255339,329.4648826,330.3758762,330.4174246,330.9431327,205074.894,2258.676792,2040.146397,80.99444075,381.3003636,1012.747548,1653.905363,2765.789821,6034.969784,10543.67788
h200_35b_fp8_1_10000_5000_lmcache,RedHatAI/Qwen3.5-35B-A3B-FP8-dynamic,8,1574.529604,100,0.06351103194,2.14927821,0,0,0.03773961151,0.03774686315,0.03775173277,0.05483386328,0.07495765485,118.5478036,85.27215103,27.58270335,27.58270335,36.97347689,37.50645733,211.9460912,211.9912808,212.0106778,87434.91815,90343.19209,66.89667702,66.89667702,303.4617901,542.0677662,186111.1596,186161.0515,186180.7709,6.223563524,1.087725464,5.148776127,5.148776127,5.167608047,5.169837135,7.338520526,7.418485707,7.42680737,953.4918359,60907.96471,2.649528633,3.099794713,193.4914169,193.520646,193.553845,1202.093624,29590.82768,1574.529604,10000,5000,10009.96,5000,646.4475654,10970.15589,366.4441756,366.4441756,377.7789363,377.8401903,377.891141,551.4322309,755.6689012,317.6197125,436.3087155,2.62985224,3.01110741,193.4909812,193.5181669,193.553845,1057.387865,2208.135452
h200_35b_fp8_1_10000_5000_lmcache,RedHatAI/Qwen3.5-35B-A3B-FP8-dynamic,16,315.0897429,100,0.3173698994,8.135098503,0,0,0.04306108092,0.04319999438,0.06442436562,0.08504524068,3.063548316,46.66954757,3.209533166,31.04617763,31.04617763,47.00576615,47.12368917,47.5514431,48.12102652,48.20561218,516.8282557,268.4616393,102.9553413,102.9553413,300.0452518,478.7437916,656.8419933,1046.900749,1137.47716,9.232242761,0.6273377623,6.165745307,6.165745307,9.312201414,9.356195818,9.390736466,9.451911458,9.475494294,4770.688971,252408.7599,16.68883195,338.1685076,814.7443667,1219.054661,1926.644006,3943.868359,6762.22902,315.0897429,10000,5000,10009.96,5000,3527.042025,34918.18748,429.1720481,429.1720481,431.2349151,433.1081322,435.5646818,872.1790776,113087.2081,1589.174445,1289.712382,15.89028391,337.298271,813.9538133,1217.907257,1924.07321,3925.440755,6627.596631
h200_35b_fp8_1_10000_5000_lmcache,RedHatAI/Qwen3.5-35B-A3B-FP8-dynamic,64,159.650821,100,0.6263669638,8.314800494,0,0,0,0.02322507607,0.02806775434,0.02809720946,20.2357482,81.52354146,6.662843519,71.73237538,71.73237538,73.00841355,86.13118291,86.66189384,87.03523827,87.06995654,933.3040404,455.1318324,212.9232883,212.9232883,487.4258041,962.0170593,1349.204302,1549.27659,1581.748009,16.12061504,1.258183646,14.28651581,14.28651581,14.50618731,17.01829252,17.10291385,17.10544836,17.13433769,9423.498186,463032.7113,58.31214749,588.4588885,1535.250366,2388.555809,3885.462938,7955.085005,13177.69745,159.650821,10000,5000,10009.96,5000,11392.56666,60657.72135,240.8705136,240.8705136,240.8705136,241.1360652,241.1360652,84439.44942,208533.9935,3139.081712,2507.683639,58.31214749,585.0612359,1534.489485,2387.196357,3882.48723,7929.488124,13025.78882
h200_35b_fp8_1_1000_500_lmcache,RedHatAI/Qwen3.5-35B-A3B-FP8-dynamic,32,26.44338322,100,3.781664365,12.75804183,0,0,0.2658515828,0.4030689835,0.6271447574,11.41130219,22.03770413,7.486117268,1.3218856,3.555351257,3.555351257,7.2103405,7.539185047,7.893990517,9.646401882,9.993780851,720.6224704,720.5280123,178.0834198,178.0834198,350.2750397,351.377964,723.8276005,2460.3827,2743.471861,13.5575456,1.874286336,6.765052646,6.765052646,13.74500691,14.38507766,14.40556685,14.5321093,14.69258746,5754.902666,91168.57033,68.29334375,170.2233766,1110.485571,1639.04025,2371.002826,4299.64531,7297.614615,26.44338322,1000,500,1009.92,500,4417.844933,7726.353585,397.7914136,397.7914136,400.5529351,407.2102228,11485.32437,11642.39122,17119.05471,1905.697874,1302.303298,68.29334375,165.9139241,1108.284846,1635.843994,2361.657658,4223.871098,6636.556962
h200_35b_fp8_1_1000_500_lmcache,RedHatAI/Qwen3.5-35B-A3B-FP8-dynamic,8,51.67456985,100,1.935187855,7.887249368,0,0,0.545873759,0.5527124102,0.5595017834,11.3780247,20.84022657,4.01383935,0.172547774,3.185242176,3.185242176,4.01906848,4.027760506,4.038120031,4.068560839,4.421972752,322.9507756,94.1400163,189.902544,189.902544,268.4369087,345.8456993,349.629879,392.9359913,745.1429367,7.39613038,0.3139172642,5.841307745,5.841307745,7.364587937,7.391323307,7.530126877,7.685607325,7.708872965,2934.556169,43696.8812,130.1608739,304.3761974,553.3382586,771.0117647,1132.983252,2325.002217,4415.056842,51.67456985,1000,500,1009.92,500,2080.744729,5700.035864,556.6280922,556.6280922,562.7645164,573.8707138,576.7426749,11667.08081,22483.71692,971.7588245,724.8513379,130.1608739,303.7369831,552.8277316,769.0326366,1127.198065,2268.826542,3881.817677
h200_35b_fp8_1_1000_500_lmcache,RedHatAI/Qwen3.5-35B-A3B-FP8-dynamic,16,35.60535502,100,2.808566294,9.682694779,0,0,0.4625205743,0.4706762142,0.4739889985,11.46561113,20.22111444,5.344575088,0.5097229704,3.194019556,3.194019556,5.368412733,5.390828371,5.400822639,6.084401131,6.43466258,412.7978754,251.6557484,194.0481663,194.0481663,347.2032547,348.9735126,351.5295982,1089.986563,1378.829241,9.88286178,0.8417187627,5.864183984,5.864183984,10.01615993,10.0816591,10.1271765,10.30806262,10.41788568,4267.870381,72705.62954,97.15784109,341.0557814,834.8535032,1159.288004,1687.848692,3242.600696,5447.148052,35.60535502,1000,500,1009.92,500,3112.117268,6684.90264,473.1464864,473.1464864,474.3944981,483.7409862,486.8765952,11644.31133,22422.0727,1413.276989,947.1802945,97.15784109,337.162701,833.8576541,1157.368653,1683.107544,3184.741078,5071.709794
h200_35b_fp8_1_1000_500_lmcache,RedHatAI/Qwen3.5-35B-A3B-FP8-dynamic,64,20.16340041,100,4.959480939,16.63987802,0,0,0,0.1774058362,0.4047072318,16.59638182,102.8141684,11.26563607,3.183849078,5.655100584,5.655100584,7.840011835,12.27236342,14.28998256,14.7771287,14.82304168,2026.452253,1764.912925,147.2110748,147.2110748,447.4432468,1342.494488,3523.319483,5280.333042,5556.988239,18.51476912,3.797661494,11.03757952,11.03757952,14.81293485,20.38043487,21.8766868,21.97607056,21.98831304,7569.654431,110734.2824,45.1821482,103.726976,1187.179168,1988.764343,3226.387692,6978.875208,17137.09499,20.16340041,1000,500,1009.92,500,6994.263553,6418.655648,335.0932381,335.0932381,339.6788506,11177.60978,11496.48298,11671.25952,22047.13649,2506.640892,2341.376708,45.1821482,98.92459728,1161.213732,1964.545199,3173.89633,6605.20315,11575.81601
h200_35b_fp8_1_20000_5000_lmcache,RedHatAI/Qwen3.5-35B-A3B-FP8-dynamic,32,2622.85662,99,0.03774510557,0.007874302085,0,0.03515839246,0.03632164788,0.03632620043,0.0363325316,0.03674540664,0.07244248421,711.58667,230.294463,28.25092411,28.25092411,661.7904127,829.5895052,854.6954396,855.3359458,856.5214624,685344.3193,230250.1999,2165.5159,2165.5159,635685.5569,803481.4372,828596.5748,829216.706,829245.0187,5.249232793,0.09812430974,5.19763324,5.19763324,5.219542806,5.220539404,5.221446482,5.577877107,5.588640759,944.7811226,17189.62097,1.306367847,1.394305974,191.5255591,191.5590501,191.594925,357.2660988,27883.29965,2622.85662,20000,5000,20009.88889,5000,763.5000946,156.5120753,703.5604328,703.5604328,726.7557383,726.8898706,727.0262945,1359.07395,1453.360733,188.8815114,55.06463515,1.290200966,1.389549091,191.5240685,191.5584445,191.5940444,192.397257,362.9408588
h200_35b_fp8_1_20000_5000_lmcache,RedHatAI/Qwen3.5-35B-A3B-FP8-dynamic,8,1637.599396,100,0.06106499564,1.37444469,0,0,0.03636299828,0.03636709987,0.03637805691,0.05232677848,0.07309509498,123.3139065,88.20808312,28.12964034,28.12964034,39.14245105,39.38802409,219.9732034,220.0909011,220.1023903,91181.4041,94032.19612,155.1852226,155.1852226,528.744936,1077.96216,193910.9318,194025.0206,194032.9349,6.427493605,1.249881811,5.191783377,5.191783377,5.214059799,5.216513235,7.730840087,7.782741365,7.796880555,1527.727151,112894.6587,1.304793853,1.395429267,191.7557651,191.8075271,191.8744601,1353.688228,27844.61481,1637.599396,20000,5000,20009.89,5000,1242.019224,9821.886144,703.0194769,703.0194769,727.581907,727.7229257,727.9376664,1055.448893,1455.553002,305.4246042,400.9854378,1.287600331,1.387257144,191.751537,191.8042793,191.8593749,1015.603131,2041.953094
h200_35b_fp8_1_20000_5000_lmcache,RedHatAI/Qwen3.5-35B-A3B-FP8-dynamic,16,2725.921215,99,0.03631799755,0.003667522588,0,0.03600494652,0.0363195164,0.0363253686,0.03632897492,0.03633596683,0.03634346875,407.1568251,91.38457463,28.02116179,28.02116179,440.4404192,440.4623749,440.4902871,440.5331557,440.5396838,381057.6382,91383.37479,1940.895319,1940.895319,414343.6012,414362.8197,414388.4587,414429.8098,414448.3271,5.220824282,0.001543941884,5.217038052,5.217038052,5.219935894,5.220733039,5.221476768,5.223113743,5.229102871,908.956345,8692.247427,1.383055428,1.396449775,191.5151467,191.5415577,191.5765456,191.6465599,27900.18736,2725.921215,20000,5000,20009.88889,5000,734.2726024,73.08708111,726.2843831,726.2843831,726.7779035,726.8533082,726.9439215,727.1587753,1453.987648,181.7193889,42.08476887,1.378659024,1.391602549,191.5090803,191.5408333,191.5732164,191.6123816,191.6640715
h200_35b_fp8_1_20000_5000_lmcache,RedHatAI/Qwen3.5-35B-A3B-FP8-dynamic,64,2649.273634,99,0.03736873335,0.00706132508,0,0.03516578746,0.03630855122,0.03632526573,0.03633307923,0.03635466805,0.07244117673,1125.437648,532.3717844,28.15386009,28.15386009,687.8578687,1240.845658,1650.274939,1710.469645,1712.2045,1099229.291,532368.5479,2076.296806,2076.296806,661759.6669,1214721.193,1624175.982,1684360.848,1684426.317,5.242449635,0.08660318869,5.199691634,5.199691634,5.219795199,5.220547417,5.221481012,5.582853994,5.585198499,935.321084,15460.13927,1.300014473,1.393319193,191.5233127,191.5557179,191.5819668,356.7981256,27880.56728,2649.273634,20000,5000,20009.88889,5000,755.7797688,140.3991246,703.5320474,703.5320474,726.5507644,726.8672831,727.0186742,727.5803806,1451.924963,186.9902518,52.17360248,1.29869731,1.384915453,191.5207306,191.5530019,191.5793393,191.6916066,359.4649947
h200_35b_fp8_1_5000_2500_lmcache,RedHatAI/Qwen3.5-35B-A3B-FP8-dynamic,32,106.4589391,100,0.9393292932,7.570222432,0,0,0.06720809325,0.07124294385,0.07219060684,0.2406728804,22.09482068,29.25578809,2.843916386,17.14015508,17.14015508,29.59230781,29.69938445,29.98080134,31.23023248,31.49676275,753.9164877,540.6797069,221.7459679,221.7459679,445.2464581,534.7511768,748.1729984,2069.826365,2274.057627,11.40520086,1.077926715,6.701224229,6.701224229,11.63348869,11.66124018,11.67013255,11.78579447,11.87708703,7074.410555,259118.8131,84.87057871,355.9623186,986.8950588,1633.29595,2882.683162,6636.556962,12384.75591,106.4589391,5000,2500,5009.93,2500,5603.327703,27517.35584,356.4591818,356.4591818,357.5615104,361.6681614,363.6488448,55683.24091,113850.9131,2355.018807,2321.879599,84.87057871,354.4881677,986.8950588,1632.024903,2878.72615,6597.566846,12169.16054
h200_35b_fp8_1_5000_2500_lmcache,RedHatAI/Qwen3.5-35B-A3B-FP8-dynamic,8,778.9429252,100,0.1283791107,2.727604036,0,0,0.07613766275,0.07615669624,0.07617443604,0.1119310789,0.2229087629,58.64396947,42.38196407,13.69221377,13.69221377,18.08758807,18.27035594,105.0503447,105.0693247,105.0819056,43481.45023,44645.14805,208.9300156,208.9300156,461.8663788,662.5897884,92244.19451,92263.11231,92272.27116,6.06734096,0.9709885493,5.093710381,5.093710381,5.124833213,5.130897765,7.072599948,7.147204738,7.180119477,964.4842094,32495.65443,5.84448987,6.158729226,195.083907,195.1383642,195.1746859,1225.329828,30191.49365,778.9429252,5000,2500,5009.93,2500,654.107803,6148.793336,370.7503074,370.7503074,381.4494826,381.5457479,381.6242353,566.4023309,763.2683984,321.0696403,450.295916,5.84448987,6.094263903,195.083907,195.1383642,195.1746859,1069.021027,2263.520777
h200_35b_fp8_1_5000_2500_lmcache,RedHatAI/Qwen3.5-35B-A3B-FP8-dynamic,16,152.5540326,100,0.6555054515,6.588541506,0,0,0.0902008794,0.09023889457,0.09156495921,0.1797757086,18.8255064,22.59090966,1.4767219,15.40846348,15.40846348,22.77245355,22.91489315,22.92947507,23.31121087,23.5796392,509.0192294,209.0239291,217.2563076,217.2563076,390.4707432,470.3769684,540.435791,1053.014994,1236.217976,8.836158048,0.5701554371,6.039635188,6.039635188,8.90676419,8.953812791,8.982803117,9.046499612,9.08260977,4933.662513,195785.7412,110.7290055,356.1134318,751.6673835,1173.231888,1968.232755,4495.50268,7717.210672,152.5540326,5000,2500,5009.93,2500,3653.576393,20833.27768,453.5029844,453.5029844,455.2607081,455.809295,458.7383826,914.9681821,110995.5896,1642.37966,1491.591119,110.7290055,355.6303205,751.5327002,1172.575902,1966.387248,4476.311633,7626.007273
h200_35b_fp8_1_5000_2500_lmcache,RedHatAI/Qwen3.5-35B-A3B-FP8-dynamic,64,74.58283067,100,1.340791159,11.06891139,0,0,0,0.04941806784,0.06453700349,0.0645373441,22.11153549,38.83156106,4.51721748,31.62495637,31.62495637,33.3585372,41.23166633,42.6938529,43.12756705,43.1423254,1649.730222,1287.401788,181.25844,181.25844,451.3165951,1195.87183,2861.333847,3743.941545,3792.304277,14.87854142,1.422884278,12.58245283,12.58245283,13.17204233,15.82208353,16.02688023,16.0394232,16.04059154,10110.45922,300182.6391,62.2374169,494.7863631,1605.168006,2526.689157,4173.436816,8738.133333,14716.85614,74.58283067,5000,2500,5009.93,2500,11695.80518,32297.80483,276.3022353,276.3022353,276.3022353,276.9174163,276.9174163,57655.95696,115877.4673,3365.69689,2779.901033,62.2374169,484.5805595,1602.714559,2523.648616,4165.147964,8679.366787,14364.05479
h200_35b_fp8_2_10000_5000_lmcache,RedHatAI/Qwen3.5-35B-A3B-FP8-dynamic,32,175.2095916,100,0.5707451584,9.653315056,0,0,0.04151139743,0.04224883751,0.04274299394,0.06483660451,19.40971711,47.18343473,3.671289436,31.2120738,31.2120738,47.82877159,47.96949148,48.23072076,48.4163475,48.48799992,722.6400089,336.7608455,158.5073471,158.5073471,495.4426289,579.2343616,1022.405386,1305.935621,1492.664337,9.293824568,0.7122155339,6.182608306,6.182608306,9.400254656,9.467412386,9.483400501,9.535582596,9.555591157,8580.412585,481164.0345,104.3826589,365.7397977,1224.971963,2140.111779,3650.152814,7653.839416,12945.38272,175.2095916,10000,5000,10009.96,5000,6950.105355,109100.9496,429.0816158,429.0816158,429.9521803,430.7293827,430.9814123,431.9115744,213322.6111,2858.239657,2543.459106,104.3826589,365.6196688,1224.614307,2139.680945,3647.22087,7639.897996,12852.82125
h200_35b_fp8_2_10000_5000_lmcache,RedHatAI/Qwen3.5-35B-A3B-FP8-dynamic,8,1492.286594,100,0.06701125668,2.025943744,0,0,0.03920662315,0.03921556638,0.03922608155,0.0635772524,0.0781608348,112.2408847,83.82618174,25.88704944,25.88704944,31.9084487,32.0361836,204.0006809,204.0321267,204.046104,84187.95769,87043.60526,70.05763054,70.05763054,255.3184032,526.6153812,179292.6123,179326.4441,179333.4825,5.611648218,0.688421694,4.937247101,4.937247101,4.942546393,4.945763351,6.325311722,6.358273675,6.365503066,1005.973122,62477.2727,2.470781038,2.522162938,202.291116,202.3496719,202.4118219,1384.601538,24913.46412,1492.286594,10000,5000,10009.96,5000,682.1691791,7240.213224,383.9865327,383.9865327,392.4869988,392.5229553,392.6446488,638.7340412,785.3652498,335.1018662,472.0174824,2.470618034,2.49423221,202.291116,202.3321411,202.4072985,1172.816021,2422.448804
h200_35b_fp8_2_10000_5000_lmcache,RedHatAI/Qwen3.5-35B-A3B-FP8-dynamic,16,257.1244547,99,0.3850275545,9.42514523,0,0,0.05265674579,0.05310721547,0.05371939641,0.07373630297,6.661558889,37.95101874,1.758280506,27.98275948,27.98275948,38.13955045,38.29267144,38.3597393,38.43207932,38.45063877,466.1341316,249.8254443,84.95330811,84.95330811,172.2793579,456.5501213,648.7264633,920.4614162,1043.640614,7.498301475,0.3428736398,5.563590545,5.563590545,7.529590148,7.56459881,7.585885024,7.644452866,7.660310014,5787.245794,305996.9654,55.84068573,364.6249188,955.0262238,1497.113686,2381.930925,4832.147465,8119.097289,257.1244547,10000,5000,10009.9596,5000,4328.267632,27213.65512,531.6718248,531.6718248,536.7477807,539.1980793,541.7579834,545.7649905,208499.7586,1927.801923,1581.782579,50.33245332,364.4254424,954.5875991,1496.576736,2380.422247,4821.03908,8038.227567
h200_35b_fp8_2_10000_5000_lmcache,RedHatAI/Qwen3.5-35B-A3B-FP8-dynamic,64,117.1216786,100,0.8452747706,10.84667474,0,0,0,0.03190251493,0.0381930403,0.03820011343,21.07510414,59.5996104,4.167309753,52.91416335,52.91416335,54.27715969,62.49639082,62.84404945,62.92571974,62.93580008,970.8107924,347.5677354,207.6153755,207.6153755,732.8875065,994.1117764,1290.685177,1437.567949,1452.720881,11.72800776,0.8046668261,10.50958173,10.50958173,10.72002821,12.29669695,12.29996327,12.43883716,12.47133844,12853.64703,602887.2697,159.8167233,808.2404668,2097.428706,3287.321533,5329.492939,10975.89975,17031.27815,117.1216786,10000,5000,10009.96,5000,15582.49409,204092.7399,335.8159841,335.8159841,335.8159841,335.954879,335.954879,208982.4046,212771.8019,4281.705958,3331.527914,159.8167233,804.6925159,2096.52732,3285.871848,5325.241803,10941.55002,16886.2692
h200_35b_fp8_2_1000_500_lmcache,RedHatAI/Qwen3.5-35B-A3B-FP8-dynamic,32,310.4063544,100,0.2061813461,53.32008865,0,0,0.00664352701,0.0132911808,0.0132911808,0.0132911808,0.2940564794,155.19317,147.1918458,6.785044432,6.785044432,7.937464952,9.42854476,302.3544691,303.4832423,303.6036043,957.1740888,854.3854907,117.5494194,117.5494194,372.5891113,374.7158051,1514.322996,2723.462582,2936.547279,14.91115737,6.559263577,10.02295282,12.8580038,12.86988985,12.87762244,12.88314047,34.80114788,42.72310476,8143.479076,109815.5785,74.84348959,149.6896502,898.907844,1387.005291,2191.3814,4777.111617,10591.67677,310.4063544,1000,500,1009.9375,280.765625,6668.588261,5314.069233,497.7444819,497.7444819,506.3613057,10739.46661,10836.88583,10882.76544,16517.45047,1771.444531,1569.561077,74.84348959,149.6896502,891.2673183,1371.584042,2162.012371,4476.311633,7436.70922
h200_35b_fp8_2_1000_500_lmcache,RedHatAI/Qwen3.5-35B-A3B-FP8-dynamic,8,47.64544988,100,2.098836306,10.65382718,0,0,0.585573623,0.5889480134,0.6016736044,10.71418646,20.32833159,3.697854304,0.1451929699,3.057625532,3.057625532,3.70399642,3.711231232,3.724879503,3.791656494,4.035405159,319.7383523,120.8669863,108.1154346,108.1154346,203.1931877,370.5301285,373.1946945,464.0555382,685.7862473,6.769346484,0.3040113975,5.381981691,5.381981691,6.673897913,6.714257544,6.89192382,7.216918922,7.242081877,3177.556518,51624.48268,138.2752778,308.8589102,525.9315361,772.0051537,1255.403771,2676.64582,5526.092227,47.64544988,1000,500,1009.92,500,2252.643259,3780.343967,635.588413,635.588413,639.1728294,641.6034425,643.7128211,10884.27535,10935.52403,1052.22678,935.7301312,138.2752778,308.8589102,525.4703082,769.5970642,1248.304762,2604.34896,4957.806147
h200_35b_fp8_2_1000_500_lmcache,RedHatAI/Qwen3.5-35B-A3B-FP8-dynamic,16,32.12873936,100,3.112478174,10.55702042,0,0,0.5152541773,0.5287077323,0.7579540555,10.81839871,20.46161652,4.812505031,0.4399141813,2.982242107,2.982242107,4.815048695,4.844387293,4.860558987,5.433412552,5.809406996,438.5661149,268.4572885,111.3212109,111.3212109,342.3893452,374.2535114,468.732357,1099.990368,1481.599569,8.764879613,0.7046581258,5.410996611,5.410996611,8.769904922,8.93319537,8.963071273,9.391553416,9.481549502,4722.405005,80804.10572,106.4760357,347.2968452,855.2822186,1260.307692,1906.501818,3721.653949,6355.006061,32.12873936,1000,500,1009.92,500,3449.951905,4679.282981,569.8216129,569.8216129,572.4818302,573.4526973,10589.53217,10857.1609,10946.03537,1563.793116,1123.36504,106.4760357,340.2258274,853.7154488,1257.662369,1898.734269,3659.951134,5785.246897
h200_35b_fp8_2_20000_5000_lmcache,RedHatAI/Qwen3.5-35B-A3B-FP8-dynamic,32,430.461405,100,0.2230165094,32.72744458,0,0,0.006216383432,0.01243643187,0.01243643187,0.03884936952,0.03884936952,143.2381909,127.1381024,51.78776312,51.78776312,53.24817705,53.79394078,322.3790503,323.974411,324.2687271,994.9332302,539.4798101,192.414999,192.414999,461.9765282,966.9215679,1574.219465,1723.677397,1727.016687,10.4060748,0.170694756,9.811345666,9.820207359,10.27156248,10.47478592,10.47692244,10.6568457,10.9184443,17811.36878,874553.9493,94.95774849,638.2081558,1603.327217,2387.043893,3692.169014,7128.49203,11475.52394,430.461405,20000,5000,20009.89583,4056.5625,17689.96683,60727.4101,796.7541773,796.7541773,798.3197917,798.7853669,799.9361012,214175.3126,218567.1135,3002.225324,2160.420626,94.95774849,631.2919928,1602.124648,2385.697563,3688.921724,7102.319539,11327.97184
h200_35b_fp8_2_20000_5000_lmcache,RedHatAI/Qwen3.5-35B-A3B-FP8-dynamic,8,1561.212206,100,0.06405279154,1.709632516,0,0,0.03745169492,0.03746576896,0.03747643239,0.06060410428,0.07609191099,117.4237297,87.7864295,26.31938267,26.31938267,33.39397717,33.56616712,213.5540652,213.6382771,213.6726246,88630.52871,91362.67155,169.7258949,169.7258949,541.8729782,1091.335535,188482.3518,188549.6552,188598.8469,5.75972592,0.7669440983,5.013100217,5.013100217,5.015349383,5.018678659,6.553865857,6.611059656,6.628758193,1602.407251,106893.46,1.211523906,1.231148765,199.3605093,199.4030431,199.4464128,1633.29595,24677.88995,1561.212206,20000,5000,20009.89,5000,1302.979536,10009.10498,735.0913069,735.0913069,749.4285711,749.6742198,749.8528138,1232.304021,1499.391297,320.3547178,452.1405553,1.209584382,1.219258924,199.3520972,199.4011316,199.4458114,1126.506401,2310.100879
h200_35b_fp8_2_20000_5000_lmcache,RedHatAI/Qwen3.5-35B-A3B-FP8-dynamic,16,273.4443798,100,0.3657050844,6.08484751,0,0,0.04957947735,0.05005046449,0.05043200103,0.07203660087,3.836475893,40.31234668,2.421741577,28.28852296,28.28852296,40.68626285,40.84172153,40.90917826,40.99732399,41.0203948,785.7014847,413.7597389,157.617569,157.617569,443.169117,803.6456108,1112.51545,1441.290617,1529.728413,7.906845026,0.4652747278,5.608897992,5.608897992,7.929371032,7.997025154,8.063101392,8.112002144,8.124558061,9164.845798,426330.5575,123.7447904,373.258343,963.7360892,1454.12535,2245.99271,4425.256536,7244.048359,273.4443798,20000,5000,20009.89,5000,8172.289159,37227.0683,1011.649784,1011.649784,1022.49457,1027.143705,1030.534892,1032.987868,217777.653,1832.244324,1390.53205,123.7447904,372.6613949,962.9892471,1453.327789,2243.711851,4410.52755,7151.227316
h200_35b_fp8_2_5000_2500_lmcache,RedHatAI/Qwen3.5-35B-A3B-FP8-dynamic,32,87.72046351,100,1.139985014,9.494386514,0,0,0.08339606971,0.09037521764,0.09099213637,0.1297659302,21.78632869,23.55961476,1.999479414,15.98844266,15.98844266,23.61721659,23.99931908,24.10832405,25.32122922,25.50100231,770.9079576,527.3506574,140.7761574,140.7761574,463.7160301,638.6809349,737.0493412,2067.587614,2249.486923,9.119000675,0.7301431646,6.205666394,6.205666394,9.263144249,9.309278387,9.350511636,9.442844502,9.497582698,8583.321281,328231.2604,105.2338109,390.3130467,1235.799646,2073.345448,3512.81742,7928.741021,13853.69262,87.72046351,5000,2500,5009.93,2500,6959.540516,64246.20645,457.3424356,457.3424356,458.6442649,460.2550304,461.7226562,54710.16473,109369.9282,2857.323997,2637.098669,105.2338109,389.7689806,1234.396805,2072.284585,3506.943144,7884.030075,13603.14811
h200_35b_fp8_2_5000_2500_lmcache,RedHatAI/Qwen3.5-35B-A3B-FP8-dynamic,8,740.1505866,100,0.1351076413,2.830119625,0,0,0.07909021692,0.07911419499,0.07913867737,0.1277511527,0.1580878739,55.67132615,41.52672797,12.9655695,12.9655695,15.83245087,16.08156681,101.1277432,101.1546013,101.16254,41878.50804,43043.55673,125.3039837,125.3039837,391.677618,723.3526707,88909.72805,88940.53197,88951.73454,5.519248224,0.6494347832,4.8857529,4.8857529,4.887664924,4.89207686,6.180778987,6.26949827,6.300240242,1014.926387,41439.55051,4.576855926,4.68184827,204.5602809,204.6001951,204.6401249,1433.460014,23131.81248,740.1505866,5000,2500,5009.93,2500,688.4341851,4404.17721,387.9898622,387.9898622,396.2397751,396.3517475,396.5158817,652.1344928,792.8579144,337.861467,487.5747387,4.576855926,4.625614829,204.5547159,204.6001951,204.6401249,1181.494085,2483.306098
h200_35b_fp8_2_5000_2500_lmcache,RedHatAI/Qwen3.5-35B-A3B-FP8-dynamic,16,128.1372657,100,0.7804130943,7.560055769,0,0,0.1079231212,0.1083742636,0.1093993667,0.1477997389,19.86052238,18.86006417,1.022813181,13.88214207,13.88214207,18.96396208,19.05925012,19.1325891,19.25736785,19.53649282,523.504982,231.5642271,132.2090626,132.2090626,390.0368214,549.1816998,556.4749241,1006.484747,1284.638643,7.337456634,0.3887721824,5.427586551,5.427586551,7.357100956,7.405281162,7.445559973,7.539846936,7.573728229,5873.210881,207368.9938,132.6052482,409.4000976,948.079566,1455.344899,2390.621609,5014.111178,8542.370672,128.1372657,5000,2500,5009.93,2500,4382.987604,17372.92516,550.8592772,550.8592772,555.262376,556.2329672,557.7116538,52553.91588,108571.459,1955.148344,1651.973452,132.6052482,409.1604721,947.6511523,1454.320796,2387.196357,4993.219048,8388.608
h200_35b_fp8_2_5000_2500_lmcache,RedHatAI/Qwen3.5-35B-A3B-FP8-dynamic,64,57.90225554,100,1.727048438,13.53607545,0,0,0,0.06388614237,0.08509542037,10.633297,22.46962615,30.2503179,3.587975124,24.33225012,24.33225012,26.05597973,31.81578779,33.47853327,33.96110964,34.02774882,1712.851183,1282.333927,140.9442425,140.9442425,557.3000908,1142.445803,2897.828102,3821.941376,3968.006611,11.41942708,1.066793547,9.550147173,9.550147173,10.19998511,12.10398777,12.27300288,12.30651572,12.40108909,13020.04523,393995.1981,80.424605,511.1264928,2125.850988,3360.820513,5461.333333,11086.26608,17403.75104,57.90225554,5000,2500,5009.93,2500,14816.16939,30329.25898,373.5440412,373.5440412,373.5440412,374.608093,374.608093,105417.8295,110348.0197,4334.276495,3373.3785,80.424605,482.350349,2123.698228,3358.129704,5450.687459,11008.67192,16980.98785
h200_35b_fp8_4_10000_5000_lmcache,RedHatAI/Qwen3.5-35B-A3B-FP8-dynamic,32,396.2159426,100,0.239768242,40.98534172,0,0,0.006555585421,0.01311503258,0.01311503258,0.04731346776,11.26247671,130.2035978,122.5767759,44.36501169,44.36501169,44.45440769,45.35444832,305.6935997,307.1437864,307.1861846,1015.383758,563.1762207,183.7575436,183.7575436,781.1834812,824.2034912,969.4714546,2287.972212,2433.832169,8.812066969,0.4017437882,7.945531741,8.667786328,8.71767228,8.730447156,8.757764994,8.878842047,11.27548612,13441.373,557808.5055,112.6257045,619.6934587,1790.58467,2723.574026,4315.127572,8770.079525,14439.45026,396.2159426,10000,5000,10009.96842,3547.252632,10382.47652,33103.31619,477.4325718,477.4325718,479.0234649,479.0844443,480.7188062,113636.9329,115293.3151,3516.940939,2721.280194,112.6257045,613.0877657,1789.420377,2721.838065,4310.967451,8734.171435,14231.89516
h200_35b_fp8_4_10000_5000_lmcache,RedHatAI/Qwen3.5-35B-A3B-FP8-dynamic,8,1437.199721,100,0.06957975187,1.643839631,0,0,0.04047741513,0.04048529528,0.04049654786,0.06878028659,0.08336264263,108.0589039,81.79286393,24.28460813,24.28460813,29.60019326,29.8609271,197.6137071,197.6464632,197.6656902,81882.90118,84620.46585,64.1374588,64.1374588,269.0274715,769.9861526,174379.802,174403.0786,174430.8164,5.236163657,0.6054613589,4.64473426,4.64473426,4.647728347,4.651334196,5.860972581,5.906892028,5.910469308,1044.537537,60825.66009,1.250724765,1.359808668,215.1365286,215.1697532,215.2055216,1768.587441,13610.825,1437.199721,10000,5000,10009.96,5000,708.037175,5450.218355,396.7930512,396.7930512,405.1899369,405.2538941,405.3307218,693.3034283,810.3010787,347.9481414,494.9366392,1.241840171,1.355784585,215.1256091,215.1634073,215.1964857,1242.756741,2516.802447
h200_35b_fp8_4_10000_5000_lmcache,RedHatAI/Qwen3.5-35B-A3B-FP8-dynamic,16,238.0188639,100,0.4201347673,6.01285869,0,0,0.05664871503,0.05778922523,0.058241769,0.07775373325,11.21153898,34.96930686,1.830512999,26.07372808,26.07372808,35.13866115,35.28357673,35.61279345,35.71696949,35.9484446,608.818419,328.0885046,97.02062607,97.02062607,322.7045536,630.3601265,777.132988,1294.971943,1474.626303,6.873382668,0.3495847638,5.167874414,5.167874414,6.901154448,6.932059248,6.980335648,7.040486428,7.072194525,6312.740688,279908.166,141.3699147,435.6618136,1098.042496,1660.240684,2599.557101,5077.849879,8241.430369,238.0188639,10000,5000,10009.96,5000,4723.054403,22689.21244,582.5283848,582.5283848,585.3357891,588.3185138,591.1585184,594.2833758,115947.6255,2102.850603,1595.079209,141.3699147,435.4359416,1097.691434,1659.326215,2598.234035,5065.584541,8164.74674
h200_35b_fp8_4_1000_500_lmcache,RedHatAI/Qwen3.5-35B-A3B-FP8-dynamic,32,20.99249053,100,4.763608199,17.0767624,0,0,0.322627378,0.5332420675,0.8435349961,11.20171779,68.61398027,6.019772627,1.165515271,2.669863224,2.669863224,5.664574862,6.074760437,6.285455227,8.012801886,8.377974987,761.9995236,688.5199711,46.35763168,46.35763168,446.6104507,454.2703629,723.7284184,2417.275906,2780.670166,10.53607586,1.552056043,5.060985236,5.060985236,10.45327053,11.21261316,11.25365794,11.84176252,12.01703314,7254.363695,115266.5025,82.97993907,183.6224499,911.8052174,1711.960816,3030.566474,6944.211921,13827.37582,20.99249053,1000,500,1009.92,500,5522.151657,6127.554311,575.1014908,575.1014908,582.8253798,589.0697829,11196.81306,11514.95155,22641.49866,2402.234454,2412.101213,82.97993907,175.1933503,906.4845472,1703.616572,3008.826399,6754.112721,12246.14307
h200_35b_fp8_4_1000_500_lmcache,RedHatAI/Qwen3.5-35B-A3B-FP8-dynamic,8,141.8851235,100,0.7047955243,5.197103857,0,0,0.4202118259,0.420573308,0.4210349642,0.6683305201,0.8499258142,10.68473113,7.615448815,2.513428926,2.513428926,3.251973152,4.287497044,19.02229595,19.04585814,19.04976606,8052.526147,7957.64699,42.25492477,42.25492477,321.354866,1374.922514,16746.71316,16770.11871,16775.37656,5.274490722,0.7871554452,4.556864201,4.556864201,4.55993402,4.561762533,5.883272282,6.397835955,6.598075072,1064.650902,18692.31629,17.4395709,18.66208676,219.2756169,219.3100131,219.367364,1541.456817,18852.94166,141.8851235,1000,500,1009.92,500,723.7081057,1713.64496,417.6823786,417.6823786,424.359525,424.6818646,425.1652904,735.9133688,11191.78429,352.5520894,479.6697546,17.4395709,18.26763588,219.2641539,219.2985465,219.3558914,1194.958405,2441.38766
h200_35b_fp8_4_1000_500_lmcache,RedHatAI/Qwen3.5-35B-A3B-FP8-dynamic,16,28.38549709,100,3.522925798,13.62489651,0,0,0.5753988059,0.5911262789,0.8173730435,11.32203372,41.02169278,4.236918659,0.3904634347,2.742543221,2.742543221,4.234241724,4.257243633,4.313040972,4.859008312,5.125348806,383.0481839,246.0928002,40.92931747,40.92931747,259.9020004,355.7252884,443.1915283,969.6872234,1237.044096,7.722710947,0.6201652805,5.001587954,5.001587954,7.653135575,7.812061386,7.939420864,8.416743938,8.455022304,5333.986355,86123.4927,118.1693807,379.3347201,1010.675663,1429.795125,2153.13347,4132.319212,7025.634841,28.38549709,1000,500,1009.92,500,3912.637962,5743.142054,626.0530837,626.0530837,656.312384,659.5731459,11186.52372,11440.44225,17110.48073,1766.314227,1239.849976,118.1693807,363.2060963,1009.216554,1427.605174,2145.424041,4072.139806,6472.691358
h200_35b_fp8_4_1000_500_lmcache,RedHatAI/Qwen3.5-35B-A3B-FP8-dynamic,64,16.71752024,100,5.981748404,21.60234273,0,0,0,0.20997085,0.5806612829,17.27700521,139.8940698,9.558942561,2.997422471,4.086497068,4.086497068,6.386533737,10.27896237,12.44348741,12.96564078,12.98033905,2036.309245,1700.776961,156.3513279,156.3513279,629.6989918,1228.706837,3383.834124,5264.793396,5594.711542,15.07484983,3.604422951,7.726180052,7.726180052,11.69869465,16.92068362,18.14585172,18.15218486,18.58919369,9117.30986,129076.7234,53.31380923,123.9451537,1412.223569,2361.657658,3901.67814,8192,14847.09381,16.71752024,1000,500,1009.92,500,7948.582584,5429.96092,489.176452,489.176452,495.1896626,11128.86516,11233.48167,11349.44124,22316.35668,3019.136729,2546.444889,53.31380923,107.5903961,1399.500834,2343.186592,3851.518825,7891.446849,12633.44578
h200_35b_fp8_4_20000_5000_lmcache,RedHatAI/Qwen3.5-35B-A3B-FP8-dynamic,32,173.9468651,100,0.5748881991,7.895766346,0,0,0.04131091118,0.04239307556,0.0433086644,0.07217686973,4.277056489,47.09693217,4.176616413,28.6804781,28.6804781,47.72106504,47.96053529,48.49238038,48.81433702,48.81938624,1272.974484,760.8242058,98.02007675,98.02007675,545.8445549,1307.638407,1810.724258,2559.303999,2867.163897,9.166552642,0.7813297889,5.715751486,5.715751486,9.208922578,9.340082891,9.44327545,9.509828001,9.557696623,14421.5014,696517.6453,104.4138412,383.8797136,1342.016378,2261.099099,3683.983992,7376.134334,12064.1534,173.9468651,20000,5000,20009.89,5000,13814.42393,52208.54827,879.41592,879.41592,880.5675676,899.6998047,899.8034006,91872.6156,232540.4193,2883.159701,2364.14958,104.4138412,382.3825419,1340.627334,2259.862069,3679.673577,7349.954659,11893.79006
h200_35b_fp8_4_20000_5000_lmcache,RedHatAI/Qwen3.5-35B-A3B-FP8-dynamic,8,1544.965743,100,0.06472635426,1.548269348,0,0,0.03740084468,0.0374171098,0.03742903745,0.06753760895,0.08315952191,116.1116865,89.17280088,24.76458335,24.76458335,30.57516766,31.17677593,213.8411551,213.9268668,213.9914479,89274.50863,92221.02173,93.05787086,93.05787086,448.6761093,1046.34881,190170.7342,190256.9408,190322.8214,5.368442361,0.6534462071,4.730890073,4.730890073,4.733671639,4.737031629,6.047881348,6.090241734,6.119006776,1619.280511,128041.7909,0.6402157423,0.6514181326,211.2133699,211.2680199,211.3405266,7205.863336,13072.03514,1544.965743,20000,5000,20009.89,5000,1315.71261,9625.726282,735.1181687,735.1181687,748.4306102,748.7187717,748.9383911,1367.539836,1497.174906,323.7280354,478.8349792,0.6351000119,0.6497236474,211.1935549,211.255974,211.3290454,1170.93914,2424.950884
h200_35b_fp8_4_20000_5000_lmcache,RedHatAI/Qwen3.5-35B-A3B-FP8-dynamic,16,250.3766482,100,0.3993982695,5.722102611,0,0,0.05504879077,0.05564371437,0.05645680458,0.07761694823,4.687473038,36.77651898,2.039943914,26.53661489,26.53661489,36.97852468,37.16049719,37.33631229,37.76808834,37.78989077,534.8900676,344.7424992,88.85216713,88.85216713,237.953186,476.3379097,807.6162338,1109.080076,1194.079876,7.249691748,0.3922936571,5.288987857,5.288987857,7.2747597,7.33795517,7.364494988,7.407677796,7.430920245,9997.070048,531886.2047,134.625643,413.1695628,1042.279529,1584.642508,2452.809357,4849.134278,7877.440467,250.3766482,20000,5000,20009.89,5000,8943.665146,41813.80989,1108.179308,1108.179308,1123.937076,1129.951191,1139.321877,1143.825761,223928.6844,1998.623354,1521.531039,134.625643,412.8450629,1041.809552,1583.951662,2450.869695,4837.865535,7807.409759
h200_35b_fp8_4_20000_5000_lmcache,RedHatAI/Qwen3.5-35B-A3B-FP8-dynamic,64,124.8044081,100,0.8012537501,7.40979719,0,0,0,0.02960273914,0.03748443311,0.03750503138,11.31009637,63.08421829,5.259185663,54.04883146,54.04883146,56.75741148,66.73875713,67.30339622,67.649441,67.76748085,1135.939128,453.2031502,111.2184525,111.2184525,724.7383595,1320.04571,1535.115004,1632.60746,1642.295361,12.39205199,1.022897492,10.76026057,10.76026057,11.14889697,13.10950905,13.15260773,13.32298849,13.38748938,20126.77363,965346.6536,74.60447715,640.5473427,2048.460596,3148.527916,5005.136038,9980.718636,15662.61326,124.8044081,20000,5000,20009.89,5000,28394.40137,75980.34966,653.7669128,653.7669128,653.7669128,654.1789083,654.1789083,219144.663,229205.077,4023.762925,3024.948397,74.60447715,632.1688505,2047.000488,3146.04506,4999.170441,9939.109005,15473.77726
h200_35b_fp8_4_5000_2500_lmcache,RedHatAI/Qwen3.5-35B-A3B-FP8-dynamic,32,76.14183068,100,1.31333853,13.49875891,0,0,0.09673280383,0.1002884842,0.1998499566,0.2908635789,22.26476911,20.42667323,1.485248481,13.97971535,13.97971535,20.61523175,20.7539413,20.8513062,21.13330173,21.22306633,633.4206438,337.4594756,63.99798393,63.99798393,368.3724403,606.0876846,890.3465271,1338.885546,1427.959204,7.918199919,0.554039628,5.528912252,5.528912252,7.941105309,8.004384882,8.129278151,8.217701009,8.310675478,9879.812649,338317.0322,121.686898,400.4491121,1347.56755,2439.257924,4161.015873,8924.051064,16070.13027,76.14183068,5000,2500,5009.93,2500,8055.05141,29230.38063,511.0154448,511.0154448,516.7328958,1025.278968,1037.631525,109030.5767,112200.4594,3288.916358,3095.936594,121.686898,400.3726613,1346.486035,2437.661901,4156.891972,8884.079907,15738.47655
h200_35b_fp8_4_5000_2500_lmcache,RedHatAI/Qwen3.5-35B-A3B-FP8-dynamic,8,711.547612,100,0.1405387332,3.56013871,0,0,0.08156870335,0.08158661986,0.08163166643,0.1396938382,0.1633397529,53.49364802,40.49695363,11.55295062,11.55295062,14.41719699,24.30149508,98.05742359,98.08241701,98.08754992,40696.46306,41755.44986,51.93662643,51.93662643,229.7694683,12376.10006,86563.70854,86589.99324,86594.16842,5.120817316,0.5375767685,4.596997853,4.596997853,4.598759803,4.602786397,5.680387427,5.721122086,5.759672434,1055.63869,49681.00056,2.383548457,2.594343702,217.4191821,217.456657,217.5017631,1899.594203,13032.85635,711.547612,5000,2500,5009.93,2500,715.7850672,5729.448703,380.1133492,380.1133492,408.6802019,408.7390112,408.9076473,709.6404809,817.9777258,351.4142907,536.7748224,2.383548457,2.589434588,217.4115696,217.456657,217.5017631,1264.487187,2671.53121
h200_35b_fp8_4_5000_2500_lmcache,RedHatAI/Qwen3.5-35B-A3B-FP8-dynamic,16,114.4232345,100,0.8652088928,13.42530412,0,0,0.1200483433,0.120542704,0.236524868,0.2412401699,11.52271822,16.76698067,0.7990438967,12.8691628,12.8691628,16.83668923,16.86805964,17.09555697,17.1348207,17.14625144,385.4749179,206.3183938,63.5638237,63.5638237,224.9252796,395.468235,561.2852573,707.123518,801.1174202,6.555087919,0.3018223503,5.095028028,5.095028028,6.547996071,6.611780149,6.67428312,6.734226455,6.75546145,6576.23681,224391.3318,91.56769384,392.5045854,1034.864051,1661.768621,2624.720901,5667.978378,10681.58913,114.4232345,5000,2500,5009.93,2500,4937.569374,21559.53676,610.8235632,610.8235632,621.0263131,622.9007403,1238.225569,1245.997458,112259.2009,2189.180462,1998.389183,45.56599203,392.2476386,1033.716328,1659.795805,2621.44,5626.162307,10330.79803
h200_35b_fp8_4_5000_2500_lmcache,RedHatAI/Qwen3.5-35B-A3B-FP8-dynamic,64,50.21870255,100,1.991289996,20.90462236,0,0,0,0.07396704589,0.1883361258,0.1883361258,22.31060235,25.93602081,2.299054291,22.31024218,22.31024218,23.05240083,27.09197283,27.90020514,28.26102686,28.31957102,1275.604534,704.4380942,163.2802486,163.2802486,700.751543,1080.388308,1962.290525,2383.150101,2400.19846,9.867907725,0.7796027051,8.558531388,8.558531388,8.968028797,10.37480145,10.38158031,10.65205335,10.71696923,15003.2874,446596.2945,93.03722106,636.3683811,2289.467249,3693.647064,6212.067128,13592.08437,21936.05149,50.21870255,5000,2500,5009.93,2500,17476.01638,42075.15081,414.5402155,414.5402155,414.5402155,415.1973593,415.1973593,111199.4065,112949.7993,4994.483104,4234.855805,93.03722106,625.7991148,2285.724251,3688.776321,6200.960194,13491.90696,21408.07686
h200_35b_fp8_8_10000_5000_lmcache,RedHatAI/Qwen3.5-35B-A3B-FP8-dynamic,32,162.7526057,100,0.6144294869,6.791384076,0,0,0.04428418172,0.04627377176,0.0466308506,0.07361081805,5.675632813,44.13498134,3.781860232,27.75849771,27.75849771,44.37285566,44.60333633,45.98351288,46.18641973,46.2195375,484.2045784,418.0546597,71.51913643,71.51913643,149.7347355,298.7966537,717.8180218,1308.451653,1462.901354,8.731760952,0.7280997968,5.538444658,5.538444658,8.846858664,8.861917619,8.951470289,9.046274272,9.084784095,9229.31067,429421.1719,111.0107759,425.3387371,1453.642556,2413.416219,3930.931584,7807.036126,12632.70863,162.7526057,10000,5000,10009.96,5000,7417.7021,47076.55664,460.1154036,460.1154036,460.608799,466.9859491,467.0858486,467.3158385,318615.9763,3074.395492,2486.999253,111.0107759,424.0891367,1452.840794,2412.517615,3927.250936,7785.716986,12513.10314
h200_35b_fp8_8_10000_5000_lmcache,RedHatAI/Qwen3.5-35B-A3B-FP8-dynamic,8,1406.922541,100,0.07107711836,1.842178667,0,0,0.04136205533,0.0413741708,0.04138700558,0.07025686504,0.13971973,105.7812361,80.01959893,24.39536452,24.39536452,29.01516509,29.15697861,193.375406,193.4253554,193.4389012,79721.87189,82509.78929,66.46466255,66.46466255,180.9835434,382.7176094,169905.4205,169956.7277,169969.6088,5.212751242,0.532795646,4.68894543,4.68894543,4.694956545,4.699565955,5.765088298,5.778453283,5.783027829,1067.025492,72331.07167,2.710816338,2.871833355,212.9520715,213.0386022,213.1117035,1487.605604,27975.03008,1406.922541,10000,5000,10009.96,5000,723.6625102,9039.663958,407.1548757,407.1548757,414.0128046,414.1189133,414.3106053,704.1228011,1400.801124,355.4391523,505.3015573,2.677912146,2.823222791,212.9520715,213.0169629,213.1094703,1270.169549,2570.039216
h200_35b_fp8_8_10000_5000_lmcache,RedHatAI/Qwen3.5-35B-A3B-FP8-dynamic,16,238.4399631,100,0.4193927842,7.05498007,0,0,0.05646199689,0.0571714895,0.05796067715,0.07826220053,0.07826220053,35.03788804,1.869283598,25.93017483,25.93017483,35.30028915,35.38894248,35.67744184,35.8168726,35.86008167,265.4158545,159.1025483,66.08605385,66.08605385,147.0625401,229.2153835,364.315033,595.2935219,673.4747887,6.955803543,0.3641349591,5.168732845,5.168732845,7.014666016,7.037166072,7.054631675,7.079933424,7.090208649,6304.775881,306948.0546,141.1256043,442.315591,1102.989873,1662.075284,2591.386859,5049.311283,8186.689874,238.4399631,10000,5000,10009.96,5000,4716.465316,40920.83929,567.4426054,567.4426054,570.8739056,576.6329348,579.9800402,585.4887076,138010.8905,2100.197429,1575.234816,141.1256043,441.9243494,1102.603575,1661.465758,2589.594566,5036.373629,8103.773251
h200_35b_fp8_8_10000_5000_lmcache,RedHatAI/Qwen3.5-35B-A3B-FP8-dynamic,64,109.8992956,100,0.9099239398,8.478205411,0,0,0,0.03350955814,0.04147202726,0.04152028174,37.94651323,56.06054732,4.980752916,48.95557261,48.95557261,49.5250628,59.37495399,60.03160787,60.35530448,60.38938642,389.2635846,259.1551539,81.46333694,81.46333694,193.738699,280.9085846,614.2969131,870.1229095,905.5626392,11.13638818,0.9648840643,9.775449238,9.775449238,9.875262301,11.83639004,11.88577583,11.90094357,11.90985744,13692.79826,538714.4137,104.2249966,947.2231256,2337.962096,3596.971289,5698.782609,11206.95741,17073.57677,109.8992956,10000,5000,10009.96,5000,16476.78368,75957.96983,350.1575146,350.1575146,350.1575146,351.3543033,351.3543033,90945.09076,381106.5396,4561.237424,3318.690952,104.2249966,942.1168014,2335.745689,3594.090831,5693.703676,11167.92544,16886.9363
h200_35b_fp8_8_1000_500_lmcache,RedHatAI/Qwen3.5-35B-A3B-FP8-dynamic,32,15.62309885,100,6.336771018,25.08499646,0,0,0.4686195161,0.540199509,0.7709780344,38.72606572,129.4019066,4.223515124,0.3973664989,2.789282322,2.789282322,4.228445053,4.256941557,4.325870752,4.715985537,4.792879343,209.0514946,154.4593043,52.53481865,52.53481865,121.5150356,156.3677788,198.330164,590.0528431,665.9471989,8.044460837,0.6666530781,5.384938273,5.384938273,8.211645669,8.2179382,8.274340677,8.358881803,8.397615505,9708.431121,153496.7242,119.0819374,415.89529,1551.721791,2468.689818,4009.85086,8525.00813,15797.75518,15.62309885,1000,500,1009.92,500,7849.779318,33697.16106,548.1739328,548.1739328,548.2458695,554.5853839,562.3910379,39935.58491,77812.11271,3214.882617,2783.894246,119.0819374,409.8801915,1544.294551,2460.002346,3979.41556,8305.552475,14217.97966
h200_35b_fp8_8_1000_500_lmcache,RedHatAI/Qwen3.5-35B-A3B-FP8-dynamic,8,138.7616563,100,0.7206601786,6.175712584,0,0,0.4227416082,0.4229040493,0.4231112137,0.7238626266,0.8450601613,10.43823923,7.749354881,2.434470177,2.434470177,2.858181,3.874889612,18.91871762,18.92232585,18.92569375,7910.870707,7975.831444,40.64869881,40.64869881,104.4561863,1133.256435,16627.32792,16630.98383,16635.50735,5.064411178,0.5244638615,4.586372203,4.586372203,4.590820454,4.59385396,5.505947407,5.627798413,5.647580466,1088.680539,21389.06828,24.48142138,25.66862095,217.7841009,217.8406565,217.9085619,1569.137299,25568.85594,138.7616563,1000,500,1009.92,500,740.4071931,3616.635669,419.8456731,419.8456731,426.9359337,427.0744405,427.3264191,744.5330349,2136.811001,360.5093447,503.3010261,24.48084982,25.30011702,217.7727934,217.829343,217.8972414,1312.360451,2503.314831
h200_35b_fp8_8_1000_500_lmcache,RedHatAI/Qwen3.5-35B-A3B-FP8-dynamic,16,23.09754276,100,4.329464871,19.96533895,0,0,0.621437476,0.6269973816,0.6307542757,37.66436782,77.2937003,3.393093798,0.1698349061,2.596789122,2.596789122,3.398775578,3.416586399,3.436133385,3.529431105,3.605211258,128.9255977,57.41692422,45.70913315,45.70913315,102.394104,117.4418926,142.5840855,250.6768703,330.0385475,6.540920099,0.3112505615,4.959540281,4.959540281,6.557695851,6.596210247,6.628118202,6.711332019,6.746494221,6556.108197,109037.8852,149.1043015,411.085367,803.3526144,1401.839572,2646.24858,6570.711227,12985.4613,23.09754276,1000,500,1009.92,500,4913.03582,14614.45496,642.0021053,642.0021053,644.0867873,645.7599157,649.0148358,38936.80987,78298.94628,2171.011774,2296.060634,149.1043015,410.8840125,802.814432,1397.635455,2624.720901,6423.130168,11650.84444
h200_35b_fp8_8_1000_500_lmcache,RedHatAI/Qwen3.5-35B-A3B-FP8-dynamic,64,10.30605316,100,9.70303553,33.85001869,0,0,0,0.3609943028,0.5593911214,75.51861721,163.0375496,5.462732277,0.8423308053,4.042405605,4.042405605,4.526134014,5.70559144,6.20515728,6.474196434,6.480575085,532.2038817,392.3968714,68.58205795,68.58205795,213.4661674,333.9090347,829.3976784,1286.413193,1329.798698,9.880228468,1.134518751,7.786493263,7.786493263,8.642196655,10.66692606,10.77232762,10.79100406,10.89516623,14761.42989,184230.3153,91.51075621,364.0888889,2366.988713,3813.003636,6241.52381,12905.55077,22940.58706,10.30605316,1000,500,1009.92,500,15920.90189,23394.94629,480.6471975,480.6471975,480.6471975,481.6443534,38018.82019,74944.66236,77978.26161,4888.149667,3808.094965,91.51075621,312.4481526,2351.726381,3788.892502,6168.094118,12409.18343,19181.26829
h200_35b_fp8_8_20000_5000_lmcache,RedHatAI/Qwen3.5-35B-A3B-FP8-dynamic,32,306.2984419,100,0.1044732706,37.28890335,0,0,0,0.03294109821,0.03294109821,0.03294109821,0.03294109821,302.690713,1.035582397,300.0780346,300.0780346,302.0802972,302.9517066,303.570914,303.573272,303.5739033,474.4820222,291.5391014,0,0,152.3776054,520.3931332,726.5491486,886.7378235,927.7443886,8.238985386,10.38987418,0,0,0,0,20.58634505,23.58415698,23.83880499,2140.150694,200411.9208,0.00666436635,0.00666436635,0.00666436635,166.6092154,166.6092154,166.6092154,166.6092154,306.2984419,20000,5000,20009.5625,257.375,2112.972375,31689.14257,133.1347562,133.1347562,133.1347562,133.1677227,133.1677227,133.1677227,133.1677227,27.17831862,183.1988489,0.00666436635,0.00666436635,0.00666436635,33.32184308,33.32184308,33.32184308,33.32184308
h200_35b_fp8_8_20000_5000_lmcache,RedHatAI/Qwen3.5-35B-A3B-FP8-dynamic,8,1471.799306,100,0.06794404619,2.032313183,0,0,0.03946536047,0.0395056705,0.03953330778,0.06870258592,0.1664971548,110.6419357,83.96865892,24.94521117,24.94521117,30.18607497,30.25071645,202.5340235,202.8472643,202.9030921,83886.88436,86745.47379,93.80435944,93.80435944,308.7842464,532.3796272,178668.1275,178988.0342,179022.9392,5.352017265,0.5939253437,4.767771458,4.767771458,4.773109668,4.786886628,5.964780765,5.994028844,6.023669009,1699.704358,146689.6918,1.220066546,1.3737818,209.4601104,209.517711,209.6104325,1720.628059,27627.69443,1471.799306,20000,5000,20009.89,5000,1382.313514,19430.85927,775.9758777,775.9758777,790.0153845,790.4410197,791.1471689,1382.164946,2759.421777,339.8064442,486.8546893,1.21081875,1.355988402,209.4429242,209.5104422,209.6000164,1219.922653,2484.899944
h200_35b_fp8_8_20000_5000_lmcache,RedHatAI/Qwen3.5-35B-A3B-FP8-dynamic,16,251.1479428,100,0.3981716867,9.751403019,0,0,0.05435855662,0.05556642486,0.05762174514,0.08260042747,2.235420587,37.05390057,2.031553162,26.78745008,26.78745008,37.43440795,37.53805304,37.65680575,37.75616527,37.77159095,546.1751413,232.3439681,97.42474556,97.42474556,514.5769119,639.6985054,712.4991417,765.901804,787.5282764,7.302881383,0.3858595351,5.339000291,5.339000291,7.360587861,7.375748211,7.391983663,7.435113102,7.447019246,9978.031299,593748.5871,134.2481382,372.1984204,1006.519821,1542.236764,2450.661517,4955.552374,8290.796831,251.1479428,20000,5000,20009.89,5000,8934.586775,93594.17016,1080.868332,1080.868332,1105.579246,1131.470354,1169.786528,1191.877989,72871.32914,1994.81711,1602.124898,134.2481382,372.1984204,1006.072572,1541.609479,2449.254285,4942.264698,8205.576235
h200_35b_fp8_8_5000_2500_lmcache,RedHatAI/Qwen3.5-35B-A3B-FP8-dynamic,32,76.79055119,100,1.30224355,14.22750719,0,0,0.09444033734,0.09788236102,0.09849140837,0.1481827449,27.3928042,20.68268815,1.621195902,13.65634656,13.65634656,20.8021245,20.85884285,21.46023631,21.58457494,21.68795896,285.7492638,187.6436358,58.46786499,58.46786499,154.8855305,215.4693604,355.3762436,695.4042912,740.9510612,8.161918389,0.622506286,5.439652687,5.439652687,8.228125502,8.270057405,8.368717474,8.420811123,8.445168267,9793.206689,369036.4868,118.6473933,403.2209191,1250.910826,2349.75014,4013.688038,9218.250549,17284.21978,76.79055119,5000,2500,5009.93,2500,7940.748894,64907.26576,488.1199781,488.1199781,488.5960693,492.1265363,496.9371637,497.4472577,272654.2499,3260.085876,3298.805046,118.6473933,403.182159,1249.79261,2347.120313,4006.021012,9157.868996,16958.10243
h200_35b_fp8_8_5000_2500_lmcache,RedHatAI/Qwen3.5-35B-A3B-FP8-dynamic,8,694.2771249,100,0.1440347037,3.184107119,0,0,0.08362218344,0.08368780685,0.08371314873,0.1666507604,0.4304574574,52.19316436,39.70671173,12.00618434,12.00618434,14.05728149,14.17996716,95.61005473,95.74553919,95.79273868,39464.45529,40798.37794,52.76536942,52.76536942,127.8629303,283.9765549,84017.64131,84150.24495,84197.24154,5.093423535,0.4673600062,4.636147538,4.636147538,4.638873181,4.651673559,5.572828497,5.607749902,5.616446026,1081.907884,56727.6642,4.443923634,5.555605006,215.5124859,215.5900283,215.6565376,1534.127286,27198.48612,694.2771249,5000,2500,5009.93,2500,734.019463,8506.735953,413.0892573,413.0892573,418.8779493,419.2688267,419.4111958,721.8396685,2169.268263,360.1591105,538.4601591,4.443796511,5.477702248,215.4903411,215.5789474,215.6454499,1292.543606,2759.410526
h200_35b_fp8_8_5000_2500_lmcache,RedHatAI/Qwen3.5-35B-A3B-FP8-dynamic,16,114.1642234,100,0.8759311542,13.77500534,0,0,0.1198727737,0.120162396,0.1605793116,0.2454631957,13.69613375,16.75371955,0.8210688097,12.76259637,12.76259637,16.71874261,16.9127717,17.05352592,17.11153269,17.11869526,166.1393929,81.79439321,53.21884155,53.21884155,79.26249504,168.8292027,222.4609852,307.8725338,331.8147659,6.637544721,0.3183069103,5.075986694,5.075986694,6.659068695,6.701278324,6.74071518,6.769798144,6.771670193,6587.956877,246610.0475,45.03757154,425.2424725,1010.188825,1655.864193,2680.066454,5673.08927,10343.53637,114.1642234,5000,2500,5009.93,2500,4945.151699,36077.65296,595.2076646,595.2076646,602.7239505,607.7474843,617.1953672,618.6530953,148225.3489,2193.081985,1992.679291,42.39154252,423.9668452,1008.973779,1653.905363,2674.938776,5629.938255,9998.340882
h200_35b_fp8_8_5000_2500_lmcache,RedHatAI/Qwen3.5-35B-A3B-FP8-dynamic,64,50.55714869,100,1.977959946,22.49383055,0,0,0,0.07302613554,0.09143857731,0.09148020093,73.4644177,26.01264821,2.519588173,22.49037695,22.49037695,22.62227511,27.85136199,27.97260547,28.13972354,28.16070008,507.8360152,290.5483931,88.28210831,88.28210831,243.1278229,477.7095318,772.1555233,974.2863178,985.8226776,10.20584556,0.9217311931,8.890807128,8.890807128,9.004508462,10.857505,10.91669215,10.95136312,10.96395408,14904.13187,434191.5403,92.19306714,782.0059138,2167.598966,3521.665827,6074.299783,14141.87655,23045.62637,50.55714869,5000,2500,5009.93,2500,17784.58745,75503.67415,382.7276022,382.7276022,382.7276022,382.9474197,382.9474197,127997.4115,384376.2103,4961.474964,4414.465728,92.19306714,776.1480385,2164.24355,3515.761945,6061.132948,14015.89101,22310.12766
,,,,,,,,,,,,,,,,,,,,,,,,,,,,,,,,,,,,,,,,,,,,,,,,,,,,,,,,,,,,,,,,,,,,,,,,
h200_80b_fp8_8_10000_5000_lmcache,RedHatAI/Qwen3-Next-80B-A3B-Instruct-FP8-dynamic,32,214.3260422,100,0.466578858,7.655095734,0,0,0.03327137696,0.03562694547,0.0362031441,0.05115847121,3.931303713,57.0628673,4.769707352,40.32384157,40.32384157,56.24258423,56.78041267,61.36972213,61.54388928,61.59340072,429.4845319,253.7812212,83.90021324,83.90021324,224.0793705,320.6725121,673.1932163,857.7919006,892.683506,11.32885971,0.9529292407,8.041489098,8.041489098,11.19088812,11.21715785,12.2110815,12.28495454,12.2885809,7009.704045,367512.2383,131.9057194,339.5421555,1082.305212,1803.326327,2946.021731,6006.038367,9950.061144,214.3260422,10000,5000,10008,5000,5754.906323,52563.8971,334.2628029,334.2628029,334.9760015,361.4563608,365.6106811,366.4249992,106018.9032,2335.32251,1956.975271,131.9057194,339.4051881,1082.026339,1802.815579,2944.51827,5994.34857,9869.62292
h200_80b_fp8_8_10000_5000_lmcache,RedHatAI/Qwen3-Next-80B-A3B-Instruct-FP8-dynamic,8,1901.856663,100,0.05258019806,1.631838544,0,0,0.03058454407,0.03061200241,0.03064129048,0.05253162409,0.06278187396,143.002088,108.1880646,32.27348375,32.27348375,38.41251707,41.42711997,261.4223547,261.6401305,261.7785428,107960.0385,111826.5518,70.24717331,70.24717331,192.3947334,363.8219833,230183.9263,230402.0598,230519.4221,7.00973211,0.8073695027,6.240215223,6.240215223,6.250725672,6.274809239,7.641250359,8.250544228,8.266200874,789.2137691,51943.37595,1.128294079,1.418802349,159.8853347,160.0137193,160.1485875,1188.390472,14107.92688,1901.856663,10000,5000,10008,5000,535.0763001,8455.363435,302.2285703,302.2285703,306.061673,306.3671628,306.5842918,529.5969341,1053.631335,262.9310265,385.4480282,1.126471505,1.404530337,159.8674584,159.9975723,160.1287836,924.9443064,1938.372889
h200_80b_fp8_8_10000_5000_lmcache,RedHatAI/Qwen3-Next-80B-A3B-Instruct-FP8-dynamic,16,320.3558319,100,0.3121528939,5.977173655,0,0,0.04221911714,0.04287488051,0.05878892876,0.0854733178,0.0854733178,47.16175317,2.912467826,34.19009209,34.19009209,46.90596962,47.03432655,47.83906698,50.43428874,50.46899295,247.7053857,177.4447859,69.25535202,69.25535202,120.6367016,186.9945526,270.6129551,653.1939507,740.6356335,9.38454921,0.582737625,6.820709902,6.820709902,9.333179006,9.353101194,9.542577146,10.06957917,10.07340474,4690.535486,267631.5562,76.19925805,338.8901878,822.1112414,1231.422758,1896.153645,3794.203393,6331.574548,320.3558319,10000,5000,10008,5000,3500.93195,35599.26811,400.1900822,400.1900822,422.4667234,430.3562852,432.6022926,862.5658736,862.5658736,1562.6784,1208.623475,36.7402528,338.542423,821.8133756,1230.900452,1895.01093,3784.536685,6273.824223
h200_80b_fp8_8_10000_5000_lmcache,RedHatAI/Qwen3-Next-80B-A3B-Instruct-FP8-dynamic,64,314.3257208,100,0.2036104454,72.8454058,0,0,0,0.01909140073,0.01909140073,0.01909140073,0.01909140073,313.5747862,0.7633201065,311.9342186,311.9342186,312.8862915,313.858664,314.2763262,314.2795401,314.2816954,477.493234,309.7381292,76.07412338,76.07412338,112.6446724,451.3802528,791.8403149,919.8424816,946.7332363,13.78330297,0.1867217745,13.37078221,13.37078221,13.62245104,13.83805147,13.93913789,14.01623628,14.03699849,51213.68196,1234151.641,71.34453598,229.1385462,2202.065195,3492.877536,5563.078979,11073.28031,18086.79376,314.3257208,10000,5000,10008,927.859375,299269.5493,212157.3093,71407.83242,71407.83242,137586.4514,225768.0093,395334.2855,706676.6739,801921.7582,4345.254753,3454.422403,71.34453598,222.4615994,2189.407286,3473.446358,5520.006535,10804.65485,16322.22148
h200_80b_fp8_8_1000_500_lmcache,RedHatAI/Qwen3-Next-80B-A3B-Instruct-FP8-dynamic,32,190.0102448,100,0.5262874119,1.607743625,0,0,0.3415398193,0.3416160395,0.3416577247,0.6622398442,10.67967622,45.8107656,36.54107918,5.41434741,5.41434741,7.343153715,39.40958381,85.64781761,93.6901443,93.69326806,42077.45999,37420.74519,180.6118488,180.6118488,2002.09403,36499.07899,82736.88459,90778.44357,90781.14843,7.481067663,2.283735083,5.831763357,5.831763357,5.834226379,5.836870006,10.6669447,10.93875908,10.95093467,794.4239564,16801.59836,83.8434425,143.6871328,171.3690276,171.4036924,171.43399,406.6356382,3474.982601,190.0102448,1000,500,1008,500,539.290297,1925.39024,267.1035168,267.1035168,344.2477221,344.3319445,344.3903412,663.1710097,12172.59414,263.4031686,531.4601022,83.8434425,143.6871328,171.3674,171.4036924,171.43399,356.6593543,2667.18533
h200_80b_fp8_8_1000_500_lmcache,RedHatAI/Qwen3-Next-80B-A3B-Instruct-FP8-dynamic,8,214.6718264,100,0.4658273128,3.715087148,0,0.3109731843,0.315069941,0.3152485668,0.3398430078,0.5965979031,2.825960026,16.28437771,10.07880345,3.832334518,3.832334518,4.043694496,23.53085327,25.382581,25.46469617,25.46952558,12958.19251,10443.42549,126.0223389,126.0223389,169.3775654,20606.59504,22341.97116,22426.09763,22429.76999,6.664944526,0.7953469332,5.856919145,5.856919145,6.088620914,6.095837973,7.616210796,7.754081237,7.763753195,702.9688478,14490.75748,8.402328413,14.53148602,164.0835615,164.1763363,170.5850563,916.5003151,14522.77472,214.6718264,1000,500,1008,500,476.6448,1464.717152,303.3805846,303.3805846,317.566216,317.7641307,323.7365434,635.1263733,2889.256997,233.0798567,323.7377356,8.319423673,14.38070095,164.0754577,164.1670515,170.4031852,703.7403889,1587.927031
h200_80b_fp8_8_1000_500_lmcache,RedHatAI/Qwen3-Next-80B-A3B-Instruct-FP8-dynamic,16,196.6912031,100,0.5084111461,1.310950598,0,0,0.3400220017,0.3402055718,0.340726359,0.6625222799,7.689311275,27.94234202,18.96449925,3.82691741,3.82691741,5.410884619,38.26501822,47.0195477,47.03824162,47.04554439,24417.06941,19671.08292,142.2286034,142.2286034,679.3467999,34955.39403,44097.37062,44115.2432,44125.16546,7.063895113,1.620131972,5.832645841,5.832645841,5.856911501,5.86111321,9.333668348,9.434139084,9.512001622,767.2405912,16805.93023,79.76677355,170.3132334,170.6435124,170.7176171,170.9361295,760.9980424,2708.159444,196.6912031,1000,500,1008,500,520.5880707,1348.886634,310.6070597,310.6070597,342.7640739,342.9051046,343.4397825,585.0866591,7075.428183,254.3901164,413.1455607,79.74265181,170.3132334,170.6432063,170.7176171,170.8665498,681.3359324,2176.185927
h200_80b_fp8_8_1000_500_lmcache,RedHatAI/Qwen3-Next-80B-A3B-Instruct-FP8-dynamic,64,185.1044245,100,0.540235601,1.606724055,0,0,0.3413868417,0.3415005263,0.341621187,0.3417267028,11.40084916,59.5618145,56.28505631,5.682200432,5.682200432,7.803581238,38.67093968,105.2936583,162.2006667,173.6284192,55513.50478,57345.55049,222.2049236,222.2049236,1943.86363,35759.9268,102381.6841,159289.1314,170717.3796,8.112150868,2.769983978,5.821557227,5.821557227,5.833947826,5.835822684,11.47046882,11.72554469,11.74231665,815.6851395,21919.09251,72.56464073,139.6550854,171.3694205,171.4059665,171.4319399,171.778235,4232.523946,185.1044245,1000,500,1008,500,553.9554024,2033.989028,218.3952747,218.3952747,344.122586,344.2175925,344.3530346,344.4725285,12504.46139,270.4526325,645.7300112,72.25703309,139.6550854,171.3690276,171.4059665,171.4269833,171.778235,3282.661976
h200_80b_fp8_8_20000_5000_lmcache,RedHatAI/Qwen3-Next-80B-A3B-Instruct-FP8-dynamic,32,338.7577279,100,0.09446278968,38.08282368,0,0,0,0.01190106081,0.01190106081,0.01190106081,0.01190106081,335.2460792,1.036421396,332.7012494,332.7012494,334.5379126,335.6272068,336.1041694,336.106586,336.1079016,475.7972956,278.9278825,124.9806881,124.9806881,146.1150646,549.6711731,721.549511,860.3851795,870.878458,11.93266984,0.06941593374,11.79605994,11.79605994,11.87560354,11.94851717,11.99649676,12.02873096,12.03470478,20706.16416,810794.0592,83.09371505,511.9478507,1432.490228,2094.897716,3213.175668,6204.182952,10051.38905,338.7577279,20000,5000,20008,2902.25,213238.659,235382.2307,47087.69023,47087.69023,60577.14158,117336.8043,190372.5221,709763.815,738345.7045,2623.038375,1929.376598,83.09371505,499.2832364,1430.173371,2092.114437,3206.136188,6159.753362,9756.353549
h200_80b_fp8_8_20000_5000_lmcache,RedHatAI/Qwen3-Next-80B-A3B-Instruct-FP8-dynamic,8,2051.988989,100,0.04873320497,1.192547494,0,0.02790737157,0.02811783867,0.02814859896,0.0281769344,0.05147196575,0.06247666512,154.2027688,118.8287235,32.7845211,32.7845211,39.71653152,42.35578918,284.3279269,284.7371581,284.9690275,117978.5222,122193.6805,99.36475754,99.36475754,339.9868011,614.3956184,251624.8167,252056.0172,252098.336,7.246238871,0.7509188876,6.530681403,6.530681403,6.541449396,6.568699318,7.869129778,8.414151741,8.448215264,1218.953808,95209.37141,0.581258875,0.7089547826,152.7214415,152.886925,153.0599908,1543.593794,14244.18925,2051.988989,20000,5000,20008,5000,991.0936979,13170.97468,558.4418937,558.4418937,562.5897343,563.2045989,563.7613615,1028.138648,1127.16232,243.7127734,362.343972,0.5798557185,0.7041078036,152.6598077,152.8703297,153.035914,883.2602186,1826.936442
h200_80b_fp8_8_20000_5000_lmcache,RedHatAI/Qwen3-Next-80B-A3B-Instruct-FP8-dynamic,16,336.3270106,100,0.2973296727,3.918678861,0,0,0.03995218963,0.04124058256,0.04203021487,0.05951876704,5.010822544,49.58514958,3.28132003,34.71278238,34.71278238,49.34499717,49.60582638,50.07024336,53.36262608,53.38864064,352.6814175,253.0635838,117.8710461,117.8710461,148.3235359,252.3846626,450.4618645,885.5068684,978.4505367,9.848376481,0.6537744856,6.911673005,6.911673005,9.823030175,9.836958895,9.872550796,10.64193862,10.65394535,7438.235057,404797.9149,102.0671387,317.7589709,780.390956,1165.597604,1806.374489,3628.429385,6010.672502,336.3270106,20000,5000,20008,5000,6632.69135,48428.93126,767.9936557,767.9936557,815.9006669,830.7790571,844.4549171,849.5860941,162394.8201,1487.171117,1153.940709,102.0671387,317.4439757,780.1801994,1165.173792,1805.210871,3618.899051,5955.852359
h200_80b_fp8_8_5000_2500_lmcache,RedHatAI/Qwen3-Next-80B-A3B-Instruct-FP8-dynamic,32,103.0774095,100,0.9701446755,7.58686945,0,0,0.06436781666,0.07730289439,0.07796838847,0.1073542987,36.87559565,27.71465546,3.093170688,18.90700436,18.90700436,26.04965043,26.59009433,31.57870984,31.80405927,31.82314301,297.7981925,216.7794495,72.76439667,72.76439667,162.5170708,214.6375179,303.2119274,799.3812561,883.1877708,10.97097687,1.266833706,7.536620891,7.536620891,10.15983719,10.55391496,12.57359967,12.66079848,12.686373,7295.95332,267553.0925,102.057487,295.0283578,1120.512427,1930.727749,3128.026252,6263.600576,10317.97781,103.0774095,5000,2500,5008,2500,5956.774522,33153.47347,322.4413244,322.4413244,322.6803235,389.2119183,403.5639233,403.7109376,185951.438,2429.393087,2043.136702,102.057487,294.8620009,1119.57373,1929.073288,3123.817216,6234.529432,10114.00809
h200_80b_fp8_8_5000_2500_lmcache,RedHatAI/Qwen3-Next-80B-A3B-Instruct-FP8-dynamic,8,935.0492318,100,0.1069462405,1.910053207,0,0,0.06195423955,0.06199807776,0.0620496126,0.1108833506,0.1300555992,70.28859193,53.779727,15.45547748,15.45547748,18.63598251,19.79344678,129.1618946,129.4197271,129.5011518,53338.97397,55217.05933,68.96448135,68.96448135,150.8922577,345.7717896,113711.9052,113972.5869,114042.2714,6.78243468,0.6414593439,6.145677837,6.145677837,6.182612968,6.196034723,7.3997858,7.800675526,7.826461273,803.0757256,32717.73321,1.867779893,2.952712801,161.6695841,161.7469408,162.1438642,1221.332762,14647.39321,935.0492318,5000,2500,5008,2500,544.6616769,6723.864287,306.7638977,306.7638977,310.1912449,310.4965118,310.711107,552.0779975,621.1849989,267.4066747,397.9523258,1.866266803,2.914802077,161.6633727,161.7435613,161.9219054,945.7293521,2014.25288
h200_80b_fp8_8_5000_2500_lmcache,RedHatAI/Qwen3-Next-80B-A3B-Instruct-FP8-dynamic,16,160.4269209,100,0.6233367782,6.565898523,0,0,0.0808695675,0.08214134526,0.09125884961,0.1170201051,0.1170201051,23.60610147,1.92308434,17.26920843,17.26920843,22.55668616,22.85422754,24.96196127,26.16197062,26.19286323,196.6536689,100.2634561,72.04556465,72.04556465,135.3259087,175.3320694,213.6371136,455.530405,535.6340408,9.36740034,0.7705547543,6.864392123,6.864392123,8.940830857,8.971844925,9.908879361,10.40181116,10.41081468,4686.284956,175843.5724,111.4570528,326.4377848,804.3336129,1227.173584,1914.147546,3795.888121,6336.783588,160.4269209,5000,2500,5008,2500,3500.676108,26719.5574,388.2937248,388.2937248,406.7196476,412.1810991,451.5480925,458.1166796,181649.7983,1560.430526,1207.838046,111.4570528,326.2991208,804.0285707,1226.533839,1912.028052,3779.858203,6228.738658
h200_80b_fp8_8_5000_2500_lmcache,RedHatAI/Qwen3-Next-80B-A3B-Instruct-FP8-dynamic,64,70.89467454,100,1.410543185,9.413546069,0,0,0.05759384954,0.05906065611,0.05907223068,0.05907223068,51.30396066,35.51721066,0.3974410631,34.712883,34.712883,35.2617352,35.52500129,35.80929184,36.13454294,36.16424632,723.5402489,482.6943722,107.8760624,107.8760624,285.8717442,597.6378918,1250.195265,1479.185581,1494.887352,13.92286227,0.1108111989,13.75916549,13.75916549,13.86969678,13.88271421,13.96965046,14.15908857,14.18657167,10615.71899,344141.6954,94.93922095,632.0516719,1721.615846,2696.646519,4391.200709,9046.533791,14724.56046,70.89467454,5000,2500,5008,2500,13884.50778,46615.32295,305.4126984,305.4126984,305.4126984,305.5156548,305.5156548,122395.0683,188355.9105,3534.802542,2801.828351,94.93922095,622.7017951,1719.529775,2693.182768,4383.978334,8992.776069,14396.32235
h200_80b_fp8_1_10000_5000_lmcache,RedHatAI/Qwen3-Next-80B-A3B-Instruct-FP8-dynamic,32,596.5835524,100,0.1676211146,3.318197787,0,0,0.0248352016,0.02978335,0.05068680109,0.05942049636,0.1025078798,179.049062,88.08807994,33.90595174,33.90595174,96.64239669,188.5130625,255.8942723,294.7027607,294.7499669,112776.8835,79204.72636,181.7145348,181.7145348,41607.49292,120120.2135,177112.8857,214813.6454,214876.7998,13.25701226,3.625662754,6.402093998,6.402093998,9.105349665,15.7363296,15.94447064,15.98251321,15.98845804,2523.702242,159461.482,1.21492189,1.304606867,274.1503484,458.1874588,1066.90656,3290.578102,12780.53205,596.5835524,10000,5000,10008,5000,1822.045285,22247.69151,252.5884196,252.5884196,256.7706169,339.0555533,512.5833477,594.5468665,596.7690202,840.7856617,1088.358171,1.207140203,1.280025,267.5359273,442.069319,1012.663027,2866.446567,5287.302223
h200_80b_fp8_1_10000_5000_lmcache,RedHatAI/Qwen3-Next-80B-A3B-Instruct-FP8-dynamic,8,1988.637716,100,0.05028568009,1.230530191,0,0,0.02981292304,0.02982618087,0.02984951391,0.0439408365,0.08652313023,149.7010777,108.2000605,33.97617173,33.97617173,46.37804317,47.03761339,268.2299984,268.347991,268.3775835,110900.0809,114740.2722,90.59524536,90.59524536,229.3744087,493.7005043,236228.8203,236352.9427,236388.2372,7.761476011,1.405456092,6.369446487,6.369446487,6.398609243,6.415789355,9.235424766,9.322692023,9.331630788,754.778127,52722.04451,1.218374676,1.294221694,156.1884125,156.3569853,156.4925455,1075.807167,12912.72379,1988.637716,10000,5000,10008,5000,511.5486253,9633.429118,289.7053935,289.7053935,298.3008253,298.5124541,298.7908185,440.4100186,881.0975603,251.4585977,340.0330545,1.21056329,1.28951989,156.1568633,156.3309953,156.4823822,836.0348384,1716.424413
h200_80b_fp8_1_10000_5000_lmcache,RedHatAI/Qwen3-Next-80B-A3B-Instruct-FP8-dynamic,16,431.1474957,100,0.229619796,3.238982009,0,0,0.03346427923,0.03350476106,0.05353713309,0.06710827452,0.06710827452,64.11375065,13.3114087,32.17047668,32.17047668,59.86938405,60.05681396,60.27073503,93.8155601,93.82368994,5391.145067,11943.40567,176.8062115,176.8062115,242.8824902,297.8520393,686.3117218,33864.77971,33931.84376,11.74680284,0.9318032105,6.399634934,6.399634934,11.9129804,11.92878518,11.9778458,12.0035373,12.00906442,3484.389181,181660.8628,1.257195447,156.2543182,582.9009724,922.791157,1452.004721,2957.107822,5279.714092,431.1474957,10000,5000,10008,5000,2544.438086,27954.65674,214.8866288,214.8866288,334.7564889,336.6964544,337.3762271,338.8359556,1191.855678,1160.843943,979.884394,1.257195447,156.2543182,580.2120597,919.5814742,1445.14481,2908.750551,4925.848119
h200_80b_fp8_1_10000_5000_lmcache,RedHatAI/Qwen3-Next-80B-A3B-Instruct-FP8-dynamic,64,558.1048071,100,0.1791778152,5.59650217,0,0,0.01777840533,0.0298322988,0.04208899411,0.05683295936,0.05948279474,306.5752228,164.3307775,45.79986358,45.79986358,113.7291934,363.5986073,475.2291446,476.2067082,476.4436634,220418.5414,146623.5506,224.1835594,224.1835594,51991.92595,269459.5535,364196.8806,364589.1914,364716.2209,17.23462741,6.406632758,6.396459947,6.396459947,9.299296573,22.03721241,22.21065918,22.32748462,22.35788273,2699.035224,215036.1619,1.160315398,1.3042805,156.3344385,418.8470305,1029.85657,4047.775967,12930.10781,558.1048071,10000,5000,10008,5000,1915.705419,55186.57679,182.3522667,182.3522667,275.0983549,298.6074072,423.0994603,855.2655243,855.2655243,899.1988352,1367.339157,1.157890087,1.291886714,156.3139328,403.5382733,960.8943872,3465.959834,6670.303179
h200_80b_fp8_1_1000_500_lmcache,RedHatAI/Qwen3-Next-80B-A3B-Instruct-FP8-dynamic,32,29.33788347,100,3.408562178,11.3894004,0,0,0.2347578137,0.3406757969,0.4989151701,10.19192675,56.40158677,8.172722108,1.418235417,4.278178453,4.278178453,7.846977711,8.033787966,8.772617102,10.55455327,10.94758248,734.47294,751.1096666,55.03559113,55.03559113,324.6583939,399.2400169,730.0384045,2500.683308,2829.98085,14.90435403,1.865131832,8.462856193,8.462856193,15.03730919,15.36597948,16.12659972,16.26716348,16.50859789,5182.390455,95296.68249,60.35633903,152.9791107,811.5913313,1311.486293,2151.730051,4502.397949,8123.337878,29.33788347,1000,500,1008,500,4052.16755,8876.058434,339.9939503,339.9939503,344.1547439,351.557309,10131.82461,13247.20409,33977.26013,1718.299222,1472.521024,60.35633903,151.0304661,810.0860249,1307.451372,2141.952723,4405.781513,7355.479982
h200_80b_fp8_1_1000_500_lmcache,RedHatAI/Qwen3-Next-80B-A3B-Instruct-FP8-dynamic,8,193.5985613,100,0.5165327642,2.972479027,0,0,0.3089528928,0.3090774265,0.3091760319,0.4696179016,9.735403756,14.58766881,10.3144991,3.356702566,3.356702566,4.743129253,5.098985434,25.88881683,25.8982923,25.90141153,10806.47378,10865.09518,74.82767105,74.82767105,331.3565254,675.3621101,22679.59452,22688.07793,22691.66017,7.57693758,1.197712402,6.259801154,6.259801154,6.428920673,6.442851198,8.732810049,9.068099196,9.21502142,779.9140846,15496.79953,58.30066413,155.208772,155.4959452,155.562817,155.6156061,899.6164608,2250.16309,193.5985613,1000,500,1008,500,529.8821181,2138.54692,303.8558669,303.8558669,311.4153175,311.5391872,311.6592957,484.8733968,10233.3773,258.5922031,346.1169048,57.88120998,155.208772,155.4943279,155.562817,155.6123896,851.7805528,1763.794786
h200_80b_fp8_1_1000_500_lmcache,RedHatAI/Qwen3-Next-80B-A3B-Instruct-FP8-dynamic,16,39.30815125,100,2.544001609,10.00668737,0,0,0.3912940857,0.3986483815,0.5737105852,10.13662915,35.37467107,5.861811857,0.5795389995,3.618016958,3.618016958,5.723277092,5.837127686,6.157931566,6.821070671,7.215782404,346.9258928,296.8623444,58.03871155,58.03871155,87.45312691,325.4103661,395.6129551,1065.083504,1384.791851,11.05027213,0.9022020722,7.127825865,7.127825865,10.85461739,11.23362027,11.53283654,11.85305611,12.03150787,3854.0138,64861.33933,83.25946162,269.9486882,669.4818835,995.0809279,1547.935721,3195.13087,5778.656936,39.30815125,1000,500,1008,500,2833.978038,8957.287585,397.8715261,397.8715261,401.3387423,408.0736457,411.4321668,10299.16428,35558.10288,1277.856035,1007.225133,83.25946162,262.0914767,667.8828025,992.969697,1542.278061,3128.664552,5207.479658
h200_80b_fp8_1_1000_500_lmcache,RedHatAI/Qwen3-Next-80B-A3B-Instruct-FP8-dynamic,64,22.68685293,100,4.407839214,15.8159524,0,0,0,0.1603937645,0.3273806258,16.15094688,81.74437731,12.57216665,3.167655756,6.943484306,6.943484306,9.154054403,13.49884534,15.7047503,16.12769556,16.13967991,2123.092794,1790.308474,202.7997971,202.7997971,599.9090672,1420.851231,3593.737125,5462.942123,5721.072197,20.93470974,3.761462144,13.50418599,13.50418599,17.33943838,22.75626072,24.20447776,24.26767063,24.29489287,6720.670627,103483.6489,40.88526686,83.74796132,1105.122155,1750.175352,2826.350404,5802.51925,10612.98864,22.68685293,1000,500,1008,500,6421.278484,9015.468517,287.9375092,287.9375092,291.8778225,9975.599151,10164.02524,15239.58977,20650.44451,2228.339067,1837.591695,40.88526686,83.05424596,1098.873118,1741.820598,2803.679144,5645.092867,9251.769686
h200_80b_fp8_1_20000_5000_lmcache,RedHatAI/Qwen3-Next-80B-A3B-Instruct-FP8-dynamic,32,3578.554955,100,0.02794424042,0.002815077881,0,0.02765005624,0.02792872892,0.02794785226,0.02797359226,0.02799650885,0.02801142332,957.4163816,316.5197948,36.47958589,36.47958589,858.2699869,1144.507547,1145.041701,1145.330686,1145.39229,924814.0154,316519.7695,3920.283794,3920.283794,825702.9648,1111915.154,1112401.717,1112705.208,1112776.556,6.520870927,0.009524344868,6.493107417,6.493107417,6.515707438,6.519783972,6.524655027,6.539206286,6.542518631,699.5960129,6373.459268,0.6104282426,0.6271115993,153.229843,153.3779822,153.4775682,154.0063226,12668.73829,3578.554955,20000,5000,20008,5000,564.8542953,55.95675859,557.9023039,557.9023039,558.8403848,559.2034543,559.6664184,560.075937,1118.802616,139.8744428,43.32500222,0.6053999377,0.6237796912,153.1875125,153.3528787,153.4619765,153.5895211,153.9627277
h200_80b_fp8_1_20000_5000_lmcache,RedHatAI/Qwen3-Next-80B-A3B-Instruct-FP8-dynamic,8,2114.416011,100,0.04729438269,0.7230009852,0,0,0.02797819508,0.02799872759,0.02801236451,0.04173994055,0.05809718955,159.1474582,115.5379235,34.73717237,34.73717237,48.82689261,49.84990215,285.8084903,285.9185889,285.9541223,118902.2686,122929.9473,209.2161179,209.2161179,310.3845119,885.7693672,253238.8163,253388.1049,253431.1678,8.050572232,1.589077366,6.497845122,6.497845122,6.5075786,6.531472062,9.707575489,9.796814815,9.823697976,1182.998153,82794.77895,0.6234968781,0.6260587283,153.5658533,153.6970947,153.8657597,1484.770676,12587.65038,2114.416011,20000,5000,20008,5000,961.2445845,10358.87324,543.6556546,543.6556546,559.6997773,560.177683,560.4756564,835.3290798,1120.49913,236.5239429,322.988531,0.6219872729,0.6238998501,153.5548947,153.6789173,153.7900588,791.0990301,1596.613628
h200_80b_fp8_1_20000_5000_lmcache,RedHatAI/Qwen3-Next-80B-A3B-Instruct-FP8-dynamic,16,3577.884915,100,0.02794947361,0.002814464491,0,0.02771658375,0.02793488104,0.02795370559,0.02797642557,0.02799967092,0.0280059684,529.5756326,118.2485903,36.40565467,36.40565467,572.1198819,572.300745,572.6099837,572.7741592,572.821327,496968.7634,118245.4038,3834.538221,3834.538221,539512.1121,539677.1886,540004.2465,540161.6914,540227.8354,6.522626162,0.00802561719,6.505785763,6.505785763,6.516335177,6.521704817,6.526640449,6.538775855,6.544592953,699.710394,6384.700372,0.6020944999,0.6305098371,153.2051787,153.3363772,153.4738205,153.7063361,12687.17587,3577.884915,20000,5000,20008,5000,564.9539367,55.97113596,557.4272381,557.4272381,558.8704148,559.3396422,559.7511729,560.2452413,1118.896384,139.8973117,43.22477256,0.5927151069,0.6254412366,153.1742669,153.3077944,153.4535035,153.5458897,153.5928413
h200_80b_fp8_1_20000_5000_lmcache,RedHatAI/Qwen3-Next-80B-A3B-Instruct-FP8-dynamic,64,3579.696954,100,0.02793532561,0.002815376724,0,0.02769305016,0.02792882004,0.02794204624,0.02795393084,0.02797126371,0.02800803453,1521.633566,727.4625139,36.43099308,36.43099308,894.4104483,1679.720118,2219.087354,2290.675584,2290.744455,1489025.926,727459.2042,3869.695187,3869.695187,861829.3667,1647138.479,2186469.067,2258080.523,2258118.982,6.522567698,0.007625410614,6.493323754,6.493323754,6.517790966,6.521465397,6.526138716,6.535534526,6.544231248,699.3627305,6373.932852,0.6024412466,0.6285761042,153.2141919,153.3260534,153.4311665,154.000918,12579.87093,3579.696954,20000,5000,20008,5000,564.6607251,55.96188665,557.7063911,557.7063911,558.8237802,559.0837395,559.2977713,559.5754246,1118.438851,139.8278012,43.32847083,0.5947333472,0.6259220078,153.1997955,153.30818,153.4181392,153.5264305,153.6325447
h200_80b_fp8_1_5000_2500_lmcache,RedHatAI/Qwen3-Next-80B-A3B-Instruct-FP8-dynamic,32,131.9606133,100,0.7578018739,30.34693447,0,0,0.05425785396,0.05629943469,0.1124581909,0.2753988129,9.757735364,35.85879046,3.110269534,22.22028184,22.22028184,36.20438814,36.23614359,37.15348864,37.32597065,37.33455586,464.7233725,285.6469222,60.79053879,60.79053879,136.1050606,524.1510868,647.97616,953.0687332,958.9838982,14.16312118,1.203262183,8.867277342,8.867277342,14.32466965,14.381666,14.55596744,14.68502039,14.68707724,5696.692944,362870.0935,112.7722015,258.015856,879.2134242,1454.712689,2378.228325,4934.980359,8307.438349,131.9606133,5000,2500,5008,2500,4567.824425,194428.573,277.9849992,277.9849992,285.2524185,555.9697408,570.9294551,857.8448424,90349.06934,1896.874315,1646.796927,112.7722015,258.015856,878.7618633,1454.042703,2376.506055,4923.378452,8234.838294
h200_80b_fp8_1_5000_2500_lmcache,RedHatAI/Qwen3-Next-80B-A3B-Instruct-FP8-dynamic,8,965.1863363,99,0.1025708677,3.140312862,0,0,0.06010597546,0.06014911569,0.0601847587,0.1807065065,0.2728721742,73.28848538,53.94246741,16.80407715,16.80407715,22.23474765,22.39280033,132.9843125,133.1127741,133.1449764,54385.01407,56810.28389,59.45253372,59.45253372,160.970211,315.4566288,117103.997,117219.5427,117248.4972,7.564293271,1.231825494,6.346189198,6.346189198,6.357179159,6.695209574,8.847582192,8.908850424,8.919898869,770.3145948,39133.22602,2.648193626,2.684480541,157.2238266,157.3438031,157.4935522,1109.915016,13363.09364,965.1863363,5000,2500,5008,2500,522.4289013,13125.4829,293.3353131,293.3353131,301.0161172,301.1991402,301.4106518,601.1042603,1368.3835,256.4979338,361.6706423,2.635609697,2.664729731,157.2166905,157.3386258,157.4781528,876.0220113,1784.900905
h200_80b_fp8_1_5000_2500_lmcache,RedHatAI/Qwen3-Next-80B-A3B-Instruct-FP8-dynamic,16,188.0552318,100,0.5317586702,12.46211577,0,0,0.07096790208,0.07186723872,0.1093311947,0.1412953904,0.1412953904,27.88249593,1.921305249,18.52677989,18.52677989,28.05070519,28.20470929,28.54026747,28.66487551,28.67776322,244.8006248,136.5147641,73.53281975,73.53281975,127.4425983,219.8219299,307.8069687,517.108202,552.9556274,11.05927409,0.7586946941,7.370289634,7.370289634,11.12917549,11.16795881,11.28692425,11.38387522,11.38834879,3998.994864,168653.9935,83.4413018,297.6291867,688.0457886,1025.842445,1606.185603,3314.340246,5715.91858,188.0552318,5000,2500,5008,2500,2957.610725,64000.10482,354.9918151,354.9918151,358.5018447,361.0521776,362.4169898,1084.286138,83329.00034,1331.577938,1083.678484,40.73088875,296.6739747,687.5976307,1025.009999,1603.638752,3297.457561,5604.810723
h200_80b_fp8_1_5000_2500_lmcache,RedHatAI/Qwen3-Next-80B-A3B-Instruct-FP8-dynamic,64,90.11109591,100,1.109741248,39.409003,0,0,0,0.04150573762,0.04889185902,0.0489333838,4.911679324,45.98545901,3.411116493,41.35973668,41.35973668,41.43774581,48.20671439,48.65501761,48.74206495,48.74706435,804.9686003,449.8461738,87.03494072,87.03494072,411.6518497,685.3842735,1248.842001,1473.856449,1514.794588,18.07918506,1.2475893,16.32150749,16.32150749,16.4965281,18.87986297,19.06705418,19.15942759,19.17829949,8357.008978,408386.6023,52.17631565,478.4608687,1356.141796,2107.150636,3423.647631,7103.758597,11887.91404,90.11109591,5000,2500,5008,2500,10209.32926,367263.7164,215.1250517,215.1250517,215.1250517,215.3923695,215.3923695,27763.81403,246382.2745,2782.701444,2261.166243,52.17631565,475.9460702,1355.205474,2105.78496,3419.581913,7077.770879,11702.94995
h200_80b_fp8_2_10000_5000_lmcache,RedHatAI/Qwen3-Next-80B-A3B-Instruct-FP8-dynamic,32,220.5213339,100,0.4534708648,11.49320449,0,0,0.0327548236,0.03331695699,0.03377932393,0.1049801157,0.1049801157,59.53210462,4.782022614,38.67460179,38.67460179,60.08313012,60.71709943,61.03918481,61.15254974,61.15578699,716.7802858,407.7256413,76.34735107,76.34735107,380.9776306,679.8315048,1043.12396,1359.754324,1550.24457,11.76530868,0.9269459551,7.720287573,7.720287573,11.92008664,11.96317035,12.00426944,12.11863128,12.1392516,6813.792714,414006.3131,82.25125607,322.5619246,1052.836893,1773.016615,2890.15536,5826.587773,9522.509309,220.5213339,10000,5000,10008,5000,5509.029106,38872.18451,334.5337366,334.5337366,335.9968414,340.453579,341.5963617,342.3564331,189555.9408,2270.053543,1895.396568,82.25125607,322.1724082,1052.267884,1772.155847,2888.149126,5813.231724,9432.417706
h200_80b_fp8_2_10000_5000_lmcache,RedHatAI/Qwen3-Next-80B-A3B-Instruct-FP8-dynamic,8,1912.363064,100,0.05229132578,1.511474512,0,0,0.03040808991,0.03043198651,0.03045800251,0.05175229912,0.06173373623,143.7772995,108.8575515,32.62142038,32.62142038,39.22206497,40.00203824,262.891011,263.1418717,263.2304544,108761.6745,112603.1162,63.64297867,63.64297867,103.281498,558.1970215,231776.2747,232016.8557,232107.5907,7.004455357,0.8013566203,6.215335512,6.215335512,6.223510947,6.242907651,7.817956728,7.917857976,7.951565088,784.9154402,59025.25603,1.125905437,1.143482161,160.5456026,160.7019432,160.8602768,1268.928983,11408.39035,1912.363064,10000,5000,10008,5000,532.0688944,7171.292885,297.7676646,297.7676646,304.3112332,304.562278,304.801294,514.7311809,583.4441698,261.4990139,383.1287674,1.125899695,1.133361039,160.5133575,160.6958121,160.8418005,919.0323348,1915.521199
h200_80b_fp8_2_10000_5000_lmcache,RedHatAI/Qwen3-Next-80B-A3B-Instruct-FP8-dynamic,16,320.9516873,100,0.3115733813,7.859589703,0,0,0.04194461963,0.04236438003,0.04291613109,0.1276977519,4.389551239,47.29341402,2.648682816,34.34927607,34.34927607,47.71489024,47.82348847,47.98826194,48.31513906,48.31542945,464.7950339,264.8335038,71.32101059,71.32101059,273.5786438,487.8928661,679.1343689,920.4359055,1020.605803,9.367512592,0.5140873313,6.852989031,6.852989031,9.430558807,9.480823157,9.518274619,9.537017591,9.557295571,4681.5965,264048.0033,52.62995481,322.3460007,811.9975999,1223.54259,1900.732804,3814.468685,6307.864536,320.9516873,10000,5000,10008,5000,3495.435396,27476.41868,420.801828,420.801828,426.2052882,429.5779031,431.9993361,1305.439763,104548.6445,1559.700327,1212.120323,44.25351607,321.9565604,811.7755884,1223.034009,1899.594203,3805.627245,6245.113684
h200_80b_fp8_2_10000_5000_lmcache,RedHatAI/Qwen3-Next-80B-A3B-Instruct-FP8-dynamic,64,150.921973,100,0.662594281,13.05775713,0,0,0,0.0245841277,0.02916975851,0.02918088419,0.02918088419,76.67738625,5.579845318,68.98233962,68.98233962,69.36209249,80.11371946,81.35330176,81.48985767,81.515203,855.3541946,309.7644041,100.8012295,100.8012295,654.0400982,848.5050201,1142.048836,1266.132832,1304.715633,15.16733309,1.11211973,13.5716482,13.5716482,13.74805534,15.87908629,16.03788914,16.179655,16.19862423,9961.484272,506248.1935,61.65843352,678.36916,1688.51567,2577.384969,4102.91528,8163.090506,13289.94737,150.921973,10000,5000,10008,5000,12084.67828,150495.0833,255.2333182,255.2333182,255.2333182,255.3790143,255.3790143,121413.5045,279441.567,3318.724771,2534.132208,61.65843352,674.4317709,1687.649123,2576.169579,4099.574315,8144.03039,13155.34499
h200_80b_fp8_2_1000_500_lmcache,RedHatAI/Qwen3-Next-80B-A3B-Instruct-FP8-dynamic,32,27.05333328,100,3.696402176,12.35813736,0,0,0.2559691131,0.398530466,0.5662952126,9.032090237,61.09425662,7.602918069,1.396811223,3.756769657,3.756769657,7.180226326,7.667718172,8.022457361,9.918903351,10.36257124,807.9858303,789.9191019,47.99604416,47.99604416,443.7670708,447.2641945,789.9551392,2672.170162,3117.046356,13.60987932,1.875980472,7.432111518,7.432111518,13.49463874,14.423077,14.5194583,15.18031925,15.25679046,5588.328127,97699.66413,64.51638416,134.555892,898.0878007,1449.685867,2325.002217,4818.785807,8811.563025,27.05333328,1000,500,1008,500,4330.605424,5480.705493,423.9606381,423.9606381,425.273951,429.5977601,9037.805783,13226.64825,18312.72332,1852.893941,1563.233703,64.51638416,131.4748889,895.6446722,1444.235841,2312.565891,4712.74357,7909.70412
h200_80b_fp8_2_1000_500_lmcache,RedHatAI/Qwen3-Next-80B-A3B-Instruct-FP8-dynamic,8,189.2741518,100,0.52833416,3.607089832,0,0,0.314355973,0.3145412672,0.3147534921,0.6264043606,0.9469592259,14.25163944,10.22142075,3.248276711,3.248276711,4.305593491,5.668025732,25.42937827,25.51629305,25.52519798,10740.44632,10660.69714,46.71883583,46.71883583,369.6722984,1759.989738,22377.06995,22460.84285,22472.26143,7.034563445,0.992452485,6.105248579,6.105248579,6.117456662,6.124737745,7.847816528,8.472020258,8.535282884,798.2626371,15366.35913,12.64390157,15.10852239,163.4314214,163.4780918,163.5918921,1139.30324,15077.64153,189.2741518,1000,500,1008,500,542.3512846,1337.92553,310.2527156,310.2527156,316.8627463,317.0551959,317.2870205,603.6396682,8946.163436,264.6759407,370.4357708,12.51776953,14.81384786,163.4268273,163.4740313,163.579183,891.6485377,1872.457143
h200_80b_fp8_2_1000_500_lmcache,RedHatAI/Qwen3-Next-80B-A3B-Instruct-FP8-dynamic,16,36.62724948,100,2.730207739,10.61196171,0,0,0.441279099,0.444104114,0.4544650173,9.000208144,39.32663873,5.462491004,0.4801295504,3.505658627,3.505658627,5.491527081,5.500341654,5.508416891,6.129077435,6.462207556,447.778132,305.0570738,48.26283455,48.26283455,289.5383835,446.4964867,450.5991936,1180.572271,1517.363548,10.04896401,0.7829979755,6.603700126,6.603700126,10.08057164,10.12201109,10.2900054,10.89671045,10.92526096,4136.698579,76371.37987,92.09951472,259.0345472,695.5728027,1051.731194,1656.533901,3500.163382,6295.03648,36.62724948,1000,500,1008,500,3039.903748,4767.067104,487.9197089,487.9197089,488.2730771,489.2703439,8729.491166,12646.67231,18135.19681,1371.58441,1136.020498,92.09951472,248.5816067,694.8200157,1050.222893,1650.001574,3443.599343,5812.221452
h200_80b_fp8_2_1000_500_lmcache,RedHatAI/Qwen3-Next-80B-A3B-Instruct-FP8-dynamic,64,21.03150535,100,4.754771394,17.27679655,0,0,0,0.1704762058,0.409955348,16.24037419,101.8034951,11.87524478,3.443365872,5.563402414,5.563402414,8.268770218,12.7838738,15.23723912,15.75737214,15.77493715,2273.185675,1982.493161,146.6038227,146.6038227,556.2844276,1408.410072,3854.542732,5957.258463,6379.67968,19.24162116,4.103662286,10.81455447,10.81455447,15.45558807,21.26483497,22.80212691,22.81037935,23.1348398,7220.576598,110632.9237,49.61169109,135.6197459,1155.648322,1885.46594,3063.772096,6347.616879,12206.42468,21.03150535,1000,500,1008,500,6508.140069,5139.067605,365.630296,365.630296,370.3401587,8979.166345,9050.090615,13093.92584,18197.09488,2394.090384,1986.423266,49.61169109,114.4327613,1144.421282,1870.786798,3028.324447,6113.645699,9947.321286
h200_80b_fp8_2_20000_5000_lmcache,RedHatAI/Qwen3-Next-80B-A3B-Instruct-FP8-dynamic,32,240.5826788,100,0.4156575216,6.438731586,0,0,0.02994374952,0.03013618528,0.05180893203,0.06233723353,3.456121399,65.39028504,6.059790973,39.16969204,39.16969204,65.96722412,66.40106606,68.40221858,68.53746223,68.54236436,1381.683977,818.3650802,102.5042534,102.5042534,622.1268177,1442.698717,1868.895769,2835.840702,3123.151541,12.8041181,1.145709361,7.812794267,7.812794267,12.87226568,13.06241077,13.1816999,13.37162813,13.42828757,10418.59651,645382.5241,75.96979871,296.8799698,987.8822087,1622.821349,2634.469398,5323.140854,8732.194254,240.5826788,20000,5000,20008,5000,9955.409044,44639.9373,627.155141,627.155141,629.8092117,633.174486,633.4790329,42812.27381,194442.0528,2083.052724,1730.791457,75.96979871,296.355577,987.2752707,1621.971716,2631.969986,5308.721313,8641.922294
h200_80b_fp8_2_20000_5000_lmcache,RedHatAI/Qwen3-Next-80B-A3B-Instruct-FP8-dynamic,8,2030.647371,100,0.04924537929,1.245998035,0,0,0.02851810597,0.02853549616,0.02855735577,0.05080056936,0.09885080831,152.6389509,116.6061874,32.98065758,32.98065758,40.98424244,41.31928778,280.3188138,280.6048844,280.6568236,116814.5935,120775.9781,99.36594963,99.36594963,447.6613998,977.4272442,248829.7637,249088.5062,249166.7836,7.16621488,0.8942596601,6.286751106,6.286751106,6.297059049,6.314812529,8.113861322,8.175858976,8.18342842,1231.764837,100797.3708,0.551413569,0.5591987554,158.7088395,158.8538584,158.9919617,2255.595272,11264.09071,2030.647371,20000,5000,20008,5000,1001.014283,8649.509024,559.5671638,559.5671638,570.6407809,570.9867265,571.3177007,1008.985037,1142.76061,246.2741597,372.8895897,0.550573479,0.5563281185,158.6891883,158.8273975,158.9396409,872.6622797,1839.466609
h200_80b_fp8_2_20000_5000_lmcache,RedHatAI/Qwen3-Next-80B-A3B-Instruct-FP8-dynamic,16,338.9315488,100,0.2950448264,5.685651839,0,0,0.03948852788,0.04063307753,0.04112948561,0.07929876687,3.331962196,50.01392481,3.10983508,34.67989731,34.67989731,50.19035745,50.20550084,51.09793901,51.5386591,51.55652952,776.0031676,424.4906785,99.11441803,99.11441803,476.9175053,796.4162827,1118.630171,1419.489145,1511.824846,9.849472162,0.5929069413,6.91589424,6.91589424,9.894831702,9.964946557,10.03008591,10.12996889,10.16928082,7390.671655,405321.7751,98.1705681,307.9436266,772.3501574,1158.671844,1798.519273,3603.926856,6015.97896,338.9315488,20000,5000,20008,5000,6585.913113,37063.79913,796.9019299,796.9019299,817.5130373,832.6806598,840.0893088,1629.211391,189762.5345,1477.661479,1153.961968,98.1705681,307.6213814,772.0628888,1158.223302,1797.065137,3594.576982,5952.737046
h200_80b_fp8_2_20000_5000_lmcache,RedHatAI/Qwen3-Next-80B-A3B-Instruct-FP8-dynamic,64,172.0032697,100,0.5813842969,5.64511801,0,0,0,0.02158093252,0.02672049554,0.02673725607,13.61380367,87.08249729,6.948357155,75.92905664,75.92905664,78.7755692,91.28757644,92.75837278,92.9021256,92.99311566,967.5891495,466.5858402,104.8748493,104.8748493,616.8820858,1057.305098,1399.308205,1553.174734,1590.549707,17.22621708,1.350964158,15.16521113,15.16521113,15.54669631,18.13766384,18.27322786,18.34990316,18.40600101,14585.99263,868134.7742,54.27663973,544.7926624,1492.876972,2269.834212,3594.230686,7176.495263,11811.39796,172.0032697,20000,5000,20008,5000,20919.83855,67207.19509,462.9301825,462.9301825,462.9301825,463.4839059,463.4839059,185421.286,347501.9439,2916.265322,2234.012593,54.27663973,537.2311438,1491.775526,2268.224888,3590.621357,7152.236993,11657.67451
h200_80b_fp8_2_5000_2500_lmcache,RedHatAI/Qwen3-Next-80B-A3B-Instruct-FP8-dynamic,32,104.2713907,100,0.9590358329,25.62399442,0,0,0.07030227923,0.07143925564,0.1052173618,0.2878006599,0.2878006599,27.83340638,2.169695674,19.24733806,19.24733806,28.27321243,28.40935755,28.52131248,28.55464387,28.56107879,430.940249,221.9260195,69.62299347,69.62299347,274.3706703,412.5471115,622.6592064,806.3395023,836.3807201,10.96526017,0.8369975008,7.661047341,7.661047341,11.10356538,11.14425863,11.2584804,11.31631814,11.35821465,7211.300643,356247.5031,88.36668687,337.9205546,1102.22373,1851.380642,3044.459518,6223.695682,10285.06621,104.2713907,5000,2500,5008,2500,5893.888743,163868.571,359.2850496,359.2850496,360.9524304,363.3401365,367.2502804,369.0362068,181500.6864,2401.205595,2038.31209,88.36668687,337.6887068,1101.764578,1850.455677,3042.01907,6205.359431,10131.25722
h200_80b_fp8_2_5000_2500_lmcache,RedHatAI/Qwen3-Next-80B-A3B-Instruct-FP8-dynamic,8,947.782671,100,0.1055094201,2.480361562,0,0,0.0612673013,0.06130354394,0.06131911511,0.1200435571,0.3115484512,71.25114336,53.62316968,15.49225712,15.49225712,19.36202264,31.57918525,130.5181763,130.5681784,130.5818141,54059.16641,55359.86797,56.13160133,56.13160133,146.1439133,16202.91114,115122.3483,115170.5377,115202.5697,6.87942648,0.7404815966,6.152261205,6.152261205,6.159266647,6.176695818,7.661910189,7.713863305,7.723509478,792.2756536,51808.78033,2.090550466,2.167063852,162.2682093,162.365864,162.4700327,1332.50247,10839.30887,947.782671,5000,2500,5008,2500,537.211895,6334.025103,283.9455028,283.9455028,306.8360841,306.9600483,307.0851633,601.4615401,1599.91504,263.8104867,410.5839407,2.090550466,2.133722944,162.2619795,162.3609269,162.4600354,913.633215,2074.006781
h200_80b_fp8_2_5000_2500_lmcache,RedHatAI/Qwen3-Next-80B-A3B-Instruct-FP8-dynamic,16,154.1518543,100,0.6487110402,26.28493483,0,0,0.08837654343,0.08883804406,0.1212076516,0.1780972634,11.19968385,22.64097423,1.17410258,16.86641884,16.86641884,22.79081678,22.81440639,23.01462722,23.06672096,23.07117534,223.8771582,140.6140559,60.83464622,60.83464622,91.99213982,163.482666,363.8601303,451.595068,476.4139652,8.970297939,0.4596788956,6.720056339,6.720056339,8.997526489,9.038684176,9.145743754,9.160976116,9.163253734,4876.694564,240194.483,109.5127874,314.1067681,838.8634854,1272.315075,1979.636156,4004.347064,6766.454984,154.1518543,5000,2500,5008,2500,3651.121538,115137.5127,444.7446566,444.7446566,447.1023767,452.7511292,1333.58019,1355.14782,102988.7692,1623.832766,1299.646701,43.88632654,313.3780321,838.0408681,1271.230896,1976.816928,3985.795384,6632.689523
h200_80b_fp8_2_5000_2500_lmcache,RedHatAI/Qwen3-Next-80B-A3B-Instruct-FP8-dynamic,64,68.88221002,100,1.451754974,55.91437451,0,0,0,0.05424466035,0.0648169371,0.06487038826,17.60138317,35.24123209,2.67737261,31.46715379,31.46715379,31.84120727,36.89819074,37.39359713,37.49073458,37.53432083,688.1137013,419.5153234,100.3291607,100.3291607,318.8028336,464.0095234,1125.716686,1358.631611,1387.320757,13.82646889,0.9579079513,12.41572717,12.41572717,12.59730987,14.44750674,14.59210508,14.63340349,14.63839396,10927.77826,480437.4084,68.13325443,687.4425432,1825.439781,2808.928081,4487.508937,9091.330901,14983.81815,68.88221002,5000,2500,5008,2500,13291.3125,372571.4297,284.021926,284.021926,284.021926,284.3968157,284.3968157,87005.63508,260121.5394,3638.711461,2846.77035,68.13325443,683.0679962,1824.047747,2807.054213,4482.242101,9055.62544,14781.51513
h200_80b_fp8_4_10000_5000_lmcache,RedHatAI/Qwen3-Next-80B-A3B-Instruct-FP8-dynamic,32,197.9164045,100,0.5052638272,5.659269678,0,0,0.03607519459,0.03696086931,0.03707732515,0.06190193747,8.123175129,54.18601137,4.406612156,32.7253387,32.7253387,54.62234402,54.98332143,55.4748106,55.98548603,56.02759552,320.44487,256.717539,76.91884041,76.91884041,154.8418999,211.8237019,372.0800877,921.3318825,990.8008575,10.77518901,0.87062732,6.511097599,6.511097599,10.89563692,10.95939856,11.00977308,11.03257041,11.03776201,7593.38585,389893.1011,117.093914,341.9661418,1201.120943,2001.099237,3229.91447,6440.13434,10538.45757,197.9164045,10000,5000,10008,5000,6061.901354,45401.80796,368.4315801,368.4315801,368.4827516,370.2399823,371.8985871,372.0681869,302686.7207,2529.779401,2076.533854,117.093914,341.7245482,1200.567304,2000.33846,3228.102406,6425.892244,10453.46273
h200_80b_fp8_4_10000_5000_lmcache,RedHatAI/Qwen3-Next-80B-A3B-Instruct-FP8-dynamic,8,1763.641184,100,0.05670087596,1.406287826,0,0,0.03311428644,0.03313535616,0.03315907581,0.05442065304,0.06615432275,132.633858,99.45546509,31.00655341,31.00655341,37.29020882,37.44850993,241.4765344,241.5853395,241.6022995,99507.41602,103003.7236,72.67856598,72.67856598,164.2682552,418.6747074,212030.1831,212136.4717,212186.9364,6.62652349,0.7576551575,5.878062123,5.878062123,5.887038566,5.90742066,7.422056978,7.448354896,7.452105016,851.0719127,49248.72264,2.597322515,2.710030527,169.7523547,169.8942772,170.0114547,1127.101541,26223.60276,1763.641184,10000,5000,10008,5000,577.1821077,8114.946452,323.8021464,323.8021464,331.4186401,331.6103818,331.8449885,543.4143119,631.6822321,283.5394165,402.3361489,2.588670665,2.65547489,169.7425398,169.8941574,170.0107517,993.909864,2018.220726
h200_80b_fp8_4_10000_5000_lmcache,RedHatAI/Qwen3-Next-80B-A3B-Instruct-FP8-dynamic,16,296.8145542,100,0.3369107026,4.938831323,0,0,0.04550492282,0.04586836475,0.0461288229,0.06187728143,0.06187728143,43.59048625,2.26108146,32.5505271,32.5505271,43.76646805,43.96853256,44.30928659,44.44894409,44.46962237,240.9891558,160.6522717,67.15345383,67.15345383,119.2543507,188.7807846,341.0625458,570.9688663,676.6550541,8.671563126,0.4439807381,6.494198687,6.494198687,8.727164287,8.76172134,8.793392809,8.804130755,8.807867664,5062.180414,249532.3434,113.5714243,351.7557349,886.4328999,1329.087931,2062.68263,4087.895485,6692.51624,296.8145542,10000,5000,10008,5000,3790.7865,34442.33066,456.6053676,456.6053676,458.3946607,460.3616522,462.6284009,462.9713573,131707.8047,1686.494008,1286.939593,113.5714243,351.5792836,886.0779233,1328.63289,2061.296745,4077.369557,6629.187859
h200_80b_fp8_4_10000_5000_lmcache,RedHatAI/Qwen3-Next-80B-A3B-Instruct-FP8-dynamic,64,309.4353917,100,0.2068283129,60.29176144,0,0,0,0.01292889508,0.01292889508,0.01292889508,0.01292889508,308.6739229,0.7775981628,306.984643,306.984643,308.0268588,308.9815965,309.3839025,309.3867686,309.3880267,512.2397803,273.7238991,84.08308029,84.08308029,289.6106243,462.2321129,779.1371346,900.5687237,924.0546227,13.74245266,0.5323239376,12.49998751,12.49998751,13.31265597,13.83960975,14.19377205,14.45584818,14.52022369,76825.7989,1303768.811,71.7824396,197.5835689,2137.239476,3381.410819,5415.789287,10736.48788,21779.99642,309.4353917,10000,5000,10008,572.234375,281393.5031,142404.9816,94474.85327,94474.85327,165312.2972,257461.9384,360812.7492,538534.2985,722700.1779,4155.140752,3239.989199,71.7824396,193.9152889,2108.60076,3343.745757,5321.414971,10171.42452,15444.50767
h200_80b_fp8_4_1000_500_lmcache,RedHatAI/Qwen3-Next-80B-A3B-Instruct-FP8-dynamic,32,18.59699297,100,5.377213411,19.50085111,0,0,0.4029437548,0.4553340845,0.603790099,36.56983425,81.21570754,4.975819366,0.3682530111,3.554967165,3.554967165,4.967007637,4.996755838,5.044681549,5.459361553,5.541678667,203.3821154,167.7305986,50.75788498,50.75788498,110.2042198,137.9172802,192.5666332,615.2369976,697.6234913,9.562928514,0.5946290034,6.93152615,6.93152615,9.706676842,9.730791042,9.734821702,9.835968992,9.917825401,8131.389398,137421.2064,101.9618825,334.8946646,1177.364055,2078.512037,3474.982601,7263.860825,12965.39104,18.59699297,1000,500,1008,500,6681.432736,16452.90183,460.6083777,460.6083777,463.8480371,468.0865063,469.3351616,36808.79707,72593.72308,2696.084018,2328.745328,101.9618825,332.0485343,1171.593296,2072.645767,3460.353889,7127.854605,11753.0456
h200_80b_fp8_4_1000_500_lmcache,RedHatAI/Qwen3-Next-80B-A3B-Instruct-FP8-dynamic,8,174.0732648,100,0.5744707557,4.281279761,0,0,0.3372269476,0.3373295761,0.3373850388,0.5692027193,0.6746532921,13.09516539,9.70805671,3.093624353,3.093624353,3.60894537,4.766372681,23.71618009,23.72409821,23.725986,9885.716009,10014.54754,45.44448853,45.44448853,109.1530323,1255.737782,20826.37405,20834.6355,20835.57701,6.430956801,0.6908905611,5.764694157,5.764694157,5.790239346,5.795801331,7.038722774,7.186570483,7.274735189,866.6649424,18574.14015,21.61996514,25.02667608,172.6602086,172.7156345,172.782863,1171.895057,24574.66806,174.0732648,1000,500,1008,500,589.0930381,3118.669845,332.1718791,332.1718791,339.9259657,340.0100826,340.1178524,580.9365142,2048.31354,287.3557501,420.8866537,21.41065248,24.59180215,172.6594394,172.7117151,172.7806379,997.6936251,2142.037721
h200_80b_fp8_4_1000_500_lmcache,RedHatAI/Qwen3-Next-80B-A3B-Instruct-FP8-dynamic,16,28.05963421,100,3.563838333,15.82069992,0,0,0.5139986466,0.5165435911,0.518948089,35.29311186,74.08794877,4.10945888,0.1830151038,3.266607761,3.266607761,4.114748001,4.130028486,4.140308142,4.297236919,4.376179218,126.7202401,65.40075374,46.72408104,46.72408104,108.7510586,110.9685898,114.3586636,281.3510895,363.471508,7.979872079,0.3293230099,6.304068174,6.304068174,8.02022374,8.047107704,8.07472078,8.149974093,8.174167129,5390.552129,87575.04642,122.7291393,350.6750415,955.5156675,1447.075711,2190.775837,4310.319843,7573.301838,28.05963421,1000,500,1008,500,4059.74578,13051.1045,523.7838321,523.7838321,525.4553528,528.9675656,529.2054633,36079.41861,72599.33257,1787.318345,1349.968489,122.7291393,349.7001834,954.1182894,1444.817086,2181.959838,4236.619251,6972.156435
h200_80b_fp8_4_1000_500_lmcache,RedHatAI/Qwen3-Next-80B-A3B-Instruct-FP8-dynamic,64,12.10826731,100,8.258819983,27.18608869,0,0,0,0.3157318675,0.4612829732,62.68669387,129.1508807,6.370642436,0.8894623679,4.855508089,4.855508089,5.377828836,6.601679802,7.188913345,7.436187267,7.449559212,546.0746503,425.3871429,66.02120399,66.02120399,191.6558743,336.7505074,895.2126503,1355.439186,1396.579981,11.67193057,1.152223465,9.505788883,9.505788883,10.3922865,12.4707781,12.60632169,12.62502441,12.63100781,12523.09033,170320.5861,87.56375783,339.5653178,2126.929006,3296.619355,5235.326023,10713.7069,18269.63448,12.10826731,1000,500,1008,500,13811.3078,21060.95467,408.6996817,408.6996817,408.6996817,408.985289,34121.22343,68801.60182,74048.24212,4152.218278,3143.606292,87.56375783,326.6001619,2114.047433,3275.963192,5184.062835,10343.53637,15931.85157
h200_80b_fp8_4_20000_5000_lmcache,RedHatAI/Qwen3-Next-80B-A3B-Instruct-FP8-dynamic,32,305.0783348,100,0.104891093,44.62319387,0,0,0,0.01322640089,0.01322640089,0.01322640089,0.01322640089,301.5254905,1.068847796,299.1878138,299.1878138,300.4594185,301.9423771,302.4242523,302.4270844,302.4273689,418.4924811,311.1082594,0,0,100.3293991,449.2843151,691.5781498,815.3460026,818.1595802,0.9196351294,3.950300899,0,0,0,0,0,15.48669073,19.02589687,2243.193185,325625.0381,0.03340371628,0.03340371628,0.03340371628,166.5965291,166.5965291,166.5965291,166.5965291,305.0783348,20000,5000,20006.25,1154.09375,2120.848517,222116.9927,133.0244195,133.0244195,133.0244195,133.1900455,133.1900455,133.1900455,133.1900455,122.3446682,54744.22998,0.03340371628,0.03340371628,0.03340371628,33.31930582,33.31930582,33.31930582,33.31930582
h200_80b_fp8_4_20000_5000_lmcache,RedHatAI/Qwen3-Next-80B-A3B-Instruct-FP8-dynamic,8,1835.012438,100,0.05449554342,1.538949267,0,0,0.03178049125,0.03180004248,0.0318371511,0.06324800347,0.1305794462,137.991426,103.7502316,31.567662,31.567662,38.55116677,38.89003921,251.568996,251.7636256,251.8479707,104039.7109,107622.9492,93.86825562,93.86825562,313.9002323,521.4142799,221616.9307,221835.561,221915.7267,6.791631971,0.8269758946,5.974853103,5.974853103,5.985996489,6.000807534,7.647963804,7.678237384,7.688313585,1363.10897,117948.3496,1.204492961,1.320540572,166.9605746,167.0935443,167.3060872,1275.723959,26198.9005,1835.012438,20000,5000,20008,5000,1108.671293,16816.4998,621.297657,621.297657,635.8862228,636.2805958,636.9432362,1204.628475,2151.684259,272.5345829,396.2276824,1.20220658,1.303886413,166.931735,167.0826844,167.263054,949.1217488,2002.609083
h200_80b_fp8_4_20000_5000_lmcache,RedHatAI/Qwen3-Next-80B-A3B-Instruct-FP8-dynamic,16,313.1584282,100,0.3193271871,6.190786237,0,0,0.04358805041,0.04391835681,0.04479414907,0.06305069149,3.716496362,46.11419763,2.564147328,33.4353075,33.4353075,46.32758474,46.67773628,46.95410347,47.07507682,47.0902338,427.4665928,224.1460005,93.37759018,93.37759018,135.6024742,444.382906,644.1376209,718.6141014,735.8307838,9.139085295,0.4977711813,6.669665079,6.669665079,9.20358451,9.224367561,9.265459163,9.309613006,9.316317676,8000.148218,505856.7739,141.1775989,314.5365078,834.0499717,1255.79348,1955.280018,3889.839803,6396.640257,313.1584282,20000,5000,20008,5000,7164.840501,73339.78425,870.0814696,870.0814696,878.0728439,890.4999711,902.0741414,911.8782772,101794.9251,1599.517798,1234.351438,141.1775989,314.0669882,833.7094131,1255.299299,1954.107719,3880.316803,6339.362433
h200_80b_fp8_4_5000_2500_lmcache,RedHatAI/Qwen3-Next-80B-A3B-Instruct-FP8-dynamic,32,93.8899157,100,1.065077109,13.14457662,0,0,0.0785450805,0.158085848,0.160787968,0.2298392779,0.2298392779,25.06368251,1.731624456,17.58163333,17.58163333,25.172539,25.44164085,25.73137403,25.77576542,25.78090429,251.1577916,136.4620682,101.6750336,101.6750336,165.3952599,206.1486244,268.8577175,545.6016064,599.8511314,9.928836857,0.6809442651,6.981034525,6.981034525,10.00485815,10.02037768,10.19987863,10.25248728,10.26716515,8012.314005,328528.4524,198.9612221,352.5761968,1252.816108,2101.374931,3413.962734,6812.815654,11306.76661,93.8899157,5000,2500,5008,2500,6566.993994,66474.78386,394.7901202,394.7901202,395.3570106,404.4044179,807.1261099,807.4577709,330247.6956,2667.925548,2213.380339,198.9612221,352.5761968,1251.829775,2099.64107,3409.8392,6790.39876,11132.31878
h200_80b_fp8_4_5000_2500_lmcache,RedHatAI/Qwen3-Next-80B-A3B-Instruct-FP8-dynamic,8,871.8612084,100,0.1146971548,2.856168962,0,0,0.06684767143,0.06689658241,0.06694770534,0.1302609829,0.2219594193,65.56132147,49.4242807,15.41534495,15.41534495,18.07856917,18.4301343,119.6000769,119.7569914,119.8326588,49347.46933,50996.79684,55.22727966,55.22727966,116.3842678,561.1088276,105015.3594,105187.9416,105254.5807,6.487950644,0.6703281849,5.823678902,5.823678902,5.832653515,5.847724737,7.165623932,7.253718309,7.289500845,861.3382384,36564.65825,4.868588009,5.405363808,171.3057612,171.4746679,171.569763,1157.649362,25138.64275,871.8612084,5000,2500,5008,2500,584.3151311,7238.083513,326.5477622,326.5477622,334.7923849,335.0411749,335.2244966,636.4458744,1121.428998,286.8068189,416.3149168,4.845438929,5.305721752,171.3054196,171.4739891,171.5678702,1003.701333,2112.597939
h200_80b_fp8_4_5000_2500_lmcache,RedHatAI/Qwen3-Next-80B-A3B-Instruct-FP8-dynamic,16,142.1714039,100,0.7033763279,14.94606953,0,0,0.09553346677,0.09659907686,0.09730551918,0.1946788347,14.01357153,20.82878823,0.9623209761,16.15897441,16.15897441,20.89222383,21.03587365,21.14632916,21.23428226,21.24181294,162.2157526,93.8639681,51.65672302,51.65672302,80.15584946,136.0259056,214.6458626,359.3425751,390.5692101,8.269781948,0.3785093782,6.427066619,6.427066619,8.302455809,8.337006945,8.379553642,8.434811322,8.441103893,5288.901838,231218.6281,64.03942206,349.4794633,909.5397944,1391.629338,2161.840314,4263.550179,7062.61638,142.1714039,5000,2500,5008,2500,3977.873992,31004.56283,481.0310565,481.0310565,482.6073884,484.5309891,490.0298452,980.174618,135997.4259,1761.088784,1372.311237,58.78656725,349.2178986,909.0636496,1390.875903,2159.72037,4248.530137,6952.709042
h200_80b_fp8_4_5000_2500_lmcache,RedHatAI/Qwen3-Next-80B-A3B-Instruct-FP8-dynamic,64,312.8690541,100,0.204558422,70.71642392,0,0,0,0.006393410113,0.006393410113,0.006393410113,0.006393410113,312.7224173,0.1986769762,311.9767137,311.9767137,312.7332542,312.816731,312.8211973,312.8242311,312.8264172,650.8060917,220.9790093,179.3291569,179.3291569,517.1113014,686.4583492,828.1910419,915.409565,932.0116043,12.11712244,0.1496611828,11.83006613,11.83006613,12.00238051,12.14621526,12.24786583,12.31282764,12.32873223,31089.9286,777205.6398,162.2235804,373.9745771,2572.269765,4026.820706,6424.514994,12724.99911,20519.02921,312.8690541,5000,2500,5008,969.109375,300810.4848,339698.8209,52050.7358,52050.7358,153158.4912,328949.5644,351220.1858,631048.3216,751577.0156,5040.821472,3918.768633,162.2235804,360.8890463,2557.873407,4010.753664,6385.425848,12461.97873,18544.12556
,,,,,,,,,,,,,,,,,,,,,,,,,,,,,,,,,,,,,,,,,,,,,,,,,,,,,,,,,,,,,,,,,,,,,,,,
h200_35b_fp8_2_1000_500_lmcache,RedHatAI/Qwen3.5-35B-A3B-FP8-dynamic,64,18.29034066,100,5.467366729,19.42551684,0,0,0,0.1928441788,0.5042616883,10.86415865,122.4292595,10.40931568,3.195852877,4.582963228,4.582963228,7.062087297,11.24296999,13.60665989,13.97754312,13.98624682,2142.839134,1823.931651,156.588316,156.588316,558.1638813,1368.202448,3687.021494,5514.716625,5865.038395,16.56555171,3.785209681,8.870213686,8.870213686,13.02661351,18.4501001,19.79112912,19.88950234,20.28634075,8328.022672,119112.5194,48.91658892,107.2081384,1315.653701,2160.898506,3533.533277,7410.431095,14463.11724,18.29034066,1000,500,1009.92,500,7369.334833,5202.148695,427.8955293,427.8955293,433.0678748,10731.9031,10900.79986,10998.89664,16295.51415,2757.769508,2304.205666,48.91658892,103.6116697,1300.55938,2144.327198,3489.437604,7108.989831,11683.29805
h200_35b_fp8_2_20000_5000_lmcache,RedHatAI/Qwen3.5-35B-A3B-FP8-dynamic,64,1413.977477,100,0.07072248437,2.090177302,0,0,0.03742163695,0.03743084419,0.03743823964,0.05928701855,0.07489298704,413.4189407,400.3889327,66.54803777,66.54803777,69.03769469,199.421783,701.9207799,1183.733825,1237.131819,369027.4374,416746.169,597.9001522,597.9001522,1661.044359,174322.2115,676823.9129,1158634.994,1212024.375,8.879934971,4.132395181,5.014095051,5.014095051,5.020755271,5.253770967,13.39403995,13.71408062,13.77982258,1769.510102,152747.1809,1.214425443,1.232805172,199.1408223,199.1786494,199.2119824,2894.943461,24730.26437,1413.977477,20000,5000,20009.89,5000,1441.333945,12267.20914,427.3307896,427.3307896,748.8231435,748.9794283,749.1100486,1195.44075,1498.203943,353.762072,849.3171647,1.206411408,1.227187638,199.1408223,199.1776504,199.2082689,1056.769771,4461.182485
h200_35b_fp8_4_10000_5000_lmcache,RedHatAI/Qwen3.5-35B-A3B-FP8-dynamic,64,349.8165197,100,0.1829530522,51.53077308,0,0,0,0.01143624817,0.01143624817,0.01143624817,0.01143624817,349.002246,0.8209723731,347.3228126,347.3228126,348.2846611,349.2913582,349.764647,349.7676008,349.7696261,1519.873444,1218.404625,0,0,0,1568.365812,2750.463247,3116.994858,3260.719776,7.291247227,5.135955991,0,0,0,10.70334582,11.01766921,11.23500049,11.28901386,2651.532568,273628.5375,0.01330785022,0.01330785022,0.01330785022,99.71515374,99.71515374,4009.85086,8376.627221,349.8165197,10000,5000,10007,4480.296875,1831.527761,147992.0051,57.92126465,57.92126465,57.92126465,57.95930936,57.95930936,57.95930936,106724.4787,820.0048069,73788.26107,0.01330785022,0.01330785022,0.01330785022,33.23838458,33.23838458,4003.105722,8331.894341
h200_35b_fp8_8_20000_5000_lmcache,RedHatAI/Qwen3.5-35B-A3B-FP8-dynamic,64,1396.880763,100,0.07158807154,1.605911101,0,0,0.03771663157,0.03775580019,0.03777494059,0.03780905263,0.07552211456,381.4000069,400.9252568,68.17505407,68.17505407,69.29214764,70.20376348,664.1051068,1193.211251,1272.285245,334349.0595,418293.864,92.99230576,92.99230576,124.5045662,765.9258842,639080.9281,1168179.79,1247255.877,9.411870158,4.406625555,4.996689922,4.996689922,5.005759939,5.018602493,13.84215475,13.91035067,13.91797577,1791.078009,154082.9532,1.056092346,1.368931234,199.7169021,199.7763277,199.8760143,2978.812599,27462.82566,1396.880763,20000,5000,20009.89,5000,1459.156255,20434.805,415.3165454,415.3165454,754.9557092,755.4303258,755.8772556,756.2872355,1509.886102,358.0739477,935.6643031,1.054831945,1.353471513,199.7097419,199.7668127,199.860582,767.7190591,4914.964976
h200_80b_fp8_4_20000_5000_lmcache,RedHatAI/Qwen3-Next-80B-A3B-Instruct-FP8-dynamic,64,1689.197674,100,0.05919970265,1.266070676,0,0,0.03122073083,0.03125666014,0.03128270382,0.06248363908,0.06260720184,495.65287,477.2751897,79.08895445,79.08895445,80.42697787,238.2189286,869.4475999,1382.965184,1478.664308,442805.6954,496752.5775,108.3750725,108.3750725,358.9394093,207749.0461,838963.5448,1352423.691,1448228.742,10.5714825,4.892973091,6.086959436,6.086959436,6.09717247,6.363064748,15.99763503,16.04488316,16.05327822,1480.959074,148085.6167,1.139891918,1.325109831,163.9131865,164.0913973,164.2606942,1960.105384,26427.41648,1689.197674,20000,5000,20008,5000,1206.654578,18048.7245,356.045696,356.045696,624.5840357,625.4271561,625.8823561,1250.341278,1251.806482,296.0970637,712.4904872,1.13306283,1.317992849,163.8963173,164.0589805,164.2304539,315.9453008,3710.172175
h200_80b_fp8_8_20000_5000_lmcache,RedHatAI/Qwen3-Next-80B-A3B-Instruct-FP8-dynamic,64,365.3487573,100,0.1751750861,46.14215177,0,0,0,0.0109502478,0.0109502478,0.0109502478,0.0109502478,362.979312,1.996100564,358.673233,358.673233,361.2227197,363.3132355,364.8567135,365.2920678,365.2944891,283.8917784,291.451698,0,0,0,152.438879,557.7263832,822.8259087,881.9527626,11.47712456,8.638827049,0,0,0,17.9223653,18.00829415,18.05812112,18.07238124,4192.586624,442227.9577,0.01335576828,0.01335576828,0.01335576828,165.8032614,165.8032614,2838.835884,5802.216129,365.3487573,20000,5000,20005.75,3888.640625,3510.273234,284680.5687,110.6425239,110.6425239,110.6425239,110.6529374,110.6529374,110.6529374,110.6529374,682.31339,70719.08619,0.01335576828,0.01335576828,0.01335576828,33.16065228,33.16065228,2832.426736,5757.182525
,,,,,,,,,,,,,,,,,,,,,,,,,,,,,,,,,,,,,,,,,,,,,,,,,,,,,,,,,,,,,,,,,,,,,,,,
h200_35b_fp8_8_20000_5000_lmcache,RedHatAI/Qwen3.5-35B-A3B-FP8-dynamic,32,308.9671319,100,0.1035708873,44.47180094,0,0,0,0.006534259134,0.006534259134,0.006534259134,0.006534259134,305.2530451,0.9660017107,302.6538224,302.6538224,304.6025763,305.5451765,306.0770872,306.0808313,306.0813246,930.7804331,553.5921037,111.3052368,111.3052368,340.4369354,1027.787447,1454.122066,1551.007509,1551.323175,9.813676026,0.4974156765,9.03837006,9.03837006,9.562107064,9.763488986,9.939268366,10.12568389,12.16237104,119753.8085,2265721.647,82.21868507,82.21868507,936.0196385,1905.63562,3289.650196,7626.007273,16777.216,308.9671319,20000,5000,20009.875,426.90625,208873.4477,408943.8344,35294.81009,35294.81009,35511.89147,41640.44445,81334.43071,1373033.129,1791687.617,2501.550937,2728.140838,82.21868507,82.21868507,924.2626708,1882.54219,3241.347759,7281.777778,13329.35593
h200_35b_fp8_8_20000_5000_lmcache,RedHatAI/Qwen3.5-35B-A3B-FP8-dynamic,64,344.664021,100,0.1856880791,49.126105,0,0,0,0.01160725421,0.01160725421,0.01160725421,0.01160725421,341.9747542,2.276189649,337.4742632,337.4742632,340.0667684,342.4140346,344.0765586,344.6163294,344.6201589,198.4738931,230.0196263,0,0,0,109.9710464,315.3002262,644.7148323,687.482357,7.131774415,5.629956913,0,0,0,11.54741536,11.58940359,11.62341922,11.63900773,4477.577679,624014.8966,0.02003136473,0.02003136473,0.02003136473,166.2212008,166.2212008,3459.793624,7568.097239,344.664021,20000,5000,20006.78125,4070.046875,3720.669379,414428.5162,117.4402502,117.4402502,117.4402502,117.4490387,117.4490387,117.4490387,80022.33957,756.9082997,103224.1916,0.02003136473,0.02003136473,0.02003136473,33.24424015,33.24424015,3454.945634,7536.264419
h200_80b_fp8_8_1000_500_lmcache,RedHatAI/Qwen3-Next-80B-A3B-Instruct-FP8-dynamic,32,190.462497,100,0.5250377454,1.51917596,0,0,0.3412220085,0.341285229,0.3413358611,0.567469983,11.43566338,45.82826292,36.47456748,5.279649973,5.279649973,7.195509672,37.19394684,82.46887779,93.78941512,93.78995037,42091.96724,37349.67103,141.5910721,141.5910721,1897.485733,34278.72992,79554.23021,90874.61567,90875.47278,7.487087536,2.198280586,5.834773929,5.834773929,5.839998115,5.841678035,10.50460219,10.78706705,10.79440547,792.4690521,20433.36621,77.07728006,144.3325533,171.1973699,171.2306065,171.2558962,540.1550547,3572.752579,190.462497,1000,500,1008,500,537.952905,1731.092117,258.1209904,258.1209904,343.9437261,344.0017393,344.061088,544.1977836,12596.25804,262.7549907,544.5518284,73.86418709,144.3325533,171.1973699,171.2305084,171.2558962,473.2266971,2755.118186
h200_80b_fp8_8_1000_500_lmcache,RedHatAI/Qwen3-Next-80B-A3B-Instruct-FP8-dynamic,8,214.8376212,100,0.4654678237,2.238879356,0,0.3108016033,0.3148393509,0.3151120513,0.3393189035,0.6050827305,2.716025591,16.29810669,10.08775739,3.817331076,3.817331076,4.053026199,23.56489182,25.39208722,25.44240403,25.52737522,12968.90722,10452.79809,127.0925999,127.0925999,170.1877117,20636.84368,22348.61016,22401.78084,22480.25775,6.670555132,0.7968826163,5.860237416,5.860237416,6.095712792,6.101178741,7.602069564,7.780334992,7.795972671,702.4289704,15539.25033,8.762554564,14.68110636,163.9171955,164.0362106,170.4380155,929.8959349,14696.56669,214.8376212,1000,500,1008,500,476.2732205,2243.069317,303.633674,303.633674,317.4047875,317.6309909,318.7239903,619.746844,2805.042632,232.9008522,306.313531,8.677696791,14.49545711,163.9153854,164.0322253,170.4031852,730.697125,1584.556055
h200_80b_fp8_8_1000_500_lmcache,RedHatAI/Qwen3-Next-80B-A3B-Instruct-FP8-dynamic,16,196.7785256,100,0.5081855335,1.310509431,0,0,0.3398050953,0.3399749277,0.3405725329,0.6592841831,7.511962031,27.95352072,18.97403629,3.77127862,3.77127862,5.423514128,38.24753165,47.05211568,47.06183457,47.06982923,24426.54046,19679.62741,155.0192833,155.0192833,696.2046623,34933.99405,44126.06287,44136.68728,44143.35227,7.067421003,1.616401626,5.838665074,5.838665074,5.862177732,5.866001985,9.339669424,9.449172354,9.52103095,766.949051,18018.06269,75.81883446,170.3759553,170.4920792,170.5694998,171.1627745,773.4507376,2643.86954,196.7785256,1000,500,1008,500,520.3955772,1341.541259,309.148667,309.148667,342.5127695,342.659481,343.3114417,594.783907,6831.268532,254.2934519,414.7898801,73.09696758,170.3759553,170.4918293,170.5694998,170.8056687,690.5842058,2178.859221
h200_80b_fp8_8_1000_500_lmcache,RedHatAI/Qwen3-Next-80B-A3B-Instruct-FP8-dynamic,64,187.67858,100,0.5328258556,1.532373546,0,0,0.3412466331,0.3413055023,0.3413473339,0.3755958144,10.94626956,61.22754433,56.946699,5.695420027,5.695420027,7.821274519,41.16884923,107.8064208,164.769737,173.3269956,57226.9309,57980.35842,213.5419846,213.5419846,1970.737696,38254.79293,104891.4969,161855.1378,170412.9124,8.016514291,2.745476426,5.836839427,5.836839427,5.839725296,5.841911197,11.4452428,11.71862625,11.73597873,804.450534,19185.21329,71.56839848,141.6952385,171.2071589,171.2350054,171.2583485,332.7174353,3890.495778,187.67858,1000,500,1008,500,546.2141552,1739.6886,234.7032233,234.7032233,343.9784253,344.0399777,344.0712242,352.1194781,12452.01758,266.7276306,602.8050981,71.56839848,141.6952385,171.2043159,171.2323296,171.2558962,332.6915731,3081.477947
h200_80b_fp8_8_10000_5000_lmcache,RedHatAI/Qwen3-Next-80B-A3B-Instruct-FP8-dynamic,64,344.6961627,100,0.1856707644,45.24431694,0,0,0,0.01740948801,0.01740948801,0.01740948801,0.01740948801,343.7659545,0.9189579995,341.6812046,341.6812046,342.9256811,344.0762107,344.6390817,344.6434734,344.6473923,372.5852072,336.9780488,0,0,0,342.4227238,755.8374405,850.2628803,897.0372677,8.055202716,7.439187163,0,0,0,14.87712283,14.92668597,14.96804531,14.98362911,2521.897499,371573.3616,0.00669500973,0.00669500973,0.00669500973,99.64954634,99.64954634,2647.761785,5801.250346,344.6961627,10000,5000,10005.375,3564.515625,1859.449784,213699.5362,58.27070401,58.27070401,58.27070401,58.31047655,58.31047655,58.31047655,58.31047655,662.4477151,106083.0586,0.00669500973,0.00669500973,0.00669500973,33.21651545,33.21651545,2644.651425,5773.835742
h200_80b_fp8_8_20000_5000_lmcache,RedHatAI/Qwen3-Next-80B-A3B-Instruct-FP8-dynamic,32,345.1449683,100,0.09271466468,30.22288683,0,0,0,0.005842829529,0.005842829529,0.005842829529,0.005842829529,341.4661061,0.9645139542,338.9726079,338.9726079,340.7704692,341.82552,342.2997038,342.3030331,342.3032005,1230.759956,595.9383239,149.7638226,149.7638226,682.9981804,1410.128117,1710.74748,1855.081081,1884.998083,13.11302365,0.09282380259,12.97774542,12.97774542,13.06056773,13.11407433,13.15753732,13.18517075,13.51644654,17747.83471,652858.9912,73.98361735,73.98361735,1207.827187,1838.591756,2913.441167,5845.171432,9742.975135,345.1449683,20000,5000,20008,3058.8125,220525.5704,260210.6266,37929.93257,37929.93257,38751.44911,45133.27304,436102.4701,679390.185,759522.4403,2353.480728,1897.24306,73.98361735,73.98361735,1206.11612,1835.590297,2906.026406,5801.528196,9417.486119
h200_80b_fp8_8_20000_5000_lmcache,RedHatAI/Qwen3-Next-80B-A3B-Instruct-FP8-dynamic,64,1881.916339,100,0.05313732494,0.9640572605,0,0,0.02803668724,0.02806071452,0.02808779595,0.05404303715,0.05615767149,547.2617029,541.6454281,90.7271831,90.7271831,92.07151508,232.6213994,933.4575763,1609.337488,1751.717737,487264.2993,564695.8239,134.116888,134.116888,177.4945259,199970.3271,899361.4008,1576589.336,1719001.599,12.00176802,5.863458199,6.529225614,6.529225614,6.549666466,6.827094217,18.36270312,18.45408902,18.46504412,1329.235401,125519.2324,0.6753161189,0.6915992841,152.5508082,152.7188641,152.940481,3131.049834,13867.52634,1881.916339,20000,5000,20008,5000,1082.315262,13757.10112,309.8702045,309.8702045,561.0162848,561.5150998,561.9219488,1081.053073,1124.544886,265.7620364,648.0556393,0.6753135094,0.6880935792,152.5415189,152.6937424,152.8425042,295.2975271,3356.125301